#
# A fatal error has been detected by the Java Runtime Environment:
#
#  SIGSEGV (0xb) at pc=0x000079db4aea9cd2, pid=183816, tid=183880
#
# JRE version: OpenJDK Runtime Environment (17.0.20.1+1) (build 17.0.20.1+1-1-24.04-Ubuntu)
# Java VM: OpenJDK 64-Bit Server VM (17.0.20.1+1-1-24.04-Ubuntu, mixed mode, emulated-client, sharing, tiered, compressed oops, compressed class ptrs, g1 gc, linux-amd64)
# Problematic frame:
# C  [libtesseract.so+0xa9cd2]  tesseract::Tesseract::recog_all_words(tesseract::PAGE_RES*, tesseract::ETEXT_DESC*, tesseract::TBOX const*, char const*, int)+0x442
#
# Core dump will be written. Default location: Determined by the following: "/usr/share/apport/apport -p%p -s%s -c%c -d%d -P%P -u%u -g%g -F%F -- %E" (alternatively, falling back to /home/amolkatte/OCR_Reader/core.183816)
#
# If you would like to submit a bug report, please visit:
#   https://bugs.launchpad.net/ubuntu/+source/openjdk-17
# The crash happened outside the Java Virtual Machine in native code.
# See problematic frame for where to report the bug.
#

---------------  S U M M A R Y ------------

Command Line: -XX:+ShowCodeDetailsInExceptionMessages -agentlib:jdwp=transport=dt_socket,suspend=y,address=localhost:33827 -Dcom.sun.management.jmxremote -Dcom.sun.management.jmxremote.port=34473 -Dcom.sun.management.jmxremote.authenticate=false -Dcom.sun.management.jmxremote.ssl=false -Djava.rmi.server.hostname=localhost -Dspring.jmx.enabled=true -Dmanagement.endpoints.jmx.exposure.include=* -Dspring.application.admin.enabled=true -Djava.security.egd=file:/dev/./urandom -XX:TieredStopAtLevel=1 -Dspring.boot.project.name=OCR_Reader -javaagent:/home/amolkatte/spring-tool-suite-4-4.25.0.RELEASE-e4.33.0-linux.gtk.x86_64/sts-4.25.0.RELEASE/configuration/org.eclipse.osgi/267/0/.cp/lib/javaagent-shaded.jar -Dfile.encoding=UTF-8 -Dstdout.encoding=UTF-8 -Dstderr.encoding=UTF-8 com.OCR.Reader.OcrReaderApplication --spring.output.ansi.enabled=always

Host: AMD Ryzen 5 5625U with Radeon Graphics, 12 cores, 14G, Ubuntu 24.04.4 LTS
Time: Thu Oct  1 01:12:24 2026 IST elapsed time: 17.404317 seconds (0d 0h 0m 17s)

---------------  T H R E A D  ---------------

Current thread (0x000079db8c938f70):  JavaThread "http-nio-8080-exec-2" daemon [_thread_in_native, id=183880, stack(0x000079dbf81f4000,0x000079dbf82f4000)]

Stack: [0x000079dbf81f4000,0x000079dbf82f4000],  sp=0x000079dbf82ef3a0,  free space=1004k
Native frames: (J=compiled Java code, j=interpreted, Vv=VM code, C=native code)
C  [libtesseract.so+0xa9cd2]  tesseract::Tesseract::recog_all_words(tesseract::PAGE_RES*, tesseract::ETEXT_DESC*, tesseract::TBOX const*, char const*, int)+0x442
C  [libtesseract.so+0x832a6]  tesseract::TessBaseAPI::Recognize(tesseract::ETEXT_DESC*)+0x1a6
C  [libtesseract.so+0x83857]  tesseract::TessBaseAPI::GetUTF8Text()+0x227
C  [jna4448598083407619367.tmp+0x139c2]

Java frames: (J=compiled Java code, j=interpreted, Vv=VM code)
j  com.sun.jna.Native.invokePointer(Lcom/sun/jna/Function;JI[Ljava/lang/Object;)J+0
j  com.sun.jna.Function.invokePointer(I[Ljava/lang/Object;)Lcom/sun/jna/Pointer;+7
j  com.sun.jna.Function.invoke([Ljava/lang/Object;Ljava/lang/Class;ZI)Ljava/lang/Object;+385
j  com.sun.jna.Function.invoke(Ljava/lang/reflect/Method;[Ljava/lang/Class;Ljava/lang/Class;[Ljava/lang/Object;Ljava/util/Map;)Ljava/lang/Object;+271
j  com.sun.jna.Library$Handler.invoke(Ljava/lang/Object;Ljava/lang/reflect/Method;[Ljava/lang/Object;)Ljava/lang/Object;+390
j  jdk.proxy2.$Proxy69.TessBaseAPIGetUTF8Text(Lnet/sourceforge/tess4j/ITessAPI$TessBaseAPI;)Lcom/sun/jna/Pointer;+16 jdk.proxy2
j  net.sourceforge.tess4j.Tesseract.getOCRText(Ljava/lang/String;I)Ljava/lang/String;+62
j  net.sourceforge.tess4j.Tesseract.doOCR(Ljava/util/List;Ljava/lang/String;Ljava/awt/Rectangle;)Ljava/lang/String;+69
j  net.sourceforge.tess4j.Tesseract.doOCR(Ljava/io/File;Ljava/awt/Rectangle;)Ljava/lang/String;+10
j  net.sourceforge.tess4j.Tesseract.doOCR(Ljava/io/File;)Ljava/lang/String;+3
j  com.OCR.Reader.util.OCRProcessor.extractTextFromImage(Ljava/io/File;)Ljava/lang/String;+99
j  com.OCR.Reader.service.impl.OCRServiceImpl.processImage(Lorg/springframework/web/multipart/MultipartFile;)Lcom/OCR/Reader/pojo/OCRResult;+35
j  com.OCR.Reader.controller.OCRController.handleFileUpload(Lorg/springframework/web/multipart/MultipartFile;)Lcom/OCR/Reader/pojo/OCRResult;+5
v  ~StubRoutines::call_stub
J 3695  jdk.internal.reflect.NativeMethodAccessorImpl.invoke0(Ljava/lang/reflect/Method;Ljava/lang/Object;[Ljava/lang/Object;)Ljava/lang/Object; java.base@17.0.20.1 (0 bytes) @ 0x000079dc6cc7383f [0x000079dc6cc737c0+0x000000000000007f]
j  jdk.internal.reflect.NativeMethodAccessorImpl.invoke(Ljava/lang/Object;[Ljava/lang/Object;)Ljava/lang/Object;+133 java.base@17.0.20.1
J 3882 c1 jdk.internal.reflect.DelegatingMethodAccessorImpl.invoke(Ljava/lang/Object;[Ljava/lang/Object;)Ljava/lang/Object; java.base@17.0.20.1 (10 bytes) @ 0x000079dc6ccbdb24 [0x000079dc6ccbdac0+0x0000000000000064]
J 3915 c1 java.lang.reflect.Method.invoke(Ljava/lang/Object;[Ljava/lang/Object;)Ljava/lang/Object; java.base@17.0.20.1 (65 bytes) @ 0x000079dc6ccca884 [0x000079dc6ccca760+0x0000000000000124]
j  org.springframework.web.method.support.InvocableHandlerMethod.doInvoke([Ljava/lang/Object;)Ljava/lang/Object;+55
j  org.springframework.web.method.support.InvocableHandlerMethod.invokeForRequest(Lorg/springframework/web/context/request/NativeWebRequest;Lorg/springframework/web/method/support/ModelAndViewContainer;[Ljava/lang/Object;)Ljava/lang/Object;+82
j  org.springframework.web.servlet.mvc.method.annotation.ServletInvocableHandlerMethod.invokeAndHandle(Lorg/springframework/web/context/request/ServletWebRequest;Lorg/springframework/web/method/support/ModelAndViewContainer;[Ljava/lang/Object;)V+4
j  org.springframework.web.servlet.mvc.method.annotation.RequestMappingHandlerAdapter.invokeHandlerMethod(Ljakarta/servlet/http/HttpServletRequest;Ljakarta/servlet/http/HttpServletResponse;Lorg/springframework/web/method/HandlerMethod;)Lorg/springframework/web/servlet/ModelAndView;+309
j  org.springframework.web.servlet.mvc.method.annotation.RequestMappingHandlerAdapter.handleInternal(Ljakarta/servlet/http/HttpServletRequest;Ljakarta/servlet/http/HttpServletResponse;Lorg/springframework/web/method/HandlerMethod;)Lorg/springframework/web/servlet/ModelAndView;+81
j  org.springframework.web.servlet.mvc.method.AbstractHandlerMethodAdapter.handle(Ljakarta/servlet/http/HttpServletRequest;Ljakarta/servlet/http/HttpServletResponse;Ljava/lang/Object;)Lorg/springframework/web/servlet/ModelAndView;+7
j  org.springframework.web.servlet.DispatcherServlet.doDispatch(Ljakarta/servlet/http/HttpServletRequest;Ljakarta/servlet/http/HttpServletResponse;)V+304
j  org.springframework.web.servlet.DispatcherServlet.doService(Ljakarta/servlet/http/HttpServletRequest;Ljakarta/servlet/http/HttpServletResponse;)V+242
j  org.springframework.web.servlet.FrameworkServlet.processRequest(Ljakarta/servlet/http/HttpServletRequest;Ljakarta/servlet/http/HttpServletResponse;)V+70
j  org.springframework.web.servlet.FrameworkServlet.doPost(Ljakarta/servlet/http/HttpServletRequest;Ljakarta/servlet/http/HttpServletResponse;)V+3
j  jakarta.servlet.http.HttpServlet.service(Ljakarta/servlet/http/HttpServletRequest;Ljakarta/servlet/http/HttpServletResponse;)V+150
j  org.springframework.web.servlet.FrameworkServlet.service(Ljakarta/servlet/http/HttpServletRequest;Ljakarta/servlet/http/HttpServletResponse;)V+20
j  jakarta.servlet.http.HttpServlet.service(Ljakarta/servlet/ServletRequest;Ljakarta/servlet/ServletResponse;)V+37
j  org.apache.catalina.core.ApplicationFilterChain.internalDoFilter(Ljakarta/servlet/ServletRequest;Ljakarta/servlet/ServletResponse;)V+300
j  org.apache.catalina.core.ApplicationFilterChain.doFilter(Ljakarta/servlet/ServletRequest;Ljakarta/servlet/ServletResponse;)V+99
j  org.apache.tomcat.websocket.server.WsFilter.doFilter(Ljakarta/servlet/ServletRequest;Ljakarta/servlet/ServletResponse;Ljakarta/servlet/FilterChain;)V+21
j  org.apache.catalina.core.ApplicationFilterChain.internalDoFilter(Ljakarta/servlet/ServletRequest;Ljakarta/servlet/ServletResponse;)V+130
j  org.apache.catalina.core.ApplicationFilterChain.doFilter(Ljakarta/servlet/ServletRequest;Ljakarta/servlet/ServletResponse;)V+99
j  org.springframework.web.filter.RequestContextFilter.doFilterInternal(Ljakarta/servlet/http/HttpServletRequest;Ljakarta/servlet/http/HttpServletResponse;Ljakarta/servlet/FilterChain;)V+21
j  org.springframework.web.filter.OncePerRequestFilter.doFilter(Ljakarta/servlet/ServletRequest;Ljakarta/servlet/ServletResponse;Ljakarta/servlet/FilterChain;)V+150
j  org.apache.catalina.core.ApplicationFilterChain.internalDoFilter(Ljakarta/servlet/ServletRequest;Ljakarta/servlet/ServletResponse;)V+130
j  org.apache.catalina.core.ApplicationFilterChain.doFilter(Ljakarta/servlet/ServletRequest;Ljakarta/servlet/ServletResponse;)V+99
j  org.springframework.web.filter.FormContentFilter.doFilterInternal(Ljakarta/servlet/http/HttpServletRequest;Ljakarta/servlet/http/HttpServletResponse;Ljakarta/servlet/FilterChain;)V+38
j  org.springframework.web.filter.OncePerRequestFilter.doFilter(Ljakarta/servlet/ServletRequest;Ljakarta/servlet/ServletResponse;Ljakarta/servlet/FilterChain;)V+150
j  org.apache.catalina.core.ApplicationFilterChain.internalDoFilter(Ljakarta/servlet/ServletRequest;Ljakarta/servlet/ServletResponse;)V+130
j  org.apache.catalina.core.ApplicationFilterChain.doFilter(Ljakarta/servlet/ServletRequest;Ljakarta/servlet/ServletResponse;)V+99
j  org.springframework.web.filter.CharacterEncodingFilter.doFilterInternal(Ljakarta/servlet/http/HttpServletRequest;Ljakarta/servlet/http/HttpServletResponse;Ljakarta/servlet/FilterChain;)V+53
j  org.springframework.web.filter.OncePerRequestFilter.doFilter(Ljakarta/servlet/ServletRequest;Ljakarta/servlet/ServletResponse;Ljakarta/servlet/FilterChain;)V+150
j  org.apache.catalina.core.ApplicationFilterChain.internalDoFilter(Ljakarta/servlet/ServletRequest;Ljakarta/servlet/ServletResponse;)V+130
j  org.apache.catalina.core.ApplicationFilterChain.doFilter(Ljakarta/servlet/ServletRequest;Ljakarta/servlet/ServletResponse;)V+99
j  org.apache.catalina.core.StandardWrapperValve.invoke(Lorg/apache/catalina/connector/Request;Lorg/apache/catalina/connector/Response;)V+514
j  org.apache.catalina.core.StandardContextValve.invoke(Lorg/apache/catalina/connector/Request;Lorg/apache/catalina/connector/Response;)V+169
j  org.apache.catalina.authenticator.AuthenticatorBase.invoke(Lorg/apache/catalina/connector/Request;Lorg/apache/catalina/connector/Response;)V+221
j  org.apache.catalina.core.StandardHostValve.invoke(Lorg/apache/catalina/connector/Request;Lorg/apache/catalina/connector/Response;)V+131
j  org.apache.catalina.valves.ErrorReportValve.invoke(Lorg/apache/catalina/connector/Request;Lorg/apache/catalina/connector/Response;)V+6
j  org.apache.catalina.core.StandardEngineValve.invoke(Lorg/apache/catalina/connector/Request;Lorg/apache/catalina/connector/Response;)V+59
j  org.apache.catalina.connector.CoyoteAdapter.service(Lorg/apache/coyote/Request;Lorg/apache/coyote/Response;)V+188
j  org.apache.coyote.http11.Http11Processor.service(Lorg/apache/tomcat/util/net/SocketWrapperBase;)Lorg/apache/tomcat/util/net/AbstractEndpoint$Handler$SocketState;+796
j  org.apache.coyote.AbstractProcessorLight.process(Lorg/apache/tomcat/util/net/SocketWrapperBase;Lorg/apache/tomcat/util/net/SocketEvent;)Lorg/apache/tomcat/util/net/AbstractEndpoint$Handler$SocketState;+155
j  org.apache.coyote.AbstractProtocol$ConnectionHandler.process(Lorg/apache/tomcat/util/net/SocketWrapperBase;Lorg/apache/tomcat/util/net/SocketEvent;)Lorg/apache/tomcat/util/net/AbstractEndpoint$Handler$SocketState;+482
j  org.apache.tomcat.util.net.NioEndpoint$SocketProcessor.doRun()V+249
j  org.apache.tomcat.util.net.SocketProcessorBase.run()V+32
j  org.apache.tomcat.util.threads.ThreadPoolExecutor.runWorker(Lorg/apache/tomcat/util/threads/ThreadPoolExecutor$Worker;)V+92
j  org.apache.tomcat.util.threads.ThreadPoolExecutor$Worker.run()V+5
j  org.apache.tomcat.util.threads.TaskThread$WrappingRunnable.run()V+4
j  java.lang.Thread.run()V+11 java.base@17.0.20.1
v  ~StubRoutines::call_stub

siginfo: si_signo: 11 (SIGSEGV), si_code: 1 (SEGV_MAPERR), si_addr: 0x000000000000000c

Registers:
RAX=0x0000000000000000, RBX=0x000079dbf82ef400, RCX=0x0000000000000000, RDX=0x0000000000000000
RSP=0x000079dbf82ef3a0, RBP=0x000079dbf82ef580, RSI=0x0000000000000000, RDI=0x000079dbf82ef4b0
R8 =0x0000000000000000, R9 =0x0000000000000000, R10=0x000079db52050f50, R11=0x0000000000000210
R12=0x000079db50122760, R13=0x000079db5207ba60, R14=0x0000000000000001, R15=0x000079dbf82ef7d0
RIP=0x000079db4aea9cd2, EFLAGS=0x0000000000010246, CSGSFS=0x002b000000000033, ERR=0x0000000000000004
  TRAPNO=0x000000000000000e

XMM[0]=0x000079db52041d00 0x000079db520c7ee0
XMM[1]=0x0000000000000000 0x0000000000000000
XMM[2]=0x010000000079db52 0x041d00000079db52
XMM[3]=0x000079db5206a240 0x000079db52042210
XMM[4]=0x000079db520c7ee0 0x000079db52042230
XMM[5]=0x000079db52070560 0x000079db52041d00
XMM[6]=0x000000000079db52 0x041d00000079db52
XMM[7]=0x000079db520c7ee0 0x000079db520c7ce0
XMM[8]=0x007f80007f80007f 0x74007f50007f4000
XMM[9]=0x0000000000000000 0x0000000040a33333
XMM[10]=0x0000000000000000 0x0000000080000000
XMM[11]=0x0000000000000000 0x0000000040233333
XMM[12]=0x0000000000000000 0x0000000000000000
XMM[13]=0x0000000000000000 0x000000003f800000
XMM[14]=0x0000000000000000 0x000000003f800000
XMM[15]=0x0000000000000000 0x0000000000000000
  MXCSR=0x00001fa0


Register to memory mapping:

RAX=0x0 is NULL
RBX=0x000079dbf82ef400 is pointing into the stack for thread: 0x000079db8c938f70
RCX=0x0 is NULL
RDX=0x0 is NULL
RSP=0x000079dbf82ef3a0 is pointing into the stack for thread: 0x000079db8c938f70
RBP=0x000079dbf82ef580 is pointing into the stack for thread: 0x000079db8c938f70
RSI=0x0 is NULL
RDI=0x000079dbf82ef4b0 is pointing into the stack for thread: 0x000079db8c938f70
R8 =0x0 is NULL
R9 =0x0 is NULL
R10=0x000079db52050f50 points into unknown readable memory: 0x0000000000001bd0 | d0 1b 00 00 00 00 00 00
R11=0x0000000000000210 is an unknown value
R12=0x000079db50122760 points into unknown readable memory: 0x000079db4b101428 | 28 14 10 4b db 79 00 00
R13=0x000079db5207ba60 points into unknown readable memory: 0x0000000000000000 | 00 00 00 00 00 00 00 00
R14=0x0000000000000001 is an unknown value
R15=0x000079dbf82ef7d0 is pointing into the stack for thread: 0x000079db8c938f70


Top of Stack: (sp=0x000079dbf82ef3a0)
0x000079dbf82ef3a0:   0000000000000000 0000000000000000
0x000079dbf82ef3b0:   000079db520cecc8 0000000000000000
0x000079dbf82ef3c0:   000079db5207ba60 00000000520cec30
0x000079dbf82ef3d0:   000079db520cebc0 0000000000000000
0x000079dbf82ef3e0:   0000000000000000 5e9586ec1673df00
0x000079dbf82ef3f0:   0000000000000001 000079db5203b3e0
0x000079dbf82ef400:   000079db5207ba60 0000000000000000
0x000079dbf82ef410:   0000000000000000 0000000000000000
0x000079dbf82ef420:   000079db52041d00 000079db52042210
0x000079dbf82ef430:   000079db5206a240 000079db520c7ce0
0x000079dbf82ef440:   000079db52042210 000079db5206a240
0x000079dbf82ef450:   000079db5207ba68 000079db5206a240
0x000079dbf82ef460:   000079db5206a240 000079db5206a240
0x000079dbf82ef470:   000079db5206a240 000079db52000000
0x000079dbf82ef480:   000079db5206a268 000079db5203b3e0
0x000079dbf82ef490:   000079db52042210 000079db52053160
0x000079dbf82ef4a0:   000079db52042210 000079db52000000
0x000079dbf82ef4b0:   000079db52042230 000079db520c7ce0
0x000079dbf82ef4c0:   000079db520c7ee0 000079db52041d00
0x000079dbf82ef4d0:   000079db52041d00 000079db52010000
0x000079dbf82ef4e0:   000079db52042230 000079db520c7ee0
0x000079dbf82ef4f0:   000079db52041d00 000079db52070560
0x000079dbf82ef500:   000079db52041d00 0000000000000000
0x000079dbf82ef510:   000079db52042230 000079db52094430
0x000079dbf82ef520:   000079db520c7ce0 000079db520c7ee0
0x000079dbf82ef530:   000079db52041d00 000079db4a010000
0x000079dbf82ef540:   0000000000000000 5e9586ec1673df00
0x000079dbf82ef550:   0000000000000000 000079db5011d810
0x000079dbf82ef560:   0000000000000000 000079db5207ba60
0x000079dbf82ef570:   0000000000000001 000079dbf82ef7d0
0x000079dbf82ef580:   000079dbf82ef610 000079db4ae832a6
0x000079dbf82ef590:   000079dbf82ef78c 0000000000000000 

Instructions: (pc=0x000079db4aea9cd2)
0x000079db4aea9bd2:   08 48 85 d2 74 04 48 8b 52 08 48 8b 80 20 01 00
0x000079db4aea9be2:   00 48 85 c0 74 c0 8b 48 74 85 c9 74 b9 48 8b 40
0x000079db4aea9bf2:   10 48 8d 0c 88 66 0f 1f 84 00 00 00 00 00 8b 30
0x000079db4aea9c02:   85 f6 75 aa 48 83 c0 04 48 39 c1 75 f1 48 85 d2
0x000079db4aea9c12:   74 94 8b 42 10 8d 50 ff 83 fa 02 76 89 83 f8 06
0x000079db4aea9c22:   74 84 8d 50 f9 83 fa 01 0f 86 78 ff ff ff 83 f8
0x000079db4aea9c32:   05 0f 85 77 ff ff ff e9 6a ff ff ff 66 90 48 83
0x000079db4aea9c42:   bd 58 fe ff ff 00 74 10 48 8b 85 58 fe ff ff ba
0x000079db4aea9c52:   64 00 00 00 66 89 50 02 b8 01 00 00 00 48 8b 55
0x000079db4aea9c62:   c8 64 48 2b 14 25 28 00 00 00 0f 85 e7 05 00 00
0x000079db4aea9c72:   48 81 c4 b8 01 00 00 5b 41 5c 41 5d 41 5e 41 5f
0x000079db4aea9c82:   5d c3 0f 1f 40 00 48 83 bd 58 fe ff ff 00 0f 84
0x000079db4aea9c92:   22 03 00 00 48 8b 95 38 fe ff ff 48 89 de 4c 89
0x000079db4aea9ca2:   e7 e8 c8 55 00 00 e9 bd fe ff ff 0f 1f 00 31 f6
0x000079db4aea9cb2:   48 89 df e8 96 3f 07 00 41 8b 84 24 68 15 00 00
0x000079db4aea9cc2:   85 c0 0f 8f 89 02 00 00 49 8b 84 24 00 0a 00 00
0x000079db4aea9cd2:   80 78 0c 00 0f 85 70 05 00 00 4d 8b ac 24 68 4b
0x000079db4aea9ce2:   02 00 4d 8b bc 24 60 4b 02 00 4d 39 ef 75 21 eb
0x000079db4aea9cf2:   3a 0f 1f 44 00 00 48 8b 97 00 0a 00 00 80 7a 0c
0x000079db4aea9d02:   00 0f 85 87 02 00 00 49 83 c7 08 4d 39 fd 74 1b
0x000079db4aea9d12:   49 8b 3f 8b 87 68 15 00 00 85 c0 7e d9 e8 dc ce
0x000079db4aea9d22:   08 00 49 83 c7 08 4d 39 fd 75 e5 4c 8d bd 60 fe
0x000079db4aea9d32:   ff ff 66 0f ef c0 be 01 00 00 00 4c 8b 85 40 fe
0x000079db4aea9d42:   ff ff 48 8b 8d 28 fe ff ff 48 8b 95 38 fe ff ff
0x000079db4aea9d52:   4d 89 f9 4c 89 e7 48 c7 85 70 fe ff ff 00 00 00
0x000079db4aea9d62:   00 0f 29 85 60 fe ff ff e8 e1 56 ff ff 45 8b b4
0x000079db4aea9d72:   24 a4 3b 02 00 45 85 f6 74 0b 4c 89 fe 4c 89 e7
0x000079db4aea9d82:   e8 c9 21 04 00 48 8b 85 68 fe ff ff 45 31 ed 4d
0x000079db4aea9d92:   89 f8 48 89 d9 48 2b 85 60 fe ff ff 4c 89 e7 48
0x000079db4aea9da2:   ba cd cc cc cc cc cc cc cc 41 c7 84 24 34 4b 02
0x000079db4aea9db2:   00 00 00 00 00 48 c1 f8 04 4d 89 a4 24 78 4b 02
0x000079db4aea9dc2:   00 be 01 00 00 00 49 c7 84 24 24 4b 02 00 00 00 


Stack slot to memory mapping:
stack at sp + 0 slots: 0x0 is NULL
stack at sp + 1 slots: 0x0 is NULL
stack at sp + 2 slots: 0x000079db520cecc8 points into unknown readable memory: 0x000079db520cec30 | 30 ec 0c 52 db 79 00 00
stack at sp + 3 slots: 0x0 is NULL
stack at sp + 4 slots: 0x000079db5207ba60 points into unknown readable memory: 0x0000000000000000 | 00 00 00 00 00 00 00 00
stack at sp + 5 slots: 0x00000000520cec30 is an unknown value
stack at sp + 6 slots: 0x000079db520cebc0 points into unknown readable memory: 0x000079db520cec30 | 30 ec 0c 52 db 79 00 00
stack at sp + 7 slots: 0x0 is NULL


Compiled method (n/a) 17409 3695     n 0       jdk.internal.reflect.NativeMethodAccessorImpl::invoke0 (native)
 total in heap  [0x000079dc6cc73610,0x000079dc6cc73a58] = 1096
 relocation     [0x000079dc6cc73770,0x000079dc6cc737a8] = 56
 main code      [0x000079dc6cc737c0,0x000079dc6cc73a58] = 664

[Constant Pool (empty)]

[MachCode]
[Entry Point]
  # {method} {0x000079dbff1d6838} 'invoke0' '(Ljava/lang/reflect/Method;Ljava/lang/Object;[Ljava/lang/Object;)Ljava/lang/Object;' in 'jdk/internal/reflect/NativeMethodAccessorImpl'
  # parm0:    rsi:rsi   = 'java/lang/reflect/Method'
  # parm1:    rdx:rdx   = 'java/lang/Object'
  # parm2:    rcx:rcx   = '[Ljava/lang/Object;'
  #           [sp+0x50]  (sp of caller)
  0x000079dc6cc737c0: 448b 5608 | 49bb 0000 | 00ff db79 | 0000 4d03 | d349 3bc2 | 0f84 0600 

  0x000079dc6cc737d8: ;   {runtime_call ic_miss_stub}
  0x000079dc6cc737d8: 0000 e9a1 | d57d ff90 
[Verified Entry Point]
  0x000079dc6cc737e0: 8984 2400 | c0fe ff55 | 488b ec48 | 83ec 4048 | 894c 2410 | 4883 f900 | 4c8d 4424 | 104c 0f44 
  0x000079dc6cc73800: 4424 1048 | 8954 2408 | 4883 fa00 | 488d 4c24 | 0848 0f44 | 4c24 0848 | 8934 2448 | 83fe 0048 
  0x000079dc6cc73820: 8d14 2448 | 0f44 1424 

  0x000079dc6cc73828: ;   {oop(a 'java/lang/Class'{0x00000007ffd170b8} = 'jdk/internal/reflect/NativeMethodAccessorImpl')}
  0x000079dc6cc73828: 49be b870 | d1ff 0700 | 0000 4c89 | 7424 304c | 8d74 2430 | 498b f6c5 

  0x000079dc6cc73840: ;   {internal_word}
  0x000079dc6cc73840: f877 49ba | 3f38 c76c | dc79 0000 | 4d89 9798 | 0200 0049 | 89a7 9002 

  0x000079dc6cc73858: ;   {external_word}
  0x000079dc6cc73858: 0000 803d | a459 ed03 | 000f 843a | 0000 0056 | 5251 4150 

  0x000079dc6cc7386c: ;   {metadata({method} {0x000079dbff1d6838} 'invoke0' '(Ljava/lang/reflect/Method;Ljava/lang/Object;[Ljava/lang/Object;)Ljava/lang/Object;' in 'jdk/internal/reflect/NativeMethodAccessorImpl')}
  0x000079dc6cc7386c: 48be 3868 | 1dff db79 | 0000 498b | fff7 c40f | 0000 000f | 8412 0000 | 0048 83ec 

  0x000079dc6cc73888: ;   {runtime_call SharedRuntime::dtrace_method_entry(JavaThread*, Method*)}
  0x000079dc6cc73888: 08e8 72b7 | 8803 4883 | c408 e905 

  0x000079dc6cc73894: ;   {runtime_call SharedRuntime::dtrace_method_entry(JavaThread*, Method*)}
  0x000079dc6cc73894: 0000 00e8 | 64b7 8803 | 4158 595a | 5e49 8dbf | b002 0000 | 41c7 8738 | 0300 0004 

  0x000079dc6cc738b0: ;   {runtime_call Java_jdk_internal_reflect_NativeMethodAccessorImpl_invoke0}
  0x000079dc6cc738b0: 0000 00e8 | c845 f703 | c5f8 7741 | c787 3803 | 0000 0500 | 0000 f083 | 4424 c000 | 493b af40 
  0x000079dc6cc738d0: 0300 000f | 8711 0000 | 0041 81bf | 2803 0000 | 0000 0000 | 0f84 2400 | 0000 c5f8 | 7748 8945 
  0x000079dc6cc738f0: f849 8bff | 4c8b e448 | 83ec 0048 

  0x000079dc6cc738fc: ;   {runtime_call JavaThread::check_special_condition_for_native_trans(JavaThread*)}
  0x000079dc6cc738fc: 83e4 f0e8 | 4c0d a503 | 498b e44d | 33e4 488b | 45f8 41c7 | 8738 0300 | 0008 0000 | 0041 81bf 
  0x000079dc6cc7391c: a803 0000 | 0200 0000 | 0f84 0801 

  0x000079dc6cc73928: ;   {external_word}
  0x000079dc6cc73928: 0000 803d | d458 ed03 | 000f 8438 | 0000 0048 

  0x000079dc6cc73938: ;   {metadata({method} {0x000079dbff1d6838} 'invoke0' '(Ljava/lang/reflect/Method;Ljava/lang/Object;[Ljava/lang/Object;)Ljava/lang/Object;' in 'jdk/internal/reflect/NativeMethodAccessorImpl')}
  0x000079dc6cc73938: 8945 f848 | be38 681d | ffdb 7900 | 0049 8bff | f7c4 0f00 | 0000 0f84 | 1200 0000 | 4883 ec08 
  0x000079dc6cc73958: ;   {runtime_call SharedRuntime::dtrace_method_exit(JavaThread*, Method*)}
  0x000079dc6cc73958: e853 b788 | 0348 83c4 | 08e9 0500 

  0x000079dc6cc73964: ;   {runtime_call SharedRuntime::dtrace_method_exit(JavaThread*, Method*)}
  0x000079dc6cc73964: 0000 e845 | b788 0348 | 8b45 f849 | c787 9002 | 0000 0000 | 0000 49c7 | 8798 0200 | 0000 0000 
  0x000079dc6cc73984: 00c5 f877 | 4885 c00f | 847b 0000 | 0048 f7c0 | 0100 0000 | 0f84 6b00 | 0000 488b | 40ff 4180 
  0x000079dc6cc739a4: 7f38 000f | 8457 0000 | 0048 83f8 | 000f 844d | 0000 0049 | 8b4f 2048 | 83f9 000f | 8414 0000 
  0x000079dc6cc739c4: 0048 83e9 | 0849 894f | 2049 034f | 3048 8901 | e92b 0000 | 0050 498b | f748 8bf8 | f7c4 0f00 
  0x000079dc6cc739e4: 0000 0f84 | 1200 0000 | 4883 ec08 

  0x000079dc6cc739f0: ;   {runtime_call G1BarrierSetRuntime::write_ref_field_pre_entry(oopDesc*, JavaThread*)}
  0x000079dc6cc739f0: e89b d426 | 0348 83c4 | 08e9 0500 

  0x000079dc6cc739fc: ;   {runtime_call G1BarrierSetRuntime::write_ref_field_pre_entry(oopDesc*, JavaThread*)}
  0x000079dc6cc739fc: 0000 e88d | d426 0358 | e903 0000 | 0048 8b00 | 498b 8fd8 | 0000 00c7 | 8100 0100 | 0000 0000 
  0x000079dc6cc73a1c: 00c9 4981 | 7f08 0000 | 0000 0f85 | 0100 0000 

  0x000079dc6cc73a2c: ;   {runtime_call StubRoutines (1)}
  0x000079dc6cc73a2c: c3e9 ced1 | 78ff c5f8 | 7748 8945 | f84c 8be4 | 4883 ec00 | 4883 e4f0 

  0x000079dc6cc73a44: ;   {runtime_call SharedRuntime::reguard_yellow_pages()}
  0x000079dc6cc73a44: e837 c588 | 0349 8be4 | 4d33 e448 | 8b45 f8e9 | d2fe ffff 
[/MachCode]


Compiled method (c1) 17423 3882       1       jdk.internal.reflect.DelegatingMethodAccessorImpl::invoke (10 bytes)
 total in heap  [0x000079dc6ccbd910,0x000079dc6ccbdc18] = 776
 relocation     [0x000079dc6ccbda70,0x000079dc6ccbdaa8] = 56
 main code      [0x000079dc6ccbdac0,0x000079dc6ccbdb80] = 192
 stub code      [0x000079dc6ccbdb80,0x000079dc6ccbdbc0] = 64
 metadata       [0x000079dc6ccbdbc0,0x000079dc6ccbdbc8] = 8
 scopes data    [0x000079dc6ccbdbc8,0x000079dc6ccbdbe0] = 24
 scopes pcs     [0x000079dc6ccbdbe0,0x000079dc6ccbdc10] = 48
 dependencies   [0x000079dc6ccbdc10,0x000079dc6ccbdc18] = 8

[Constant Pool (empty)]

[MachCode]
[Entry Point]
  # {method} {0x000079dbff1d61e8} 'invoke' '(Ljava/lang/Object;[Ljava/lang/Object;)Ljava/lang/Object;' in 'jdk/internal/reflect/DelegatingMethodAccessorImpl'
  # this:     rsi:rsi   = 'jdk/internal/reflect/DelegatingMethodAccessorImpl'
  # parm0:    rdx:rdx   = 'java/lang/Object'
  # parm1:    rcx:rcx   = '[Ljava/lang/Object;'
  #           [sp+0x50]  (sp of caller)
  0x000079dc6ccbdac0: 448b 5608 | 49bb 0000 | 00ff db79 | 0000 4d03 | d34c 3bd0 

  0x000079dc6ccbdad4: ;   {runtime_call ic_miss_stub}
  0x000079dc6ccbdad4: 0f85 a632 | 79ff 660f | 1f44 0000 
[Verified Entry Point]
  0x000079dc6ccbdae0: 8984 2400 | c0fe ff55 | 4883 ec40 | 8b7e 0c48 | c1e7 0348 | 8bda 488b | d348 8bc1 | 488b c848 
  0x000079dc6ccbdb00: 8974 2420 | 488b f748 | 895c 2430 | 4889 4424 | 280f 1f40 | 0048 b8ff | ffff ffff 

  0x000079dc6ccbdb1c: ;   {virtual_call}
  0x000079dc6ccbdb1c: ffff ffe8 

  0x000079dc6ccbdb20: ; ImmutableOopMap {[32]=Oop [40]=Oop [48]=Oop }
                      ;*invokevirtual invoke {reexecute=0 rethrow=0 return_oop=0}
                      ; - jdk.internal.reflect.DelegatingMethodAccessorImpl::invoke@6 (line 43)
  0x000079dc6ccbdb20: c4f3 84ff | 4883 c440 

  0x000079dc6ccbdb28: ;   {poll_return}
  0x000079dc6ccbdb28: 5d49 3ba7 | 4003 0000 | 0f87 0100 

  0x000079dc6ccbdb34: ;   {internal_word}
  0x000079dc6ccbdb34: 0000 c349 | ba29 dbcb | 6cdc 7900 | 004d 8997 | 5803 0000 

  0x000079dc6ccbdb48: ;   {runtime_call SafepointBlob}
  0x000079dc6ccbdb48: e9b3 9b79 | ff90 9049 | 8b87 d003 | 0000 49c7 | 87d0 0300 | 0000 0000 | 0049 c787 | d803 0000 
  0x000079dc6ccbdb68: 0000 0000 | 4883 c440 

  0x000079dc6ccbdb70: ;   {runtime_call unwind_exception Runtime1 stub}
  0x000079dc6ccbdb70: 5de9 0a00 | 84ff f4f4 | f4f4 f4f4 | f4f4 f4f4 
[Stub Code]
  0x000079dc6ccbdb80: ;   {no_reloc}
  0x000079dc6ccbdb80: 0f1f 4400 

  0x000079dc6ccbdb84: ;   {static_stub}
  0x000079dc6ccbdb84: 0048 bb00 | 0000 0000 

  0x000079dc6ccbdb8c: ;   {runtime_call}
  0x000079dc6ccbdb8c: 0000 00e9 | fbff ffff 
[Exception Handler]
  0x000079dc6ccbdb94: ;   {runtime_call handle_exception_from_callee Runtime1 stub}
  0x000079dc6ccbdb94: e8e7 2f84 

  0x000079dc6ccbdb98: ;   {external_word}
  0x000079dc6ccbdb98: ff48 bfdc | bf7c 70dc | 7900 0048 

  0x000079dc6ccbdba4: ;   {runtime_call MacroAssembler::debug64(char*, long, long*)}
  0x000079dc6ccbdba4: 83e4 f0e8 | 74f3 6503 

  0x000079dc6ccbdbac: ;   {section_word}
  0x000079dc6ccbdbac: f449 baad | dbcb 6cdc | 7900 0041 

  0x000079dc6ccbdbb8: ;   {runtime_call DeoptimizationBlob}
  0x000079dc6ccbdbb8: 52e9 e28d | 79ff f4f4 
[/MachCode]


Compiled method (c1) 17424 3915       1       java.lang.reflect.Method::invoke (65 bytes)
 total in heap  [0x000079dc6ccca590,0x000079dc6cccaa70] = 1248
 relocation     [0x000079dc6ccca6f0,0x000079dc6ccca750] = 96
 main code      [0x000079dc6ccca760,0x000079dc6ccca900] = 416
 stub code      [0x000079dc6ccca900,0x000079dc6ccca970] = 112
 metadata       [0x000079dc6ccca970,0x000079dc6ccca988] = 24
 scopes data    [0x000079dc6ccca988,0x000079dc6ccca9e8] = 96
 scopes pcs     [0x000079dc6ccca9e8,0x000079dc6cccaa58] = 112
 dependencies   [0x000079dc6cccaa58,0x000079dc6cccaa60] = 8
 nul chk table  [0x000079dc6cccaa60,0x000079dc6cccaa70] = 16

[Constant Pool (empty)]

[MachCode]
[Entry Point]
  # {method} {0x000079dbff3d55d0} 'invoke' '(Ljava/lang/Object;[Ljava/lang/Object;)Ljava/lang/Object;' in 'java/lang/reflect/Method'
  # this:     rsi:rsi   = 'java/lang/reflect/Method'
  # parm0:    rdx:rdx   = 'java/lang/Object'
  # parm1:    rcx:rcx   = '[Ljava/lang/Object;'
  #           [sp+0x90]  (sp of caller)
  0x000079dc6ccca760: 448b 5608 | 49bb 0000 | 00ff db79 | 0000 4d03 | d34c 3bd0 

  0x000079dc6ccca774: ;   {runtime_call ic_miss_stub}
  0x000079dc6ccca774: 0f85 0666 | 78ff 660f | 1f44 0000 
[Verified Entry Point]
  0x000079dc6ccca780: 8984 2400 | c0fe ff55 | 4881 ec80 | 0000 0048 | 8974 2448 | 4889 5424 | 5048 894c | 2458 0fbe 
  0x000079dc6ccca7a0: 7e0c 83ff | 000f 8586 | 0000 000f 

  0x000079dc6ccca7ac: ;   {static_call}
  0x000079dc6ccca7ac: 1f40 00e8 

  0x000079dc6ccca7b0: ; ImmutableOopMap {[88]=Oop [80]=Oop [72]=Oop }
                      ;*invokestatic getCallerClass {reexecute=0 rethrow=0 return_oop=0}
                      ; - java.lang.reflect.Method::invoke@7 (line 560)
  0x000079dc6ccca7b0: 2cf1 91ff | 488b 7424 | 488b 4e24 | 48c1 e103 | 448b 4e20 | 498b d183 | e208 83fa | 00ba 0000 
  0x000079dc6ccca7d0: 0000 0f84 | 0500 0000 | ba01 0000 | 0083 e201 | 83fa 000f | 840f 0000 

  0x000079dc6ccca7e8: ;   {oop(NULL)}
  0x000079dc6ccca7e8: 0049 b800 | 0000 0000 | 0000 00e9 | 1d00 0000 | 488b 5424 | 5044 8b42 | 0849 ba00 | 0000 ffdb 
  0x000079dc6ccca808: 7900 004d | 03c2 4d8b | 4070 4d8b | 0048 8bd0 | 488b de48 | 8bf3 4889 | 4424 600f 

  0x000079dc6ccca824: ;   {optimized virtual_call}
  0x000079dc6ccca824: 1f40 00e8 

  0x000079dc6ccca828: ; ImmutableOopMap {[88]=Oop [72]=Oop [80]=Oop [96]=Oop }
                      ;*invokevirtual checkAccess {reexecute=0 rethrow=0 return_oop=0}
                      ; - java.lang.reflect.Method::invoke@39 (line 561)
  0x000079dc6ccca828: d412 beff | 488b 7424 | 488b 7e4c | 48c1 e703 | 4883 ff00 | 0f85 1500 | 0000 4889 | 7c24 6848 
  0x000079dc6ccca848: 8bde 488b 

  0x000079dc6ccca84c: ;   {optimized virtual_call}
  0x000079dc6ccca84c: f366 90e8 

  0x000079dc6ccca850: ; ImmutableOopMap {[88]=Oop [80]=Oop [72]=Oop [104]=Oop }
                      ;*invokevirtual acquireMethodAccessor {reexecute=0 rethrow=0 return_oop=0}
                      ; - java.lang.reflect.Method::invoke@52 (line 567)
  0x000079dc6ccca850: d100 0000 | 488b f848 | 8b4c 2458 | 488b 5424 | 5048 8bda | 488b d348 | 8bc1 488b | c848 8bf7 
  0x000079dc6ccca870: 4889 7c24 | 7048 b8b0 | 5f1d ffdb 

  0x000079dc6ccca87c: ;   {virtual_call}
  0x000079dc6ccca87c: 7900 00e8 

  0x000079dc6ccca880: ; ImmutableOopMap {[72]=Oop [88]=Oop [80]=Oop [112]=Oop }
                      ;*invokeinterface invoke {reexecute=0 rethrow=0 return_oop=0}
                      ; - java.lang.reflect.Method::invoke@59 (line 569)
  0x000079dc6ccca880: 3c32 ffff | 4881 c480 | 0000 005d 

  0x000079dc6ccca88c: ;   {poll_return}
  0x000079dc6ccca88c: 493b a740 | 0300 000f | 8706 0000 

  0x000079dc6ccca898: ;   {runtime_call throw_null_pointer_exception Runtime1 stub}
  0x000079dc6ccca898: 00c3 e801 

  0x000079dc6ccca89c: ; ImmutableOopMap {[88]=Oop rax=Oop rsi=Oop [72]=Oop rcx=Oop rdx=Oop [80]=Oop }
                      ;*invokevirtual getClass {reexecute=0 rethrow=0 return_oop=0}
                      ; - java.lang.reflect.Method::invoke@32 (line 562)
                      ;   {internal_word}
  0x000079dc6ccca89c: 4283 ff49 | ba8c a8cc | 6cdc 7900 | 004d 8997 | 5803 0000 

  0x000079dc6ccca8b0: ;   {runtime_call SafepointBlob}
  0x000079dc6ccca8b0: e94b ce78 | ff90 9049 | 8b87 d003 | 0000 49c7 | 87d0 0300 | 0000 0000 | 0049 c787 | d803 0000 
  0x000079dc6ccca8d0: 0000 0000 | 4881 c480 | 0000 005d 

  0x000079dc6ccca8dc: ;   {runtime_call unwind_exception Runtime1 stub}
  0x000079dc6ccca8dc: e99f 3283 | fff4 f4f4 | f4f4 f4f4 | f4f4 f4f4 | f4f4 f4f4 | f4f4 f4f4 | f4f4 f4f4 | f4f4 f4f4 
  0x000079dc6ccca8fc: f4f4 f4f4 
[Stub Code]
  0x000079dc6ccca900: ;   {no_reloc}
  0x000079dc6ccca900: 0f1f 4400 

  0x000079dc6ccca904: ;   {static_stub}
  0x000079dc6ccca904: 0048 bb00 | 0000 0000 

  0x000079dc6ccca90c: ;   {runtime_call}
  0x000079dc6ccca90c: 0000 00e9 | fbff ffff 

  0x000079dc6ccca914: ;   {static_stub}
  0x000079dc6ccca914: 9048 bb00 | 0000 0000 

  0x000079dc6ccca91c: ;   {runtime_call}
  0x000079dc6ccca91c: 0000 00e9 | fbff ffff 

  0x000079dc6ccca924: ;   {static_stub}
  0x000079dc6ccca924: 9048 bb08 | 523d ffdb 

  0x000079dc6ccca92c: ;   {runtime_call I2C/C2I adapters}
  0x000079dc6ccca92c: 7900 00e9 | 25b1 78ff 

  0x000079dc6ccca934: ;   {static_stub}
  0x000079dc6ccca934: 9048 bb00 | 0000 0000 

  0x000079dc6ccca93c: ;   {runtime_call}
  0x000079dc6ccca93c: 0000 00e9 | fbff ffff 
[Exception Handler]
  0x000079dc6ccca944: ;   {runtime_call handle_exception_from_callee Runtime1 stub}
  0x000079dc6ccca944: e837 6283 

  0x000079dc6ccca948: ;   {external_word}
  0x000079dc6ccca948: ff48 bfdc | bf7c 70dc | 7900 0048 

  0x000079dc6ccca954: ;   {runtime_call MacroAssembler::debug64(char*, long, long*)}
  0x000079dc6ccca954: 83e4 f0e8 | c425 6503 

  0x000079dc6ccca95c: ;   {section_word}
  0x000079dc6ccca95c: f449 ba5d | a9cc 6cdc | 7900 0041 

  0x000079dc6ccca968: ;   {runtime_call DeoptimizationBlob}
  0x000079dc6ccca968: 52e9 32c0 | 78ff f4f4 
[/MachCode]


---------------  P R O C E S S  ---------------

Threads class SMR info:
_java_thread_list=0x000079dbe04dea40, length=40, elements={
0x000079dc68177d30, 0x000079dc68179120, 0x000079dc6817e780, 0x000079dc6817fb40,
0x000079dc68180f60, 0x000079dc681824e0, 0x000079dc68183950, 0x000079dc6818f570,
0x000079dc681d4660, 0x000079dc681d77f0, 0x000079dbd0001120, 0x000079dc684e1f10,
0x000079dc68590a60, 0x000079dc6859a990, 0x000079dc685a7b30, 0x000079dbb4002150,
0x000079dbc0002470, 0x000079db9000d1c0, 0x000079db8400c7c0, 0x000079db8c81d850,
0x000079db680015c0, 0x000079db8c81f5f0, 0x000079db8c92ade0, 0x000079db8c92e040,
0x000079db8c938050, 0x000079db8c938f70, 0x000079db8c939d00, 0x000079db8c93ac00,
0x000079db8c93bd20, 0x000079db8c93ce60, 0x000079db8c93e750, 0x000079db8c93fc70,
0x000079db8c941060, 0x000079db8c942590, 0x000079db8c945f60, 0x000079db8c94c1c0,
0x000079dc6801cd00, 0x000079db5006a8f0, 0x000079db500db0d0, 0x000079dbe04de050
}

Java Threads: ( => current thread )
  0x000079dc68177d30 JavaThread "Reference Handler" daemon [_thread_blocked, id=183829, stack(0x000079dc541a2000,0x000079dc542a2000)]
  0x000079dc68179120 JavaThread "Finalizer" daemon [_thread_blocked, id=183830, stack(0x000079dc540a2000,0x000079dc541a2000)]
  0x000079dc6817e780 JavaThread "Signal Dispatcher" daemon [_thread_blocked, id=183831, stack(0x000079dbfa900000,0x000079dbfaa00000)]
  0x000079dc6817fb40 JavaThread "Service Thread" daemon [_thread_blocked, id=183832, stack(0x000079dbfa800000,0x000079dbfa900000)]
  0x000079dc68180f60 JavaThread "Monitor Deflation Thread" daemon [_thread_blocked, id=183833, stack(0x000079dbfa700000,0x000079dbfa800000)]
  0x000079dc681824e0 JavaThread "C1 CompilerThread0" daemon [_thread_blocked, id=183834, stack(0x000079dbfa600000,0x000079dbfa700000)]
  0x000079dc68183950 JavaThread "Sweeper thread" daemon [_thread_blocked, id=183835, stack(0x000079dbfa500000,0x000079dbfa600000)]
  0x000079dc6818f570 JavaThread "Common-Cleaner" daemon [_thread_blocked, id=183836, stack(0x000079dbfa400000,0x000079dbfa500000)]
  0x000079dc681d4660 JavaThread "JDWP Transport Listener: dt_socket" daemon [_thread_blocked, id=183839, stack(0x000079dbfa200000,0x000079dbfa300000)]
  0x000079dc681d77f0 JavaThread "JDWP Event Helper Thread" daemon [_thread_blocked, id=183841, stack(0x000079dbfa100000,0x000079dbfa200000)]
  0x000079dbd0001120 JavaThread "JDWP Command Reader" daemon [_thread_in_native, id=183843, stack(0x000079dbfa000000,0x000079dbfa100000)]
  0x000079dc684e1f10 JavaThread "Notification Thread" daemon [_thread_blocked, id=183845, stack(0x000079dbf9f00000,0x000079dbfa000000)]
  0x000079dc68590a60 JavaThread "RMI TCP Accept-0" daemon [_thread_in_native, id=183846, stack(0x000079dbf9e00000,0x000079dbf9f00000)]
  0x000079dc6859a990 JavaThread "RMI TCP Accept-34473" daemon [_thread_in_native, id=183847, stack(0x000079dbf9d00000,0x000079dbf9e00000)]
  0x000079dc685a7b30 JavaThread "RMI TCP Accept-0" daemon [_thread_in_native, id=183848, stack(0x000079dbf9c00000,0x000079dbf9d00000)]
  0x000079dbb4002150 JavaThread "RMI TCP Connection(1)-127.0.0.1" daemon [_thread_in_native, id=183858, stack(0x000079dbf91fa000,0x000079dbf92fa000)]
  0x000079dbc0002470 JavaThread "RMI TCP Connection(2)-127.0.0.1" daemon [_thread_in_native, id=183860, stack(0x000079dbf90fa000,0x000079dbf91fa000)]
  0x000079db9000d1c0 JavaThread "RMI Scheduler(0)" daemon [_thread_blocked, id=183861, stack(0x000079dbf8ffa000,0x000079dbf90fa000)]
  0x000079db8400c7c0 JavaThread "JMX server connection timeout 27" daemon [_thread_blocked, id=183862, stack(0x000079dbf8efa000,0x000079dbf8ffa000)]
  0x000079db8c81d850 JavaThread "Catalina-utility-1" [_thread_blocked, id=183873, stack(0x000079dbf88f6000,0x000079dbf89f6000)]
  0x000079db680015c0 JavaThread "Catalina-utility-2" [_thread_blocked, id=183874, stack(0x000079dbf8af7000,0x000079dbf8bf7000)]
  0x000079db8c81f5f0 JavaThread "container-0" [_thread_blocked, id=183875, stack(0x000079dbf85f4000,0x000079dbf86f4000)]
  0x000079db8c92ade0 JavaThread "File Watcher" daemon [_thread_blocked, id=183876, stack(0x000079dbf84f4000,0x000079dbf85f4000)]
  0x000079db8c92e040 JavaThread "Live Reload Server" daemon [_thread_in_native, id=183878, stack(0x000079dbf82f4000,0x000079dbf83f4000)]
  0x000079db8c938050 JavaThread "http-nio-8080-exec-1" daemon [_thread_blocked, id=183879, stack(0x000079dbf83f4000,0x000079dbf84f4000)]
=>0x000079db8c938f70 JavaThread "http-nio-8080-exec-2" daemon [_thread_in_native, id=183880, stack(0x000079dbf81f4000,0x000079dbf82f4000)]
  0x000079db8c939d00 JavaThread "http-nio-8080-exec-3" daemon [_thread_blocked, id=183881, stack(0x000079dbf80f4000,0x000079dbf81f4000)]
  0x000079db8c93ac00 JavaThread "http-nio-8080-exec-4" daemon [_thread_blocked, id=183882, stack(0x000079db4bf00000,0x000079db4c000000)]
  0x000079db8c93bd20 JavaThread "http-nio-8080-exec-5" daemon [_thread_blocked, id=183883, stack(0x000079db4be00000,0x000079db4bf00000)]
  0x000079db8c93ce60 JavaThread "http-nio-8080-exec-6" daemon [_thread_blocked, id=183884, stack(0x000079db4bd00000,0x000079db4be00000)]
  0x000079db8c93e750 JavaThread "http-nio-8080-exec-7" daemon [_thread_blocked, id=183885, stack(0x000079db4bc00000,0x000079db4bd00000)]
  0x000079db8c93fc70 JavaThread "http-nio-8080-exec-8" daemon [_thread_blocked, id=183886, stack(0x000079db4bb00000,0x000079db4bc00000)]
  0x000079db8c941060 JavaThread "http-nio-8080-exec-9" daemon [_thread_blocked, id=183887, stack(0x000079db4ba00000,0x000079db4bb00000)]
  0x000079db8c942590 JavaThread "http-nio-8080-exec-10" daemon [_thread_blocked, id=183888, stack(0x000079db4b900000,0x000079db4ba00000)]
  0x000079db8c945f60 JavaThread "http-nio-8080-Poller" daemon [_thread_in_native, id=183889, stack(0x000079db4b800000,0x000079db4b900000)]
  0x000079db8c94c1c0 JavaThread "http-nio-8080-Acceptor" daemon [_thread_in_native, id=183890, stack(0x000079db4b700000,0x000079db4b800000)]
  0x000079dc6801cd00 JavaThread "DestroyJavaVM" [_thread_blocked, id=183822, stack(0x000079dc6f700000,0x000079dc6f800000)]
  0x000079db5006a8f0 JavaThread "Java2D Disposer" daemon [_thread_blocked, id=183949, stack(0x000079dbfa300000,0x000079dbfa400000)]
  0x000079db500db0d0 JavaThread "process reaper" daemon [_thread_blocked, id=183953, stack(0x000079dc57018000,0x000079dc5703a000)]
  0x000079dbe04de050 JavaThread "C1 CompilerThread1" daemon [_thread_blocked, id=183954, stack(0x000079dbf94fa000,0x000079dbf95fa000)]

Other Threads:
  0x000079dc68173c10 VMThread "VM Thread" [stack: 0x000079dc542a3000,0x000079dc543a3000] [id=183828]
  0x000079dc685a99c0 WatcherThread [stack: 0x000079dbf9b00000,0x000079dbf9c00000] [id=183849]
  0x000079dc68082b50 GCTaskThread "GC Thread#0" [stack: 0x000079dc57399000,0x000079dc57499000] [id=183823]
  0x000079dbf40066c0 GCTaskThread "GC Thread#1" [stack: 0x000079dbf99ff000,0x000079dbf9aff000] [id=183850]
  0x000079dbf4006ff0 GCTaskThread "GC Thread#2" [stack: 0x000079dbf98fe000,0x000079dbf99fe000] [id=183851]
  0x000079dbf4007e00 GCTaskThread "GC Thread#3" [stack: 0x000079dbf97fd000,0x000079dbf98fd000] [id=183852]
  0x000079dbf4008c10 GCTaskThread "GC Thread#4" [stack: 0x000079dbf96fc000,0x000079dbf97fc000] [id=183853]
  0x000079dbf400eb10 GCTaskThread "GC Thread#5" [stack: 0x000079dbf95fb000,0x000079dbf96fb000] [id=183854]
  0x000079dbf400d110 GCTaskThread "GC Thread#6" [stack: 0x000079dbf8dfa000,0x000079dbf8efa000] [id=183864]
  0x000079dbf400deb0 GCTaskThread "GC Thread#7" [stack: 0x000079dbf8cf9000,0x000079dbf8df9000] [id=183865]
  0x000079dbf4011d20 GCTaskThread "GC Thread#8" [stack: 0x000079dbf8bf8000,0x000079dbf8cf8000] [id=183866]
  0x000079dbf4010f90 GCTaskThread "GC Thread#9" [stack: 0x000079dbf89f7000,0x000079dbf8af7000] [id=183868]
  0x000079dc68092860 ConcurrentGCThread "G1 Main Marker" [stack: 0x000079dc57298000,0x000079dc57398000] [id=183824]
  0x000079dc68093770 ConcurrentGCThread "G1 Conc#0" [stack: 0x000079dc57197000,0x000079dc57297000] [id=183825]
  0x000079dc48000ea0 ConcurrentGCThread "G1 Conc#1" [stack: 0x000079dbf87f6000,0x000079dbf88f6000] [id=183870]
  0x000079dc48001650 ConcurrentGCThread "G1 Conc#2" [stack: 0x000079dbf86f5000,0x000079dbf87f5000] [id=183871]
  0x000079dc68146570 ConcurrentGCThread "G1 Refine#0" [stack: 0x000079dc545f7000,0x000079dc546f7000] [id=183826]
  0x000079dc68147480 ConcurrentGCThread "G1 Service" [stack: 0x000079dc544f6000,0x000079dc545f6000] [id=183827]

Threads with active compile tasks:

VM state: not at safepoint (normal execution)

VM Mutex/Monitor currently owned by a thread: None

Heap address: 0x0000000718a00000, size: 3702 MB, Compressed Oops mode: Zero based, Oop shift amount: 3

CDS archive(s) mapped at: [0x000079dbff000000-0x000079dbffbca000-0x000079dbffbca000), size 12361728, SharedBaseAddress: 0x000079dbff000000, ArchiveRelocationMode: 1.
Compressed class space mapped at: 0x000079dc00000000-0x000079dc40000000, reserved size: 1073741824
Narrow klass base: 0x000079dbff000000, Narrow klass shift: 0, Narrow klass range: 0x100000000

GC Precious Log:
 CPUs: 12 total, 12 available
 Memory: 14800M
 Large Page Support: Disabled
 NUMA Support: Disabled
 Compressed Oops: Enabled (Zero based)
 Heap Region Size: 2M
 Heap Min Capacity: 8M
 Heap Initial Capacity: 232M
 Heap Max Capacity: 3702M
 Pre-touch: Disabled
 Parallel Workers: 10
 Concurrent Workers: 3
 Concurrent Refinement Workers: 10
 Periodic GC: Disabled

Heap:
 garbage-first heap   total 380928K, used 216688K [0x0000000718a00000, 0x0000000800000000)
  region size 2048K, 2 young (4096K), 1 survivors (2048K)
 Metaspace       used 38592K, committed 39104K, reserved 1114112K
  class space    used 5153K, committed 5376K, reserved 1048576K

Heap Regions: E=young(eden), S=young(survivor), O=old, HS=humongous(starts), HC=humongous(continues), CS=collection set, F=free, OA=open archive, CA=closed archive, TAMS=top-at-mark-start (previous, next)
|   0|0x0000000718a00000, 0x0000000718c00000, 0x0000000718c00000|100%| O|  |TAMS 0x0000000718c00000, 0x0000000718c00000| Untracked 
|   1|0x0000000718c00000, 0x0000000718e00000, 0x0000000718e00000|100%| O|  |TAMS 0x0000000718e00000, 0x0000000718e00000| Untracked 
|   2|0x0000000718e00000, 0x0000000718e00000, 0x0000000719000000|  0%| F|  |TAMS 0x0000000718e00000, 0x0000000718e00000| Untracked 
|   3|0x0000000719000000, 0x0000000719200000, 0x0000000719200000|100%| O|  |TAMS 0x0000000719200000, 0x0000000719200000| Untracked 
|   4|0x0000000719200000, 0x0000000719200000, 0x0000000719400000|  0%| F|  |TAMS 0x0000000719200000, 0x0000000719200000| Untracked 
|   5|0x0000000719400000, 0x0000000719400000, 0x0000000719600000|  0%| F|  |TAMS 0x0000000719400000, 0x0000000719400000| Untracked 
|   6|0x0000000719600000, 0x0000000719800000, 0x0000000719800000|100%| O|  |TAMS 0x0000000719800000, 0x0000000719800000| Untracked 
|   7|0x0000000719800000, 0x0000000719a00000, 0x0000000719a00000|100%| O|  |TAMS 0x0000000719a00000, 0x0000000719a00000| Untracked 
|   8|0x0000000719a00000, 0x0000000719c00000, 0x0000000719c00000|100%| O|  |TAMS 0x0000000719c00000, 0x0000000719c00000| Untracked 
|   9|0x0000000719c00000, 0x0000000719e00000, 0x0000000719e00000|100%| O|  |TAMS 0x0000000719e00000, 0x0000000719e00000| Untracked 
|  10|0x0000000719e00000, 0x000000071a000000, 0x000000071a000000|100%| O|  |TAMS 0x000000071a000000, 0x000000071a000000| Untracked 
|  11|0x000000071a000000, 0x000000071a13a600, 0x000000071a200000| 61%| O|  |TAMS 0x000000071a13a600, 0x000000071a13a600| Untracked 
|  12|0x000000071a200000, 0x000000071a400000, 0x000000071a400000|100%|HS|  |TAMS 0x000000071a400000, 0x000000071a400000| Complete 
|  13|0x000000071a400000, 0x000000071a600000, 0x000000071a600000|100%|HC|  |TAMS 0x000000071a600000, 0x000000071a600000| Complete 
|  14|0x000000071a600000, 0x000000071a800000, 0x000000071a800000|100%|HC|  |TAMS 0x000000071a800000, 0x000000071a800000| Complete 
|  15|0x000000071a800000, 0x000000071aa00000, 0x000000071aa00000|100%|HC|  |TAMS 0x000000071aa00000, 0x000000071aa00000| Complete 
|  16|0x000000071aa00000, 0x000000071ac00000, 0x000000071ac00000|100%|HC|  |TAMS 0x000000071ac00000, 0x000000071ac00000| Complete 
|  17|0x000000071ac00000, 0x000000071ae00000, 0x000000071ae00000|100%|HC|  |TAMS 0x000000071ae00000, 0x000000071ae00000| Complete 
|  18|0x000000071ae00000, 0x000000071b000000, 0x000000071b000000|100%|HC|  |TAMS 0x000000071b000000, 0x000000071b000000| Complete 
|  19|0x000000071b000000, 0x000000071b200000, 0x000000071b200000|100%|HC|  |TAMS 0x000000071b200000, 0x000000071b200000| Complete 
|  20|0x000000071b200000, 0x000000071b400000, 0x000000071b400000|100%|HC|  |TAMS 0x000000071b400000, 0x000000071b400000| Complete 
|  21|0x000000071b400000, 0x000000071b600000, 0x000000071b600000|100%|HC|  |TAMS 0x000000071b600000, 0x000000071b600000| Complete 
|  22|0x000000071b600000, 0x000000071b800000, 0x000000071b800000|100%|HC|  |TAMS 0x000000071b800000, 0x000000071b800000| Complete 
|  23|0x000000071b800000, 0x000000071ba00000, 0x000000071ba00000|100%|HC|  |TAMS 0x000000071ba00000, 0x000000071ba00000| Complete 
|  24|0x000000071ba00000, 0x000000071bc00000, 0x000000071bc00000|100%|HC|  |TAMS 0x000000071bc00000, 0x000000071bc00000| Complete 
|  25|0x000000071bc00000, 0x000000071be00000, 0x000000071be00000|100%|HC|  |TAMS 0x000000071be00000, 0x000000071be00000| Complete 
|  26|0x000000071be00000, 0x000000071c000000, 0x000000071c000000|100%|HC|  |TAMS 0x000000071c000000, 0x000000071c000000| Complete 
|  27|0x000000071c000000, 0x000000071c200000, 0x000000071c200000|100%|HC|  |TAMS 0x000000071c200000, 0x000000071c200000| Complete 
|  28|0x000000071c200000, 0x000000071c400000, 0x000000071c400000|100%|HC|  |TAMS 0x000000071c400000, 0x000000071c400000| Complete 
|  29|0x000000071c400000, 0x000000071c600000, 0x000000071c600000|100%|HC|  |TAMS 0x000000071c600000, 0x000000071c600000| Complete 
|  30|0x000000071c600000, 0x000000071c800000, 0x000000071c800000|100%|HC|  |TAMS 0x000000071c800000, 0x000000071c800000| Complete 
|  31|0x000000071c800000, 0x000000071ca00000, 0x000000071ca00000|100%|HC|  |TAMS 0x000000071ca00000, 0x000000071ca00000| Complete 
|  32|0x000000071ca00000, 0x000000071cc00000, 0x000000071cc00000|100%|HC|  |TAMS 0x000000071cc00000, 0x000000071cc00000| Complete 
|  33|0x000000071cc00000, 0x000000071ce00000, 0x000000071ce00000|100%|HC|  |TAMS 0x000000071ce00000, 0x000000071ce00000| Complete 
|  34|0x000000071ce00000, 0x000000071d000000, 0x000000071d000000|100%|HC|  |TAMS 0x000000071d000000, 0x000000071d000000| Complete 
|  35|0x000000071d000000, 0x000000071d200000, 0x000000071d200000|100%|HS|  |TAMS 0x000000071d200000, 0x000000071d200000| Complete 
|  36|0x000000071d200000, 0x000000071d400000, 0x000000071d400000|100%|HC|  |TAMS 0x000000071d400000, 0x000000071d400000| Complete 
|  37|0x000000071d400000, 0x000000071d600000, 0x000000071d600000|100%|HC|  |TAMS 0x000000071d600000, 0x000000071d600000| Complete 
|  38|0x000000071d600000, 0x000000071d800000, 0x000000071d800000|100%|HC|  |TAMS 0x000000071d800000, 0x000000071d800000| Complete 
|  39|0x000000071d800000, 0x000000071da00000, 0x000000071da00000|100%|HC|  |TAMS 0x000000071da00000, 0x000000071da00000| Complete 
|  40|0x000000071da00000, 0x000000071dc00000, 0x000000071dc00000|100%|HC|  |TAMS 0x000000071dc00000, 0x000000071dc00000| Complete 
|  41|0x000000071dc00000, 0x000000071de00000, 0x000000071de00000|100%|HC|  |TAMS 0x000000071de00000, 0x000000071de00000| Complete 
|  42|0x000000071de00000, 0x000000071e000000, 0x000000071e000000|100%|HC|  |TAMS 0x000000071e000000, 0x000000071e000000| Complete 
|  43|0x000000071e000000, 0x000000071e200000, 0x000000071e200000|100%|HC|  |TAMS 0x000000071e200000, 0x000000071e200000| Complete 
|  44|0x000000071e200000, 0x000000071e400000, 0x000000071e400000|100%|HC|  |TAMS 0x000000071e400000, 0x000000071e400000| Complete 
|  45|0x000000071e400000, 0x000000071e600000, 0x000000071e600000|100%|HC|  |TAMS 0x000000071e600000, 0x000000071e600000| Complete 
|  46|0x000000071e600000, 0x000000071e800000, 0x000000071e800000|100%|HC|  |TAMS 0x000000071e800000, 0x000000071e800000| Complete 
|  47|0x000000071e800000, 0x000000071ea00000, 0x000000071ea00000|100%|HC|  |TAMS 0x000000071ea00000, 0x000000071ea00000| Complete 
|  48|0x000000071ea00000, 0x000000071ec00000, 0x000000071ec00000|100%|HC|  |TAMS 0x000000071ec00000, 0x000000071ec00000| Complete 
|  49|0x000000071ec00000, 0x000000071ee00000, 0x000000071ee00000|100%|HC|  |TAMS 0x000000071ee00000, 0x000000071ee00000| Complete 
|  50|0x000000071ee00000, 0x000000071f000000, 0x000000071f000000|100%|HC|  |TAMS 0x000000071f000000, 0x000000071f000000| Complete 
|  51|0x000000071f000000, 0x000000071f200000, 0x000000071f200000|100%|HC|  |TAMS 0x000000071f200000, 0x000000071f200000| Complete 
|  52|0x000000071f200000, 0x000000071f400000, 0x000000071f400000|100%|HC|  |TAMS 0x000000071f400000, 0x000000071f400000| Complete 
|  53|0x000000071f400000, 0x000000071f600000, 0x000000071f600000|100%|HC|  |TAMS 0x000000071f600000, 0x000000071f600000| Complete 
|  54|0x000000071f600000, 0x000000071f800000, 0x000000071f800000|100%|HC|  |TAMS 0x000000071f800000, 0x000000071f800000| Complete 
|  55|0x000000071f800000, 0x000000071fa00000, 0x000000071fa00000|100%|HC|  |TAMS 0x000000071fa00000, 0x000000071fa00000| Complete 
|  56|0x000000071fa00000, 0x000000071fc00000, 0x000000071fc00000|100%|HC|  |TAMS 0x000000071fc00000, 0x000000071fc00000| Complete 
|  57|0x000000071fc00000, 0x000000071fe00000, 0x000000071fe00000|100%|HC|  |TAMS 0x000000071fe00000, 0x000000071fe00000| Complete 
|  58|0x000000071fe00000, 0x000000071fe00000, 0x0000000720000000|  0%| F|  |TAMS 0x000000071fe00000, 0x000000071fe00000| Untracked 
|  59|0x0000000720000000, 0x0000000720000000, 0x0000000720200000|  0%| F|  |TAMS 0x0000000720000000, 0x0000000720000000| Untracked 
|  60|0x0000000720200000, 0x0000000720200000, 0x0000000720400000|  0%| F|  |TAMS 0x0000000720200000, 0x0000000720200000| Untracked 
|  61|0x0000000720400000, 0x0000000720400000, 0x0000000720600000|  0%| F|  |TAMS 0x0000000720400000, 0x0000000720400000| Untracked 
|  62|0x0000000720600000, 0x0000000720600000, 0x0000000720800000|  0%| F|  |TAMS 0x0000000720600000, 0x0000000720600000| Untracked 
|  63|0x0000000720800000, 0x0000000720800000, 0x0000000720a00000|  0%| F|  |TAMS 0x0000000720800000, 0x0000000720800000| Untracked 
|  64|0x0000000720a00000, 0x0000000720a00000, 0x0000000720c00000|  0%| F|  |TAMS 0x0000000720a00000, 0x0000000720a00000| Untracked 
|  65|0x0000000720c00000, 0x0000000720c00000, 0x0000000720e00000|  0%| F|  |TAMS 0x0000000720c00000, 0x0000000720c00000| Untracked 
|  66|0x0000000720e00000, 0x0000000720e00000, 0x0000000721000000|  0%| F|  |TAMS 0x0000000720e00000, 0x0000000720e00000| Untracked 
|  67|0x0000000721000000, 0x0000000721000000, 0x0000000721200000|  0%| F|  |TAMS 0x0000000721000000, 0x0000000721000000| Untracked 
|  68|0x0000000721200000, 0x0000000721200000, 0x0000000721400000|  0%| F|  |TAMS 0x0000000721200000, 0x0000000721200000| Untracked 
|  69|0x0000000721400000, 0x0000000721400000, 0x0000000721600000|  0%| F|  |TAMS 0x0000000721400000, 0x0000000721400000| Untracked 
|  70|0x0000000721600000, 0x0000000721600000, 0x0000000721800000|  0%| F|  |TAMS 0x0000000721600000, 0x0000000721600000| Untracked 
|  71|0x0000000721800000, 0x0000000721800000, 0x0000000721a00000|  0%| F|  |TAMS 0x0000000721800000, 0x0000000721800000| Untracked 
|  72|0x0000000721a00000, 0x0000000721a00000, 0x0000000721c00000|  0%| F|  |TAMS 0x0000000721a00000, 0x0000000721a00000| Untracked 
|  73|0x0000000721c00000, 0x0000000721c00000, 0x0000000721e00000|  0%| F|  |TAMS 0x0000000721c00000, 0x0000000721c00000| Untracked 
|  74|0x0000000721e00000, 0x0000000721e00000, 0x0000000722000000|  0%| F|  |TAMS 0x0000000721e00000, 0x0000000721e00000| Untracked 
|  75|0x0000000722000000, 0x0000000722200000, 0x0000000722200000|100%|HS|  |TAMS 0x0000000722000000, 0x0000000722200000| Complete 
|  76|0x0000000722200000, 0x0000000722400000, 0x0000000722400000|100%|HC|  |TAMS 0x0000000722200000, 0x0000000722400000| Complete 
|  77|0x0000000722400000, 0x0000000722600000, 0x0000000722600000|100%|HC|  |TAMS 0x0000000722400000, 0x0000000722600000| Complete 
|  78|0x0000000722600000, 0x0000000722800000, 0x0000000722800000|100%|HC|  |TAMS 0x0000000722600000, 0x0000000722800000| Complete 
|  79|0x0000000722800000, 0x0000000722a00000, 0x0000000722a00000|100%|HC|  |TAMS 0x0000000722800000, 0x0000000722a00000| Complete 
|  80|0x0000000722a00000, 0x0000000722c00000, 0x0000000722c00000|100%|HC|  |TAMS 0x0000000722a00000, 0x0000000722c00000| Complete 
|  81|0x0000000722c00000, 0x0000000722e00000, 0x0000000722e00000|100%|HC|  |TAMS 0x0000000722c00000, 0x0000000722e00000| Complete 
|  82|0x0000000722e00000, 0x0000000723000000, 0x0000000723000000|100%|HC|  |TAMS 0x0000000722e00000, 0x0000000723000000| Complete 
|  83|0x0000000723000000, 0x0000000723200000, 0x0000000723200000|100%|HC|  |TAMS 0x0000000723000000, 0x0000000723200000| Complete 
|  84|0x0000000723200000, 0x0000000723400000, 0x0000000723400000|100%|HC|  |TAMS 0x0000000723200000, 0x0000000723400000| Complete 
|  85|0x0000000723400000, 0x0000000723600000, 0x0000000723600000|100%|HC|  |TAMS 0x0000000723400000, 0x0000000723600000| Complete 
|  86|0x0000000723600000, 0x0000000723800000, 0x0000000723800000|100%|HC|  |TAMS 0x0000000723600000, 0x0000000723800000| Complete 
|  87|0x0000000723800000, 0x0000000723a00000, 0x0000000723a00000|100%|HC|  |TAMS 0x0000000723800000, 0x0000000723a00000| Complete 
|  88|0x0000000723a00000, 0x0000000723c00000, 0x0000000723c00000|100%|HC|  |TAMS 0x0000000723a00000, 0x0000000723c00000| Complete 
|  89|0x0000000723c00000, 0x0000000723e00000, 0x0000000723e00000|100%|HC|  |TAMS 0x0000000723c00000, 0x0000000723e00000| Complete 
|  90|0x0000000723e00000, 0x0000000724000000, 0x0000000724000000|100%|HC|  |TAMS 0x0000000723e00000, 0x0000000724000000| Complete 
|  91|0x0000000724000000, 0x0000000724200000, 0x0000000724200000|100%|HC|  |TAMS 0x0000000724000000, 0x0000000724200000| Complete 
|  92|0x0000000724200000, 0x0000000724400000, 0x0000000724400000|100%|HS|  |TAMS 0x0000000724200000, 0x0000000724200000| Complete 
|  93|0x0000000724400000, 0x0000000724600000, 0x0000000724600000|100%|HC|  |TAMS 0x0000000724400000, 0x0000000724400000| Complete 
|  94|0x0000000724600000, 0x0000000724800000, 0x0000000724800000|100%|HC|  |TAMS 0x0000000724600000, 0x0000000724600000| Complete 
|  95|0x0000000724800000, 0x0000000724a00000, 0x0000000724a00000|100%|HC|  |TAMS 0x0000000724800000, 0x0000000724800000| Complete 
|  96|0x0000000724a00000, 0x0000000724c00000, 0x0000000724c00000|100%|HC|  |TAMS 0x0000000724a00000, 0x0000000724a00000| Complete 
|  97|0x0000000724c00000, 0x0000000724e00000, 0x0000000724e00000|100%|HC|  |TAMS 0x0000000724c00000, 0x0000000724c00000| Complete 
|  98|0x0000000724e00000, 0x0000000725000000, 0x0000000725000000|100%|HC|  |TAMS 0x0000000724e00000, 0x0000000724e00000| Complete 
|  99|0x0000000725000000, 0x0000000725200000, 0x0000000725200000|100%|HC|  |TAMS 0x0000000725000000, 0x0000000725000000| Complete 
| 100|0x0000000725200000, 0x0000000725400000, 0x0000000725400000|100%|HC|  |TAMS 0x0000000725200000, 0x0000000725200000| Complete 
| 101|0x0000000725400000, 0x0000000725600000, 0x0000000725600000|100%|HC|  |TAMS 0x0000000725400000, 0x0000000725400000| Complete 
| 102|0x0000000725600000, 0x0000000725800000, 0x0000000725800000|100%|HC|  |TAMS 0x0000000725600000, 0x0000000725600000| Complete 
| 103|0x0000000725800000, 0x0000000725a00000, 0x0000000725a00000|100%|HC|  |TAMS 0x0000000725800000, 0x0000000725800000| Complete 
| 104|0x0000000725a00000, 0x0000000725c00000, 0x0000000725c00000|100%|HC|  |TAMS 0x0000000725a00000, 0x0000000725a00000| Complete 
| 105|0x0000000725c00000, 0x0000000725e00000, 0x0000000725e00000|100%|HC|  |TAMS 0x0000000725c00000, 0x0000000725c00000| Complete 
| 106|0x0000000725e00000, 0x0000000726000000, 0x0000000726000000|100%|HC|  |TAMS 0x0000000725e00000, 0x0000000725e00000| Complete 
| 107|0x0000000726000000, 0x0000000726200000, 0x0000000726200000|100%|HC|  |TAMS 0x0000000726000000, 0x0000000726000000| Complete 
| 108|0x0000000726200000, 0x0000000726400000, 0x0000000726400000|100%|HC|  |TAMS 0x0000000726200000, 0x0000000726200000| Complete 
| 109|0x0000000726400000, 0x0000000726600000, 0x0000000726600000|100%|HC|  |TAMS 0x0000000726400000, 0x0000000726400000| Complete 
| 110|0x0000000726600000, 0x0000000726800000, 0x0000000726800000|100%|HC|  |TAMS 0x0000000726600000, 0x0000000726600000| Complete 
| 111|0x0000000726800000, 0x0000000726a00000, 0x0000000726a00000|100%|HC|  |TAMS 0x0000000726800000, 0x0000000726800000| Complete 
| 112|0x0000000726a00000, 0x0000000726c00000, 0x0000000726c00000|100%|HC|  |TAMS 0x0000000726a00000, 0x0000000726a00000| Complete 
| 113|0x0000000726c00000, 0x0000000726e00000, 0x0000000726e00000|100%|HC|  |TAMS 0x0000000726c00000, 0x0000000726c00000| Complete 
| 114|0x0000000726e00000, 0x0000000727000000, 0x0000000727000000|100%|HC|  |TAMS 0x0000000726e00000, 0x0000000726e00000| Complete 
| 115|0x0000000727000000, 0x0000000727200000, 0x0000000727200000|100%|HC|  |TAMS 0x0000000727000000, 0x0000000727000000| Complete 
| 116|0x0000000727200000, 0x0000000727400000, 0x0000000727400000|100%|HC|  |TAMS 0x0000000727200000, 0x0000000727200000| Complete 
| 117|0x0000000727400000, 0x0000000727600000, 0x0000000727600000|100%|HC|  |TAMS 0x0000000727400000, 0x0000000727400000| Complete 
| 118|0x0000000727600000, 0x0000000727800000, 0x0000000727800000|100%|HC|  |TAMS 0x0000000727600000, 0x0000000727600000| Complete 
| 119|0x0000000727800000, 0x0000000727a00000, 0x0000000727a00000|100%|HC|  |TAMS 0x0000000727800000, 0x0000000727800000| Complete 
| 120|0x0000000727a00000, 0x0000000727c00000, 0x0000000727c00000|100%|HC|  |TAMS 0x0000000727a00000, 0x0000000727a00000| Complete 
| 121|0x0000000727c00000, 0x0000000727e00000, 0x0000000727e00000|100%|HC|  |TAMS 0x0000000727c00000, 0x0000000727c00000| Complete 
| 122|0x0000000727e00000, 0x0000000728000000, 0x0000000728000000|100%|HC|  |TAMS 0x0000000727e00000, 0x0000000727e00000| Complete 
| 123|0x0000000728000000, 0x0000000728200000, 0x0000000728200000|100%|HC|  |TAMS 0x0000000728000000, 0x0000000728000000| Complete 
| 124|0x0000000728200000, 0x0000000728400000, 0x0000000728400000|100%|HC|  |TAMS 0x0000000728200000, 0x0000000728200000| Complete 
| 125|0x0000000728400000, 0x0000000728400000, 0x0000000728600000|  0%| F|  |TAMS 0x0000000728400000, 0x0000000728400000| Untracked 
| 126|0x0000000728600000, 0x0000000728600000, 0x0000000728800000|  0%| F|  |TAMS 0x0000000728600000, 0x0000000728600000| Untracked 
| 127|0x0000000728800000, 0x0000000728800000, 0x0000000728a00000|  0%| F|  |TAMS 0x0000000728800000, 0x0000000728800000| Untracked 
| 128|0x0000000728a00000, 0x0000000728a00000, 0x0000000728c00000|  0%| F|  |TAMS 0x0000000728a00000, 0x0000000728a00000| Untracked 
| 129|0x0000000728c00000, 0x0000000728c00000, 0x0000000728e00000|  0%| F|  |TAMS 0x0000000728c00000, 0x0000000728c00000| Untracked 
| 130|0x0000000728e00000, 0x0000000728e00000, 0x0000000729000000|  0%| F|  |TAMS 0x0000000728e00000, 0x0000000728e00000| Untracked 
| 131|0x0000000729000000, 0x0000000729000000, 0x0000000729200000|  0%| F|  |TAMS 0x0000000729000000, 0x0000000729000000| Untracked 
| 132|0x0000000729200000, 0x0000000729200000, 0x0000000729400000|  0%| F|  |TAMS 0x0000000729200000, 0x0000000729200000| Untracked 
| 133|0x0000000729400000, 0x0000000729400000, 0x0000000729600000|  0%| F|  |TAMS 0x0000000729400000, 0x0000000729400000| Untracked 
| 134|0x0000000729600000, 0x0000000729600000, 0x0000000729800000|  0%| F|  |TAMS 0x0000000729600000, 0x0000000729600000| Untracked 
| 135|0x0000000729800000, 0x0000000729800000, 0x0000000729a00000|  0%| F|  |TAMS 0x0000000729800000, 0x0000000729800000| Untracked 
| 136|0x0000000729a00000, 0x0000000729a00000, 0x0000000729c00000|  0%| F|  |TAMS 0x0000000729a00000, 0x0000000729a00000| Untracked 
| 137|0x0000000729c00000, 0x0000000729c00000, 0x0000000729e00000|  0%| F|  |TAMS 0x0000000729c00000, 0x0000000729c00000| Untracked 
| 138|0x0000000729e00000, 0x0000000729e00000, 0x000000072a000000|  0%| F|  |TAMS 0x0000000729e00000, 0x0000000729e00000| Untracked 
| 139|0x000000072a000000, 0x000000072a000000, 0x000000072a200000|  0%| F|  |TAMS 0x000000072a000000, 0x000000072a000000| Untracked 
| 140|0x000000072a200000, 0x000000072a200000, 0x000000072a400000|  0%| F|  |TAMS 0x000000072a200000, 0x000000072a200000| Untracked 
| 141|0x000000072a400000, 0x000000072a400000, 0x000000072a600000|  0%| F|  |TAMS 0x000000072a400000, 0x000000072a400000| Untracked 
| 142|0x000000072a600000, 0x000000072a600000, 0x000000072a800000|  0%| F|  |TAMS 0x000000072a600000, 0x000000072a600000| Untracked 
| 143|0x000000072a800000, 0x000000072a800000, 0x000000072aa00000|  0%| F|  |TAMS 0x000000072a800000, 0x000000072a800000| Untracked 
| 144|0x000000072aa00000, 0x000000072aa00000, 0x000000072ac00000|  0%| F|  |TAMS 0x000000072aa00000, 0x000000072aa00000| Untracked 
| 145|0x000000072ac00000, 0x000000072ac00000, 0x000000072ae00000|  0%| F|  |TAMS 0x000000072ac00000, 0x000000072ac00000| Untracked 
| 146|0x000000072ae00000, 0x000000072ae00000, 0x000000072b000000|  0%| F|  |TAMS 0x000000072ae00000, 0x000000072ae00000| Untracked 
| 147|0x000000072b000000, 0x000000072b000000, 0x000000072b200000|  0%| F|  |TAMS 0x000000072b000000, 0x000000072b000000| Untracked 
| 148|0x000000072b200000, 0x000000072b200000, 0x000000072b400000|  0%| F|  |TAMS 0x000000072b200000, 0x000000072b200000| Untracked 
| 149|0x000000072b400000, 0x000000072b400000, 0x000000072b600000|  0%| F|  |TAMS 0x000000072b400000, 0x000000072b400000| Untracked 
| 150|0x000000072b600000, 0x000000072b600000, 0x000000072b800000|  0%| F|  |TAMS 0x000000072b600000, 0x000000072b600000| Untracked 
| 151|0x000000072b800000, 0x000000072b800000, 0x000000072ba00000|  0%| F|  |TAMS 0x000000072b800000, 0x000000072b800000| Untracked 
| 152|0x000000072ba00000, 0x000000072ba00000, 0x000000072bc00000|  0%| F|  |TAMS 0x000000072ba00000, 0x000000072ba00000| Untracked 
| 153|0x000000072bc00000, 0x000000072bc00000, 0x000000072be00000|  0%| F|  |TAMS 0x000000072bc00000, 0x000000072bc00000| Untracked 
| 154|0x000000072be00000, 0x000000072be00000, 0x000000072c000000|  0%| F|  |TAMS 0x000000072be00000, 0x000000072be00000| Untracked 
| 155|0x000000072c000000, 0x000000072c000000, 0x000000072c200000|  0%| F|  |TAMS 0x000000072c000000, 0x000000072c000000| Untracked 
| 156|0x000000072c200000, 0x000000072c200000, 0x000000072c400000|  0%| F|  |TAMS 0x000000072c200000, 0x000000072c200000| Untracked 
| 157|0x000000072c400000, 0x000000072c400000, 0x000000072c600000|  0%| F|  |TAMS 0x000000072c400000, 0x000000072c400000| Untracked 
| 158|0x000000072c600000, 0x000000072c600000, 0x000000072c800000|  0%| F|  |TAMS 0x000000072c600000, 0x000000072c600000| Untracked 
| 159|0x000000072c800000, 0x000000072c800000, 0x000000072ca00000|  0%| F|  |TAMS 0x000000072c800000, 0x000000072c800000| Untracked 
| 160|0x000000072ca00000, 0x000000072ca00000, 0x000000072cc00000|  0%| F|  |TAMS 0x000000072ca00000, 0x000000072ca00000| Untracked 
| 161|0x000000072cc00000, 0x000000072cc00000, 0x000000072ce00000|  0%| F|  |TAMS 0x000000072cc00000, 0x000000072cc00000| Untracked 
| 162|0x000000072ce00000, 0x000000072ce00000, 0x000000072d000000|  0%| F|  |TAMS 0x000000072ce00000, 0x000000072ce00000| Untracked 
| 163|0x000000072d000000, 0x000000072d000000, 0x000000072d200000|  0%| F|  |TAMS 0x000000072d000000, 0x000000072d000000| Untracked 
| 164|0x000000072d200000, 0x000000072d200000, 0x000000072d400000|  0%| F|  |TAMS 0x000000072d200000, 0x000000072d200000| Untracked 
| 165|0x000000072d400000, 0x000000072d400000, 0x000000072d600000|  0%| F|  |TAMS 0x000000072d400000, 0x000000072d400000| Untracked 
| 166|0x000000072d600000, 0x000000072d600000, 0x000000072d800000|  0%| F|  |TAMS 0x000000072d600000, 0x000000072d600000| Untracked 
| 167|0x000000072d800000, 0x000000072d800000, 0x000000072da00000|  0%| F|  |TAMS 0x000000072d800000, 0x000000072d800000| Untracked 
| 168|0x000000072da00000, 0x000000072da00000, 0x000000072dc00000|  0%| F|  |TAMS 0x000000072da00000, 0x000000072da00000| Untracked 
| 169|0x000000072dc00000, 0x000000072dc00000, 0x000000072de00000|  0%| F|  |TAMS 0x000000072dc00000, 0x000000072dc00000| Untracked 
| 170|0x000000072de00000, 0x000000072de00000, 0x000000072e000000|  0%| F|  |TAMS 0x000000072de00000, 0x000000072de00000| Untracked 
| 171|0x000000072e000000, 0x000000072e000000, 0x000000072e200000|  0%| F|  |TAMS 0x000000072e000000, 0x000000072e000000| Untracked 
| 172|0x000000072e200000, 0x000000072e200000, 0x000000072e400000|  0%| F|  |TAMS 0x000000072e200000, 0x000000072e200000| Untracked 
| 173|0x000000072e400000, 0x000000072e400000, 0x000000072e600000|  0%| F|  |TAMS 0x000000072e400000, 0x000000072e400000| Untracked 
| 174|0x000000072e600000, 0x000000072e600000, 0x000000072e800000|  0%| F|  |TAMS 0x000000072e600000, 0x000000072e600000| Untracked 
| 175|0x000000072e800000, 0x000000072e800000, 0x000000072ea00000|  0%| F|  |TAMS 0x000000072e800000, 0x000000072e800000| Untracked 
| 176|0x000000072ea00000, 0x000000072ea00000, 0x000000072ec00000|  0%| F|  |TAMS 0x000000072ea00000, 0x000000072ea00000| Untracked 
| 177|0x000000072ec00000, 0x000000072ec00000, 0x000000072ee00000|  0%| F|  |TAMS 0x000000072ec00000, 0x000000072ec00000| Untracked 
| 178|0x000000072ee00000, 0x000000072ee00000, 0x000000072f000000|  0%| F|  |TAMS 0x000000072ee00000, 0x000000072ee00000| Untracked 
| 179|0x000000072f000000, 0x000000072f000000, 0x000000072f200000|  0%| F|  |TAMS 0x000000072f000000, 0x000000072f000000| Untracked 
| 180|0x000000072f200000, 0x000000072f200000, 0x000000072f400000|  0%| F|  |TAMS 0x000000072f200000, 0x000000072f200000| Untracked 
| 181|0x000000072f400000, 0x000000072f400000, 0x000000072f600000|  0%| F|  |TAMS 0x000000072f400000, 0x000000072f400000| Untracked 
| 182|0x000000072f600000, 0x000000072f75ad10, 0x000000072f800000| 67%| E|  |TAMS 0x000000072f600000, 0x000000072f600000| Complete 
| 183|0x000000072f800000, 0x000000072f874dd8, 0x000000072fa00000| 22%| S|CS|TAMS 0x000000072f800000, 0x000000072f800000| Complete 
|1849|0x00000007ffc00000, 0x00000007ffd75000, 0x00000007ffe00000| 72%|OA|  |TAMS 0x00000007ffd75000, 0x00000007ffd75000| Untracked 
|1850|0x00000007ffe00000, 0x00000007ffe78000, 0x0000000800000000| 23%|CA|  |TAMS 0x00000007ffe78000, 0x00000007ffe78000| Untracked 

Card table byte_map: [0x000079dc5ef84000,0x000079dc5f6bf000] _byte_map_base: 0x000079dc5b6bf000

Marking Bits (Prev, Next): (CMBitMap*) 0x000079dc68083580, (CMBitMap*) 0x000079dc680835c0
 Prev Bits: [0x000079dc5ae71000, 0x000079dc5e849000)
 Next Bits: [0x000079dc57499000, 0x000079dc5ae71000)

Polling page: 0x000079dc70faf000

Metaspace:

Usage:
  Non-class:     32.66 MB used.
      Class:      5.03 MB used.
       Both:     37.69 MB used.

Virtual space:
  Non-class space:       64.00 MB reserved,      32.94 MB ( 51%) committed,  1 nodes.
      Class space:        1.00 GB reserved,       5.25 MB ( <1%) committed,  1 nodes.
             Both:        1.06 GB reserved,      38.19 MB (  4%) committed. 

Chunk freelists:
   Non-Class:  14.66 MB
       Class:  10.66 MB
        Both:  25.32 MB

MaxMetaspaceSize: unlimited
CompressedClassSpaceSize: 1.00 GB
Initial GC threshold: 21.00 MB
Current GC threshold: 63.69 MB
CDS: on
MetaspaceReclaimPolicy: balanced
 - commit_granule_bytes: 65536.
 - commit_granule_words: 8192.
 - virtual_space_node_default_size: 8388608.
 - enlarge_chunks_in_place: 1.
 - new_chunks_are_fully_committed: 0.
 - uncommit_free_chunks: 1.
 - use_allocation_guard: 0.
 - handle_deallocations: 1.


Internal statistics:

num_allocs_failed_limit: 6.
num_arena_births: 658.
num_arena_deaths: 0.
num_vsnodes_births: 2.
num_vsnodes_deaths: 0.
num_space_committed: 611.
num_space_uncommitted: 0.
num_chunks_returned_to_freelist: 6.
num_chunks_taken_from_freelist: 1886.
num_chunk_merges: 6.
num_chunk_splits: 1318.
num_chunks_enlarged: 972.
num_inconsistent_stats: 0.

CodeCache: size=49152Kb used=9570Kb max_used=9570Kb free=39581Kb
 bounds [0x000079dc6c400000, 0x000079dc6cd80000, 0x000079dc6f400000]
 total_blobs=5083 nmethods=4407 adapters=603
 compilation: enabled
              stopped_count=0, restarted_count=0
 full_count=0

Compilation events (20 events):
Event: 16.825 Thread 0x000079dc681824e0 nmethod 4397 0x000079dc6c556290 code [0x000079dc6c556440, 0x000079dc6c5565f0]
Event: 16.825 Thread 0x000079dc681824e0 4399       1       com.sun.imageio.plugins.tiff.TIFFDecompressor::decode (3010 bytes)
Event: 16.825 Thread 0x000079dbe04de050 nmethod 4398 0x000079dc6c555f10 code [0x000079dc6c5560a0, 0x000079dc6c5561c0]
Event: 16.825 Thread 0x000079dbe04de050 4400       1       java.awt.image.BufferedImage::getSubimage (38 bytes)
Event: 16.825 Thread 0x000079dbe04de050 nmethod 4400 0x000079dc6c555a10 code [0x000079dc6c555bc0, 0x000079dc6c555dd0]
Event: 16.825 Thread 0x000079dbe04de050 4401       1       java.awt.image.ComponentSampleModel::getOffset (23 bytes)
Event: 16.825 Thread 0x000079dbe04de050 nmethod 4401 0x000079dc6c555690 code [0x000079dc6c555820, 0x000079dc6c555930]
Event: 16.825 Thread 0x000079dbe04de050 4402       1       com.sun.imageio.plugins.tiff.TIFFDecompressor::getDataTypeSize (80 bytes)
Event: 16.825 Thread 0x000079dbe04de050 nmethod 4402 0x000079dc6c555110 code [0x000079dc6c5552e0, 0x000079dc6c555530]
Event: 16.825 Thread 0x000079dbe04de050 4403       1       com.sun.imageio.plugins.tiff.TIFFNullDecompressor::decodeRaw (243 bytes)
Event: 16.825 Thread 0x000079dbe04de050 nmethod 4403 0x000079dc6c554790 code [0x000079dc6c554980, 0x000079dc6c554df0]
Event: 16.825 Thread 0x000079dbe04de050 4404       1       com.sun.imageio.plugins.tiff.TIFFImageReader::reportProgress (68 bytes)
Event: 16.825 Thread 0x000079dbe04de050 nmethod 4404 0x000079dc6c554390 code [0x000079dc6c554560, 0x000079dc6c5546d0]
Event: 16.828 Thread 0x000079dc681824e0 nmethod 4399 0x000079dc6c54c310 code [0x000079dc6c54ca80, 0x000079dc6c550e90]
Event: 16.829 Thread 0x000079dc681824e0 4405       1       java.lang.Math::min (12 bytes)
Event: 16.829 Thread 0x000079dc681824e0 nmethod 4405 0x000079dc6c54c010 code [0x000079dc6c54c1a0, 0x000079dc6c54c250]
Event: 16.913 Thread 0x000079dbe04de050 4406 %     1       javax.imageio.stream.FileCacheImageOutputStream::flushBefore @ 44 (105 bytes)
Event: 16.913 Thread 0x000079dbe04de050 nmethod 4406% 0x000079dc6c54b590 code [0x000079dc6c54b7a0, 0x000079dc6c54bcf0]
Event: 16.914 Thread 0x000079dc681824e0 4407       1       javax.imageio.stream.FileCacheImageOutputStream::flushBefore (105 bytes)
Event: 16.914 Thread 0x000079dc681824e0 nmethod 4407 0x000079dc6c54ad10 code [0x000079dc6c54af00, 0x000079dc6c54b2f0]

GC Heap History (20 events):
Event: 15.344 GC heap before
{Heap before GC invocations=9 (full 0):
 garbage-first heap   total 98304K, used 64546K [0x0000000718a00000, 0x0000000800000000)
  region size 2048K, 27 young (55296K), 3 survivors (6144K)
 Metaspace       used 35525K, committed 35968K, reserved 1114112K
  class space    used 4769K, committed 4992K, reserved 1048576K
}
Event: 15.351 GC heap after
{Heap after GC invocations=10 (full 0):
 garbage-first heap   total 98304K, used 19962K [0x0000000718a00000, 0x0000000800000000)
  region size 2048K, 3 young (6144K), 3 survivors (6144K)
 Metaspace       used 35525K, committed 35968K, reserved 1114112K
  class space    used 4769K, committed 4992K, reserved 1048576K
}
Event: 16.015 GC heap before
{Heap before GC invocations=11 (full 0):
 garbage-first heap   total 200704K, used 181754K [0x0000000718a00000, 0x0000000800000000)
  region size 2048K, 27 young (55296K), 3 survivors (6144K)
 Metaspace       used 37220K, committed 37760K, reserved 1114112K
  class space    used 4938K, committed 5184K, reserved 1048576K
}
Event: 16.017 GC heap after
{Heap after GC invocations=12 (full 0):
 garbage-first heap   total 200704K, used 134676K [0x0000000718a00000, 0x0000000800000000)
  region size 2048K, 2 young (4096K), 2 survivors (4096K)
 Metaspace       used 37220K, committed 37760K, reserved 1114112K
  class space    used 4938K, committed 5184K, reserved 1048576K
}
Event: 16.024 GC heap before
{Heap before GC invocations=12 (full 0):
 garbage-first heap   total 200704K, used 136724K [0x0000000718a00000, 0x0000000800000000)
  region size 2048K, 4 young (8192K), 2 survivors (4096K)
 Metaspace       used 37220K, committed 37760K, reserved 1114112K
  class space    used 4938K, committed 5184K, reserved 1048576K
}
Event: 16.026 GC heap after
{Heap after GC invocations=13 (full 0):
 garbage-first heap   total 200704K, used 67325K [0x0000000718a00000, 0x0000000800000000)
  region size 2048K, 1 young (2048K), 1 survivors (2048K)
 Metaspace       used 37220K, committed 37760K, reserved 1114112K
  class space    used 4938K, committed 5184K, reserved 1048576K
}
Event: 16.392 GC heap before
{Heap before GC invocations=13 (full 0):
 garbage-first heap   total 200704K, used 85757K [0x0000000718a00000, 0x0000000800000000)
  region size 2048K, 11 young (22528K), 1 survivors (2048K)
 Metaspace       used 37253K, committed 37824K, reserved 1114112K
  class space    used 4941K, committed 5184K, reserved 1048576K
}
Event: 16.393 GC heap after
{Heap after GC invocations=14 (full 0):
 garbage-first heap   total 200704K, used 19871K [0x0000000718a00000, 0x0000000800000000)
  region size 2048K, 1 young (2048K), 1 survivors (2048K)
 Metaspace       used 37253K, committed 37824K, reserved 1114112K
  class space    used 4941K, committed 5184K, reserved 1048576K
}
Event: 16.696 GC heap before
{Heap before GC invocations=14 (full 0):
 garbage-first heap   total 200704K, used 183711K [0x0000000718a00000, 0x0000000800000000)
  region size 2048K, 58 young (118784K), 1 survivors (2048K)
 Metaspace       used 38338K, committed 38848K, reserved 1114112K
  class space    used 5085K, committed 5312K, reserved 1048576K
}
Event: 16.697 GC heap after
{Heap after GC invocations=15 (full 0):
 garbage-first heap   total 200704K, used 67235K [0x0000000718a00000, 0x0000000800000000)
  region size 2048K, 1 young (2048K), 1 survivors (2048K)
 Metaspace       used 38338K, committed 38848K, reserved 1114112K
  class space    used 5085K, committed 5312K, reserved 1048576K
}
Event: 16.806 GC heap before
{Heap before GC invocations=15 (full 0):
 garbage-first heap   total 200704K, used 130723K [0x0000000718a00000, 0x0000000800000000)
  region size 2048K, 33 young (67584K), 1 survivors (2048K)
 Metaspace       used 38583K, committed 39104K, reserved 1114112K
  class space    used 5152K, committed 5376K, reserved 1048576K
}
Event: 16.807 GC heap after
{Heap after GC invocations=16 (full 0):
 garbage-first heap   total 200704K, used 67172K [0x0000000718a00000, 0x0000000800000000)
  region size 2048K, 1 young (2048K), 1 survivors (2048K)
 Metaspace       used 38583K, committed 39104K, reserved 1114112K
  class space    used 5152K, committed 5376K, reserved 1048576K
}
Event: 16.830 GC heap before
{Heap before GC invocations=16 (full 0):
 garbage-first heap   total 200704K, used 114276K [0x0000000718a00000, 0x0000000800000000)
  region size 2048K, 2 young (4096K), 1 survivors (2048K)
 Metaspace       used 38591K, committed 39104K, reserved 1114112K
  class space    used 5152K, committed 5376K, reserved 1048576K
}
Event: 16.831 GC heap after
{Heap after GC invocations=17 (full 0):
 garbage-first heap   total 200704K, used 114804K [0x0000000718a00000, 0x0000000800000000)
  region size 2048K, 1 young (2048K), 1 survivors (2048K)
 Metaspace       used 38591K, committed 39104K, reserved 1114112K
  class space    used 5152K, committed 5376K, reserved 1048576K
}
Event: 16.852 GC heap before
{Heap before GC invocations=18 (full 0):
 garbage-first heap   total 219136K, used 137332K [0x0000000718a00000, 0x0000000800000000)
  region size 2048K, 1 young (2048K), 1 survivors (2048K)
 Metaspace       used 38591K, committed 39104K, reserved 1114112K
  class space    used 5152K, committed 5376K, reserved 1048576K
}
Event: 16.854 GC heap after
{Heap after GC invocations=19 (full 0):
 garbage-first heap   total 219136K, used 124525K [0x0000000718a00000, 0x0000000800000000)
  region size 2048K, 1 young (2048K), 1 survivors (2048K)
 Metaspace       used 38591K, committed 39104K, reserved 1114112K
  class space    used 5152K, committed 5376K, reserved 1048576K
}
Event: 16.876 GC heap before
{Heap before GC invocations=20 (full 0):
 garbage-first heap   total 245760K, used 142957K [0x0000000718a00000, 0x0000000800000000)
  region size 2048K, 1 young (2048K), 1 survivors (2048K)
 Metaspace       used 38591K, committed 39104K, reserved 1114112K
  class space    used 5152K, committed 5376K, reserved 1048576K
}
Event: 16.878 GC heap after
{Heap after GC invocations=21 (full 0):
 garbage-first heap   total 380928K, used 132723K [0x0000000718a00000, 0x0000000800000000)
  region size 2048K, 1 young (2048K), 1 survivors (2048K)
 Metaspace       used 38591K, committed 39104K, reserved 1114112K
  class space    used 5152K, committed 5376K, reserved 1048576K
}
Event: 16.918 GC heap before
{Heap before GC invocations=21 (full 0):
 garbage-first heap   total 380928K, used 167539K [0x0000000718a00000, 0x0000000800000000)
  region size 2048K, 1 young (2048K), 1 survivors (2048K)
 Metaspace       used 38591K, committed 39104K, reserved 1114112K
  class space    used 5152K, committed 5376K, reserved 1048576K
}
Event: 16.919 GC heap after
{Heap after GC invocations=22 (full 0):
 garbage-first heap   total 380928K, used 149104K [0x0000000718a00000, 0x0000000800000000)
  region size 2048K, 1 young (2048K), 1 survivors (2048K)
 Metaspace       used 38591K, committed 39104K, reserved 1114112K
  class space    used 5152K, committed 5376K, reserved 1048576K
}

Dll operation events (16 events):
Event: 0.002 Loaded shared library /usr/lib/jvm/java-17-openjdk-amd64/lib/libjava.so
Event: 0.014 Loaded shared library /usr/lib/jvm/java-17-openjdk-amd64/lib/libjsvml.so
Event: 0.109 Loaded shared library /usr/lib/jvm/java-17-openjdk-amd64/lib/libzip.so
Event: 0.110 Loaded shared library /usr/lib/jvm/java-17-openjdk-amd64/lib/libinstrument.so
Event: 0.112 Loaded shared library /usr/lib/jvm/java-17-openjdk-amd64/lib/libnio.so
Event: 0.115 Loaded shared library /usr/lib/jvm/java-17-openjdk-amd64/lib/libzip.so
Event: 0.168 Loaded shared library /usr/lib/jvm/java-17-openjdk-amd64/lib/libjimage.so
Event: 0.194 Loaded shared library /usr/lib/jvm/java-17-openjdk-amd64/lib/libmanagement.so
Event: 0.202 Loaded shared library /usr/lib/jvm/java-17-openjdk-amd64/lib/libmanagement_ext.so
Event: 0.233 Loaded shared library /usr/lib/jvm/java-17-openjdk-amd64/lib/libnet.so
Event: 0.313 Loaded shared library /usr/lib/jvm/java-17-openjdk-amd64/lib/libextnet.so
Event: 0.330 Loaded shared library /usr/lib/jvm/java-17-openjdk-amd64/lib/libverify.so
Event: 15.295 Loaded shared library /usr/lib/jvm/java-17-openjdk-amd64/lib/libawt.so
Event: 15.299 Loaded shared library /usr/lib/jvm/java-17-openjdk-amd64/lib/libawt_headless.so
Event: 15.360 Loaded shared library /usr/lib/jvm/java-17-openjdk-amd64/lib/libjavajpeg.so
Event: 16.490 Loaded shared library /home/amolkatte/.cache/JNA/temp/jna4448598083407619367.tmp

Deoptimization events (20 events):
Event: 15.412 Thread 0x000079db8c938f70 DEOPT PACKING pc=0x000079dc6caa6264 sp=0x000079dbf82efc20
Event: 15.412 Thread 0x000079db8c938f70 DEOPT UNPACKING pc=0x000079dc6c456e2f sp=0x000079dbf82ef220 mode 1
Event: 15.483 Thread 0x000079db8c938f70 DEOPT PACKING pc=0x000079dc6caa398c sp=0x000079dbf82ef960
Event: 15.483 Thread 0x000079db8c938f70 DEOPT UNPACKING pc=0x000079dc6c456e2f sp=0x000079dbf82eeeb8 mode 1
Event: 15.483 Thread 0x000079db8c938f70 DEOPT PACKING pc=0x000079dc6caa4f74 sp=0x000079dbf82efa50
Event: 15.483 Thread 0x000079db8c938f70 DEOPT UNPACKING pc=0x000079dc6c456e2f sp=0x000079dbf82ef020 mode 1
Event: 15.483 Thread 0x000079db8c938f70 DEOPT PACKING pc=0x000079dc6caa6264 sp=0x000079dbf82efbc0
Event: 15.483 Thread 0x000079db8c938f70 DEOPT UNPACKING pc=0x000079dc6c456e2f sp=0x000079dbf82ef1c0 mode 1
Event: 15.926 Thread 0x000079db8c938f70 DEOPT PACKING pc=0x000079dc6caa398c sp=0x000079dbf82efcb0
Event: 15.926 Thread 0x000079db8c938f70 DEOPT UNPACKING pc=0x000079dc6c456e2f sp=0x000079dbf82ef208 mode 1
Event: 15.926 Thread 0x000079db8c938f70 DEOPT PACKING pc=0x000079dc6caa4f74 sp=0x000079dbf82efda0
Event: 15.926 Thread 0x000079db8c938f70 DEOPT UNPACKING pc=0x000079dc6c456e2f sp=0x000079dbf82ef370 mode 1
Event: 15.926 Thread 0x000079db8c938f70 DEOPT PACKING pc=0x000079dc6caa6264 sp=0x000079dbf82eff10
Event: 15.926 Thread 0x000079db8c938f70 DEOPT UNPACKING pc=0x000079dc6c456e2f sp=0x000079dbf82ef510 mode 1
Event: 16.061 Thread 0x000079db8c938f70 DEOPT PACKING pc=0x000079dc6caa398c sp=0x000079dbf82ef6a0
Event: 16.061 Thread 0x000079db8c938f70 DEOPT UNPACKING pc=0x000079dc6c456e2f sp=0x000079dbf82eebf8 mode 1
Event: 16.061 Thread 0x000079db8c938f70 DEOPT PACKING pc=0x000079dc6caa4f74 sp=0x000079dbf82ef790
Event: 16.061 Thread 0x000079db8c938f70 DEOPT UNPACKING pc=0x000079dc6c456e2f sp=0x000079dbf82eed60 mode 1
Event: 16.061 Thread 0x000079db8c938f70 DEOPT PACKING pc=0x000079dc6caa6264 sp=0x000079dbf82ef900
Event: 16.061 Thread 0x000079db8c938f70 DEOPT UNPACKING pc=0x000079dc6c456e2f sp=0x000079dbf82eef00 mode 1

Classes loaded (20 events):
Event: 16.803 Loading class javax/imageio/plugins/tiff/GeoTIFFTagSet
Event: 16.804 Loading class javax/imageio/plugins/tiff/GeoTIFFTagSet done
Event: 16.804 Loading class javax/imageio/plugins/tiff/GeoTIFFTagSet$ModelPixelScale
Event: 16.804 Loading class javax/imageio/plugins/tiff/GeoTIFFTagSet$ModelPixelScale done
Event: 16.804 Loading class javax/imageio/plugins/tiff/GeoTIFFTagSet$ModelTransformation
Event: 16.804 Loading class javax/imageio/plugins/tiff/GeoTIFFTagSet$ModelTransformation done
Event: 16.804 Loading class javax/imageio/plugins/tiff/GeoTIFFTagSet$ModelTiepoint
Event: 16.804 Loading class javax/imageio/plugins/tiff/GeoTIFFTagSet$ModelTiepoint done
Event: 16.804 Loading class javax/imageio/plugins/tiff/GeoTIFFTagSet$GeoKeyDirectory
Event: 16.804 Loading class javax/imageio/plugins/tiff/GeoTIFFTagSet$GeoKeyDirectory done
Event: 16.804 Loading class javax/imageio/plugins/tiff/GeoTIFFTagSet$GeoDoubleParams
Event: 16.804 Loading class javax/imageio/plugins/tiff/GeoTIFFTagSet$GeoDoubleParams done
Event: 16.804 Loading class javax/imageio/plugins/tiff/GeoTIFFTagSet$GeoAsciiParams
Event: 16.804 Loading class javax/imageio/plugins/tiff/GeoTIFFTagSet$GeoAsciiParams done
Event: 16.804 Loading class com/sun/imageio/plugins/tiff/TIFFIFD$TIFFIFDEntry
Event: 16.804 Loading class com/sun/imageio/plugins/tiff/TIFFIFD$TIFFIFDEntry done
Event: 16.806 Loading class com/sun/imageio/plugins/tiff/TIFFDecompressor
Event: 16.806 Loading class com/sun/imageio/plugins/tiff/TIFFDecompressor done
Event: 16.810 Loading class com/sun/imageio/plugins/tiff/TIFFNullDecompressor
Event: 16.810 Loading class com/sun/imageio/plugins/tiff/TIFFNullDecompressor done

Classes unloaded (0 events):
No events

Classes redefined (0 events):
No events

Internal exceptions (20 events):
Event: 1.338 Thread 0x000079db980030e0 Exception <a 'java/lang/NoSuchMethodError'{0x000000071b3eace0}: 'void java.lang.invoke.DirectMethodHandle$Holder.invokeVirtual(java.lang.Object, java.lang.Object, int)'> (0x000000071b3eace0) 
thrown [./src/hotspot/share/interpreter/linkResolver.cpp, line 758]
Event: 1.339 Thread 0x000079db980030e0 Exception <a 'java/lang/NoSuchMethodError'{0x000000071b3f0f18}: 'void java.lang.invoke.DirectMethodHandle$Holder.invokeStatic(java.lang.Object, java.lang.Object, java.lang.Object, int, java.lang.Object)'> (0x000000071b3f0f18) 
thrown [./src/hotspot/share/interpreter/linkResolver.cpp, line 758]
Event: 1.339 Thread 0x000079db980030e0 Exception <a 'java/lang/NoSuchMethodError'{0x000000071b3f8420}: 'java.lang.Object java.lang.invoke.DirectMethodHandle$Holder.newInvokeSpecial(java.lang.Object, java.lang.Object, java.lang.Object, int)'> (0x000000071b3f8420) 
thrown [./src/hotspot/share/interpreter/linkResolver.cpp, line 758]
Event: 1.339 Thread 0x000079db980030e0 Exception <a 'java/lang/NoSuchMethodError'{0x000000071b3fc708}: 'java.lang.Object java.lang.invoke.DirectMethodHandle$Holder.invokeSpecial(java.lang.Object, java.lang.Object, java.lang.Object, java.lang.Object, int)'> (0x000000071b3fc708) 
thrown [./src/hotspot/share/interpreter/linkResolver.cpp, line 758]
Event: 1.339 Thread 0x000079db980030e0 Exception <a 'java/lang/NoSuchMethodError'{0x000000071b000340}: 'java.lang.Object java.lang.invoke.Invokers$Holder.linkToTargetMethod(java.lang.Object, java.lang.Object, int, java.lang.Object)'> (0x000000071b000340) 
thrown [./src/hotspot/share/interpreter/linkResolver.cpp, line 758]
Event: 1.453 Thread 0x000079db980030e0 Exception <a 'java/lang/NoSuchMethodError'{0x0000000723d1c180}: 'java.lang.Object java.lang.invoke.DirectMethodHandle$Holder.invokeSpecial(java.lang.Object, java.lang.Object, long, java.lang.Object, java.lang.Object, java.lang.Object, java.lang.Object, java.lang.Object, java.lang.Object)'> (0x0000000723d1c180) 
thrown [./src/hotspot/share/interpreter/linkResolver.cpp, line 758]
Event: 1.453 Thread 0x000079db980030e0 Exception <a 'java/lang/NoSuchMethodError'{0x0000000723d20ca8}: 'java.lang.Object java.lang.invoke.DelegatingMethodHandle$Holder.reinvoke_L(java.lang.Object, long, java.lang.Object, java.lang.Object, java.lang.Object, java.lang.Object, java.lang.Object, java.lang.Object)'> (0x0000000723d20ca8) 
thrown [./src/hotspot/share/interpreter/linkResolver.cpp, line 758]
Event: 1.468 Thread 0x000079db980030e0 Exception <a 'java/io/FileNotFoundException'{0x000000071dde7060}> (0x000000071dde7060) 
thrown [./src/hotspot/share/prims/jni.cpp, line 516]
Event: 1.475 Thread 0x000079db980030e0 Exception <a 'java/lang/NoSuchMethodError'{0x000000071db55268}: 'int java.lang.invoke.DirectMethodHandle$Holder.invokeInterface(java.lang.Object, java.lang.Object, java.lang.Object, java.lang.Object)'> (0x000000071db55268) 
thrown [./src/hotspot/share/interpreter/linkResolver.cpp, line 758]
Event: 1.499 Thread 0x000079db980030e0 Exception <a 'java/lang/NoSuchMethodError'{0x000000071d6fc648}: 'long java.lang.invoke.DirectMethodHandle$Holder.invokeVirtual(java.lang.Object, java.lang.Object)'> (0x000000071d6fc648) 
thrown [./src/hotspot/share/interpreter/linkResolver.cpp, line 758]
Event: 1.502 Thread 0x000079db980030e0 Exception <a 'java/io/FileNotFoundException'{0x000000071d774030}> (0x000000071d774030) 
thrown [./src/hotspot/share/prims/jni.cpp, line 516]
Event: 1.555 Thread 0x000079dbc0002470 Exception <a 'java/lang/reflect/InvocationTargetException'{0x000000071ce01b60}> (0x000000071ce01b60) 
thrown [./src/hotspot/share/runtime/reflection.cpp, line 1126]
Event: 1.638 Thread 0x000079db980030e0 Exception <a 'java/lang/IncompatibleClassChangeError'{0x000000071c369320}: Found class java.lang.Object, but interface was expected> (0x000000071c369320) 
thrown [./src/hotspot/share/interpreter/linkResolver.cpp, line 826]
Event: 1.653 Thread 0x000079db980030e0 Exception <a 'java/lang/NoSuchMethodError'{0x000000071c1dee60}: 'void java.lang.invoke.DirectMethodHandle$Holder.invokeVirtual(java.lang.Object, java.lang.Object, long)'> (0x000000071c1dee60) 
thrown [./src/hotspot/share/interpreter/linkResolver.cpp, line 758]
Event: 1.697 Thread 0x000079db980030e0 Exception <a 'java/lang/NoSuchMethodError'{0x000000071b609b08}: 'int java.lang.invoke.DirectMethodHandle$Holder.invokeStaticInit(java.lang.Object, java.lang.Object, java.lang.Object, java.lang.Object)'> (0x000000071b609b08) 
thrown [./src/hotspot/share/interpreter/linkResolver.cpp, line 758]
Event: 1.757 Thread 0x000079db980030e0 Exception <a 'java/lang/NoSuchMethodError'{0x00000007270a4d40}: 'java.lang.Object java.lang.invoke.DirectMethodHandle$Holder.newInvokeSpecial(java.lang.Object, java.lang.Object, int, java.lang.Object, java.lang.Object)'> (0x00000007270a4d40) 
thrown [./src/hotspot/share/interpreter/linkResolver.cpp, line 758]
Event: 10.456 Thread 0x000079db8c938050 Exception <a 'java/lang/NoSuchMethodError'{0x000000071dd985c8}: 'java.lang.Object java.lang.invoke.DirectMethodHandle$Holder.invokeSpecial(java.lang.Object, java.lang.Object, java.lang.Object, java.lang.Object, java.lang.Object, long)'> (0x000000071dd985c8) 
thrown [./src/hotspot/share/interpreter/linkResolver.cpp, line 758]
Event: 10.456 Thread 0x000079db8c938050 Exception <a 'java/lang/NoSuchMethodError'{0x000000071dd9c008}: 'java.lang.Object java.lang.invoke.Invokers$Holder.linkToTargetMethod(java.lang.Object, java.lang.Object, java.lang.Object, long, java.lang.Object)'> (0x000000071dd9c008) 
thrown [./src/hotspot/share/interpreter/linkResolver.cpp, line 758]
Event: 15.288 Thread 0x000079db8c938f70 Exception <a 'java/lang/ClassNotFoundException'{0x000000071ba723a0}: sun/awt/resources/spi/awtProvider> (0x000000071ba723a0) 
thrown [./src/hotspot/share/classfile/systemDictionary.cpp, line 257]
Event: 15.299 Thread 0x000079db8c938f70 Exception <a 'java/io/FileNotFoundException'{0x000000071ba7c060}> (0x000000071ba7c060) 
thrown [./src/hotspot/share/prims/jni.cpp, line 516]

VM Operations (20 events):
Event: 16.696 Executing VM operation: G1CollectForAllocation
Event: 16.697 Executing VM operation: G1CollectForAllocation done
Event: 16.806 Executing VM operation: G1TryInitiateConcMark
Event: 16.807 Executing VM operation: G1TryInitiateConcMark done
Event: 16.830 Executing VM operation: G1TryInitiateConcMark
Event: 16.831 Executing VM operation: G1TryInitiateConcMark done
Event: 16.838 Executing VM operation: G1PauseRemark
Event: 16.840 Executing VM operation: G1PauseRemark done
Event: 16.842 Executing VM operation: G1PauseCleanup
Event: 16.843 Executing VM operation: G1PauseCleanup done
Event: 16.852 Executing VM operation: G1TryInitiateConcMark
Event: 16.854 Executing VM operation: G1TryInitiateConcMark done
Event: 16.861 Executing VM operation: G1PauseRemark
Event: 16.862 Executing VM operation: G1PauseRemark done
Event: 16.865 Executing VM operation: G1PauseCleanup
Event: 16.865 Executing VM operation: G1PauseCleanup done
Event: 16.876 Executing VM operation: G1TryInitiateConcMark
Event: 16.878 Executing VM operation: G1TryInitiateConcMark done
Event: 16.918 Executing VM operation: G1TryInitiateConcMark
Event: 16.919 Executing VM operation: G1TryInitiateConcMark done

Memory protections (20 events):
Event: 1.511 Protecting memory [0x000079dbf85f4000,0x000079dbf85f8000] with protection modes 0
Event: 1.742 Protecting memory [0x000079dbf84f4000,0x000079dbf84f8000] with protection modes 0
Event: 1.744 Protecting memory [0x000079dbf83f4000,0x000079dbf83f8000] with protection modes 0
Event: 1.744 Protecting memory [0x000079dbf82f4000,0x000079dbf82f8000] with protection modes 0
Event: 1.763 Protecting memory [0x000079dbf83f4000,0x000079dbf83f8000] with protection modes 0
Event: 1.763 Protecting memory [0x000079dbf81f4000,0x000079dbf81f8000] with protection modes 0
Event: 1.763 Protecting memory [0x000079dbf80f4000,0x000079dbf80f8000] with protection modes 0
Event: 1.763 Protecting memory [0x000079db4bf00000,0x000079db4bf04000] with protection modes 0
Event: 1.763 Protecting memory [0x000079db4be00000,0x000079db4be04000] with protection modes 0
Event: 1.763 Protecting memory [0x000079db4bd00000,0x000079db4bd04000] with protection modes 0
Event: 1.763 Protecting memory [0x000079db4bc00000,0x000079db4bc04000] with protection modes 0
Event: 1.764 Protecting memory [0x000079db4bb00000,0x000079db4bb04000] with protection modes 0
Event: 1.764 Protecting memory [0x000079db4ba00000,0x000079db4ba04000] with protection modes 0
Event: 1.764 Protecting memory [0x000079db4b900000,0x000079db4b904000] with protection modes 0
Event: 1.767 Protecting memory [0x000079db4b800000,0x000079db4b804000] with protection modes 0
Event: 1.768 Protecting memory [0x000079db4b700000,0x000079db4b704000] with protection modes 0
Event: 1.782 Protecting memory [0x000079dc6f700000,0x000079dc6f704000] with protection modes 0
Event: 15.355 Protecting memory [0x000079dbfa300000,0x000079dbfa304000] with protection modes 0
Event: 16.504 Protecting memory [0x000079dc57018000,0x000079dc5701c000] with protection modes 0
Event: 16.815 Protecting memory [0x000079dbf94fa000,0x000079dbf94fe000] with protection modes 0

Nmethod flushes (0 events):
No events

Events (20 events):
Event: 1.763 Thread 0x000079db980030e0 Thread added: 0x000079db8c938f70
Event: 1.763 Thread 0x000079db980030e0 Thread added: 0x000079db8c939d00
Event: 1.763 Thread 0x000079db980030e0 Thread added: 0x000079db8c93ac00
Event: 1.763 Thread 0x000079db980030e0 Thread added: 0x000079db8c93bd20
Event: 1.763 Thread 0x000079db980030e0 Thread added: 0x000079db8c93ce60
Event: 1.763 Thread 0x000079db980030e0 Thread added: 0x000079db8c93e750
Event: 1.764 Thread 0x000079db980030e0 Thread added: 0x000079db8c93fc70
Event: 1.764 Thread 0x000079db980030e0 Thread added: 0x000079db8c941060
Event: 1.764 Thread 0x000079db980030e0 Thread added: 0x000079db8c942590
Event: 1.767 Thread 0x000079db980030e0 Thread added: 0x000079db8c945f60
Event: 1.768 Thread 0x000079db980030e0 Thread added: 0x000079db8c94c1c0
Event: 1.779 Thread 0x000079db980030e0 Thread exited: 0x000079db980030e0
Event: 1.781 Thread 0x000079dc68749830 Thread exited: 0x000079dc68749830
Event: 1.782 Thread 0x000079dc6801cd00 Thread exited: 0x000079dc6801cd00
Event: 1.782 Thread 0x000079dc6801cd00 Thread added: 0x000079dc6801cd00
Event: 3.344 Thread 0x000079dbe027a410 Thread exited: 0x000079dbe027a410
Event: 4.345 Thread 0x000079dbe00bdee0 Thread exited: 0x000079dbe00bdee0
Event: 15.355 Thread 0x000079db8c938f70 Thread added: 0x000079db5006a8f0
Event: 16.504 Thread 0x000079db8c938f70 Thread added: 0x000079db500db0d0
Event: 16.815 Thread 0x000079dc681824e0 Thread added: 0x000079dbe04de050


Dynamic libraries:
718a00000-72fa00000 rw-p 00000000 00:00 0 
72fa00000-7ffc00000 ---p 00000000 00:00 0 
7ffc00000-7ffd00000 rw-p 00000000 00:00 0 
7ffd00000-7ffd75000 rw-p 00c7a000 103:03 939928                          /usr/lib/jvm/java-17-openjdk-amd64/lib/server/classes.jsa
7ffd75000-7ffe00000 rw-p 00000000 00:00 0 
7ffe00000-7ffe78000 rw-p 00c02000 103:03 939928                          /usr/lib/jvm/java-17-openjdk-amd64/lib/server/classes.jsa
7ffe78000-800000000 rw-p 00000000 00:00 0 
6198415a6000-6198415a7000 r--p 00000000 103:03 917956                    /usr/lib/jvm/java-17-openjdk-amd64/bin/java
6198415a7000-6198415a8000 r-xp 00001000 103:03 917956                    /usr/lib/jvm/java-17-openjdk-amd64/bin/java
6198415a8000-6198415a9000 r--p 00002000 103:03 917956                    /usr/lib/jvm/java-17-openjdk-amd64/bin/java
6198415a9000-6198415aa000 r--p 00002000 103:03 917956                    /usr/lib/jvm/java-17-openjdk-amd64/bin/java
6198415aa000-6198415ab000 rw-p 00003000 103:03 917956                    /usr/lib/jvm/java-17-openjdk-amd64/bin/java
619868174000-6198681bd000 rw-p 00000000 00:00 0                          [heap]
79db13a27000-79db17730000 rw-p 00000000 00:00 0 
79db1b439000-79db1e200000 rw-p 00000000 00:00 0 
79db1e200000-79db1e201000 r--p 00000000 103:03 926555                    /usr/lib/x86_64-linux-gnu/libicudata.so.74.2
79db1e201000-79db1e202000 r-xp 00001000 103:03 926555                    /usr/lib/x86_64-linux-gnu/libicudata.so.74.2
79db1e202000-79db1ff5e000 r--p 00002000 103:03 926555                    /usr/lib/x86_64-linux-gnu/libicudata.so.74.2
79db1ff5e000-79db1ff5f000 r--p 01d5d000 103:03 926555                    /usr/lib/x86_64-linux-gnu/libicudata.so.74.2
79db1ff5f000-79db1ff60000 rw-p 01d5e000 103:03 926555                    /usr/lib/x86_64-linux-gnu/libicudata.so.74.2
79db20000000-79db20021000 rw-p 00000000 00:00 0 
79db20021000-79db24000000 ---p 00000000 00:00 0 
79db24000000-79db24021000 rw-p 00000000 00:00 0 
79db24021000-79db28000000 ---p 00000000 00:00 0 
79db28000000-79db28021000 rw-p 00000000 00:00 0 
79db28021000-79db2c000000 ---p 00000000 00:00 0 
79db2c000000-79db2c021000 rw-p 00000000 00:00 0 
79db2c021000-79db30000000 ---p 00000000 00:00 0 
79db30000000-79db30021000 rw-p 00000000 00:00 0 
79db30021000-79db34000000 ---p 00000000 00:00 0 
79db34000000-79db34021000 rw-p 00000000 00:00 0 
79db34021000-79db38000000 ---p 00000000 00:00 0 
79db38000000-79db38021000 rw-p 00000000 00:00 0 
79db38021000-79db3c000000 ---p 00000000 00:00 0 
79db3c000000-79db3c021000 rw-p 00000000 00:00 0 
79db3c021000-79db40000000 ---p 00000000 00:00 0 
79db40000000-79db40021000 rw-p 00000000 00:00 0 
79db40021000-79db44000000 ---p 00000000 00:00 0 
79db44000000-79db44021000 rw-p 00000000 00:00 0 
79db44021000-79db48000000 ---p 00000000 00:00 0 
79db494ad000-79db49697000 rw-p 00000000 00:00 0 
79db49697000-79db49699000 r--p 00000000 103:03 928951                    /usr/lib/x86_64-linux-gnu/libffi.so.8.1.4
79db49699000-79db496a0000 r-xp 00002000 103:03 928951                    /usr/lib/x86_64-linux-gnu/libffi.so.8.1.4
79db496a0000-79db496a1000 r--p 00009000 103:03 928951                    /usr/lib/x86_64-linux-gnu/libffi.so.8.1.4
79db496a1000-79db496a2000 r--p 0000a000 103:03 928951                    /usr/lib/x86_64-linux-gnu/libffi.so.8.1.4
79db496a2000-79db496a3000 rw-p 0000b000 103:03 928951                    /usr/lib/x86_64-linux-gnu/libffi.so.8.1.4
79db496a3000-79db496a6000 r--p 00000000 103:03 959544                    /usr/lib/x86_64-linux-gnu/libresolv.so.2
79db496a6000-79db496af000 r-xp 00003000 103:03 959544                    /usr/lib/x86_64-linux-gnu/libresolv.so.2
79db496af000-79db496b1000 r--p 0000c000 103:03 959544                    /usr/lib/x86_64-linux-gnu/libresolv.so.2
79db496b1000-79db496b2000 r--p 0000e000 103:03 959544                    /usr/lib/x86_64-linux-gnu/libresolv.so.2
79db496b2000-79db496b3000 rw-p 0000f000 103:03 959544                    /usr/lib/x86_64-linux-gnu/libresolv.so.2
79db496b3000-79db496b5000 rw-p 00000000 00:00 0 
79db496b5000-79db496b8000 r--p 00000000 103:03 927196                    /usr/lib/x86_64-linux-gnu/libtasn1.so.6.6.3
79db496b8000-79db496c6000 r-xp 00003000 103:03 927196                    /usr/lib/x86_64-linux-gnu/libtasn1.so.6.6.3
79db496c6000-79db496c9000 r--p 00011000 103:03 927196                    /usr/lib/x86_64-linux-gnu/libtasn1.so.6.6.3
79db496c9000-79db496ca000 r--p 00014000 103:03 927196                    /usr/lib/x86_64-linux-gnu/libtasn1.so.6.6.3
79db496ca000-79db496cb000 rw-p 00015000 103:03 927196                    /usr/lib/x86_64-linux-gnu/libtasn1.so.6.6.3
79db496cb000-79db49703000 r--p 00000000 103:03 921173                    /usr/lib/x86_64-linux-gnu/libp11-kit.so.0.3.1
79db49703000-79db497d5000 r-xp 00038000 103:03 921173                    /usr/lib/x86_64-linux-gnu/libp11-kit.so.0.3.1
79db497d5000-79db49854000 r--p 0010a000 103:03 921173                    /usr/lib/x86_64-linux-gnu/libp11-kit.so.0.3.1
79db49854000-79db49861000 r--p 00188000 103:03 921173                    /usr/lib/x86_64-linux-gnu/libp11-kit.so.0.3.1
79db49861000-79db4986e000 rw-p 00195000 103:03 921173                    /usr/lib/x86_64-linux-gnu/libp11-kit.so.0.3.1
79db4986e000-79db4986f000 rw-p 00000000 00:00 0 
79db4986f000-79db49870000 r--p 00000000 103:03 930386                    /usr/lib/x86_64-linux-gnu/libdeflate.so.0
79db49870000-79db4987c000 r-xp 00001000 103:03 930386                    /usr/lib/x86_64-linux-gnu/libdeflate.so.0
79db4987c000-79db49880000 r--p 0000d000 103:03 930386                    /usr/lib/x86_64-linux-gnu/libdeflate.so.0
79db49880000-79db49881000 r--p 00011000 103:03 930386                    /usr/lib/x86_64-linux-gnu/libdeflate.so.0
79db49881000-79db49882000 rw-p 00012000 103:03 930386                    /usr/lib/x86_64-linux-gnu/libdeflate.so.0
79db49882000-79db49884000 r--p 00000000 103:03 929121                    /usr/lib/x86_64-linux-gnu/libjbig.so.0
79db49884000-79db4988d000 r-xp 00002000 103:03 929121                    /usr/lib/x86_64-linux-gnu/libjbig.so.0
79db4988d000-79db4988e000 r--p 0000b000 103:03 929121                    /usr/lib/x86_64-linux-gnu/libjbig.so.0
79db4988e000-79db4988f000 r--p 0000c000 103:03 929121                    /usr/lib/x86_64-linux-gnu/libjbig.so.0
79db4988f000-79db49892000 rw-p 0000d000 103:03 929121                    /usr/lib/x86_64-linux-gnu/libjbig.so.0
79db49892000-79db49897000 r--p 00000000 103:03 928687                    /usr/lib/x86_64-linux-gnu/libLerc.so.4
79db49897000-79db4990f000 r-xp 00005000 103:03 928687                    /usr/lib/x86_64-linux-gnu/libLerc.so.4
79db4990f000-79db49917000 r--p 0007d000 103:03 928687                    /usr/lib/x86_64-linux-gnu/libLerc.so.4
79db49917000-79db49918000 r--p 00084000 103:03 928687                    /usr/lib/x86_64-linux-gnu/libLerc.so.4
79db49918000-79db49919000 rw-p 00085000 103:03 928687                    /usr/lib/x86_64-linux-gnu/libLerc.so.4
79db49919000-79db4991a000 r--p 00000000 103:03 928840                    /usr/lib/x86_64-linux-gnu/libbrotlicommon.so.1.1.0
79db4991a000-79db4991b000 r-xp 00001000 103:03 928840                    /usr/lib/x86_64-linux-gnu/libbrotlicommon.so.1.1.0
79db4991b000-79db4993a000 r--p 00002000 103:03 928840                    /usr/lib/x86_64-linux-gnu/libbrotlicommon.so.1.1.0
79db4993a000-79db4993b000 r--p 00021000 103:03 928840                    /usr/lib/x86_64-linux-gnu/libbrotlicommon.so.1.1.0
79db4993b000-79db4993c000 rw-p 00022000 103:03 928840                    /usr/lib/x86_64-linux-gnu/libbrotlicommon.so.1.1.0
79db4993c000-79db4993f000 r--p 00000000 103:03 921438                    /usr/lib/x86_64-linux-gnu/libsasl2.so.2.0.25
79db4993f000-79db4994f000 r-xp 00003000 103:03 921438                    /usr/lib/x86_64-linux-gnu/libsasl2.so.2.0.25
79db4994f000-79db49954000 r--p 00013000 103:03 921438                    /usr/lib/x86_64-linux-gnu/libsasl2.so.2.0.25
79db49954000-79db49955000 r--p 00017000 103:03 921438                    /usr/lib/x86_64-linux-gnu/libsasl2.so.2.0.25
79db49955000-79db49956000 rw-p 00018000 103:03 921438                    /usr/lib/x86_64-linux-gnu/libsasl2.so.2.0.25
79db49956000-79db49959000 r--p 00000000 103:03 926502                    /usr/lib/x86_64-linux-gnu/libkrb5support.so.0.1
79db49959000-79db4995f000 r-xp 00003000 103:03 926502                    /usr/lib/x86_64-linux-gnu/libkrb5support.so.0.1
79db4995f000-79db49961000 r--p 00009000 103:03 926502                    /usr/lib/x86_64-linux-gnu/libkrb5support.so.0.1
79db49961000-79db49962000 r--p 0000a000 103:03 926502                    /usr/lib/x86_64-linux-gnu/libkrb5support.so.0.1
79db49962000-79db49963000 rw-p 0000b000 103:03 926502                    /usr/lib/x86_64-linux-gnu/libkrb5support.so.0.1
79db49963000-79db49967000 r--p 00000000 103:03 918985                    /usr/lib/x86_64-linux-gnu/libk5crypto.so.3.1
79db49967000-79db49982000 r-xp 00004000 103:03 918985                    /usr/lib/x86_64-linux-gnu/libk5crypto.so.3.1
79db49982000-79db4998d000 r--p 0001f000 103:03 918985                    /usr/lib/x86_64-linux-gnu/libk5crypto.so.3.1
79db4998d000-79db4998e000 r--p 0002a000 103:03 918985                    /usr/lib/x86_64-linux-gnu/libk5crypto.so.3.1
79db4998e000-79db4998f000 rw-p 0002b000 103:03 918985                    /usr/lib/x86_64-linux-gnu/libk5crypto.so.3.1
79db4998f000-79db499af000 r--p 00000000 103:03 917954                    /usr/lib/x86_64-linux-gnu/libkrb5.so.3.3
79db499af000-79db49a10000 r-xp 00020000 103:03 917954                    /usr/lib/x86_64-linux-gnu/libkrb5.so.3.3
79db49a10000-79db49a49000 r--p 00081000 103:03 917954                    /usr/lib/x86_64-linux-gnu/libkrb5.so.3.3
79db49a49000-79db49a56000 r--p 000ba000 103:03 917954                    /usr/lib/x86_64-linux-gnu/libkrb5.so.3.3
79db49a56000-79db49a58000 rw-p 000c7000 103:03 917954                    /usr/lib/x86_64-linux-gnu/libkrb5.so.3.3
79db49a58000-79db49a8b000 r--p 00000000 103:03 923308                    /usr/lib/x86_64-linux-gnu/libgnutls.so.30.37.1
79db49a8b000-79db49bc5000 r-xp 00033000 103:03 923308                    /usr/lib/x86_64-linux-gnu/libgnutls.so.30.37.1
79db49bc5000-79db49c3e000 r--p 0016d000 103:03 923308                    /usr/lib/x86_64-linux-gnu/libgnutls.so.30.37.1
79db49c3e000-79db49c4e000 r--p 001e6000 103:03 923308                    /usr/lib/x86_64-linux-gnu/libgnutls.so.30.37.1
79db49c4e000-79db49c50000 rw-p 001f6000 103:03 923308                    /usr/lib/x86_64-linux-gnu/libgnutls.so.30.37.1
79db49c50000-79db49c53000 rw-p 00000000 00:00 0 
79db49c53000-79db49c64000 r--p 00000000 103:03 927504                    /usr/lib/x86_64-linux-gnu/libunistring.so.5.0.0
79db49c64000-79db49c9b000 r-xp 00011000 103:03 927504                    /usr/lib/x86_64-linux-gnu/libunistring.so.5.0.0
79db49c9b000-79db49dfb000 r--p 00048000 103:03 927504                    /usr/lib/x86_64-linux-gnu/libunistring.so.5.0.0
79db49dfb000-79db49dff000 r--p 001a8000 103:03 927504                    /usr/lib/x86_64-linux-gnu/libunistring.so.5.0.0
79db49dff000-79db49e00000 rw-p 001ac000 103:03 927504                    /usr/lib/x86_64-linux-gnu/libunistring.so.5.0.0
79db49e00000-79db49e68000 r--p 00000000 103:03 928397                    /usr/lib/x86_64-linux-gnu/libicuuc.so.74.2
79db49e68000-79db49f6d000 r-xp 00068000 103:03 928397                    /usr/lib/x86_64-linux-gnu/libicuuc.so.74.2
79db49f6d000-79db49ff7000 r--p 0016d000 103:03 928397                    /usr/lib/x86_64-linux-gnu/libicuuc.so.74.2
79db49ff7000-79db4a00a000 r--p 001f7000 103:03 928397                    /usr/lib/x86_64-linux-gnu/libicuuc.so.74.2
79db4a00a000-79db4a00b000 rw-p 0020a000 103:03 928397                    /usr/lib/x86_64-linux-gnu/libicuuc.so.74.2
79db4a00b000-79db4a00d000 rw-p 00000000 00:00 0 
79db4a013000-79db4a01d000 r--p 00000000 103:03 927074                    /usr/lib/x86_64-linux-gnu/libgmp.so.10.5.0
79db4a01d000-79db4a080000 r-xp 0000a000 103:03 927074                    /usr/lib/x86_64-linux-gnu/libgmp.so.10.5.0
79db4a080000-79db4a095000 r--p 0006d000 103:03 927074                    /usr/lib/x86_64-linux-gnu/libgmp.so.10.5.0
79db4a095000-79db4a096000 r--p 00081000 103:03 927074                    /usr/lib/x86_64-linux-gnu/libgmp.so.10.5.0
79db4a096000-79db4a097000 rw-p 00082000 103:03 927074                    /usr/lib/x86_64-linux-gnu/libgmp.so.10.5.0
79db4a097000-79db4a09b000 r--p 00000000 103:03 918663                    /usr/lib/x86_64-linux-gnu/libopenjp2.so.2.5.0
79db4a09b000-79db4a0e6000 r-xp 00004000 103:03 918663                    /usr/lib/x86_64-linux-gnu/libopenjp2.so.2.5.0
79db4a0e6000-79db4a0f6000 r--p 0004f000 103:03 918663                    /usr/lib/x86_64-linux-gnu/libopenjp2.so.2.5.0
79db4a0f6000-79db4a0f7000 r--p 0005e000 103:03 918663                    /usr/lib/x86_64-linux-gnu/libopenjp2.so.2.5.0
79db4a0f7000-79db4a0f8000 rw-p 0005f000 103:03 918663                    /usr/lib/x86_64-linux-gnu/libopenjp2.so.2.5.0
79db4a0f8000-79db4a0fb000 r--p 00000000 103:03 929453                    /usr/lib/x86_64-linux-gnu/libwebp.so.7.1.8
79db4a0fb000-79db4a15b000 r-xp 00003000 103:03 929453                    /usr/lib/x86_64-linux-gnu/libwebp.so.7.1.8
79db4a15b000-79db4a170000 r--p 00063000 103:03 929453                    /usr/lib/x86_64-linux-gnu/libwebp.so.7.1.8
79db4a170000-79db4a171000 r--p 00077000 103:03 929453                    /usr/lib/x86_64-linux-gnu/libwebp.so.7.1.8
79db4a171000-79db4a172000 rw-p 00078000 103:03 929453                    /usr/lib/x86_64-linux-gnu/libwebp.so.7.1.8
79db4a172000-79db4a173000 rw-p 00000000 00:00 0 
79db4a173000-79db4a17b000 r--p 00000000 103:03 918613                    /usr/lib/x86_64-linux-gnu/libtiff.so.6.0.1
79db4a17b000-79db4a1cb000 r-xp 00008000 103:03 918613                    /usr/lib/x86_64-linux-gnu/libtiff.so.6.0.1
79db4a1cb000-79db4a1fa000 r--p 00058000 103:03 918613                    /usr/lib/x86_64-linux-gnu/libtiff.so.6.0.1
79db4a1fa000-79db4a1ff000 r--p 00087000 103:03 918613                    /usr/lib/x86_64-linux-gnu/libtiff.so.6.0.1
79db4a1ff000-79db4a200000 rw-p 0008c000 103:03 918613                    /usr/lib/x86_64-linux-gnu/libtiff.so.6.0.1
79db4a200000-79db4a2b3000 r--p 00000000 103:03 927126                    /usr/lib/x86_64-linux-gnu/libcrypto.so.3
79db4a2b3000-79db4a5e7000 r-xp 000b3000 103:03 927126                    /usr/lib/x86_64-linux-gnu/libcrypto.so.3
79db4a5e7000-79db4a6b2000 r--p 003e7000 103:03 927126                    /usr/lib/x86_64-linux-gnu/libcrypto.so.3
79db4a6b2000-79db4a70e000 r--p 004b1000 103:03 927126                    /usr/lib/x86_64-linux-gnu/libcrypto.so.3
79db4a70e000-79db4a711000 rw-p 0050d000 103:03 927126                    /usr/lib/x86_64-linux-gnu/libcrypto.so.3
79db4a711000-79db4a714000 rw-p 00000000 00:00 0 
79db4a716000-79db4a71e000 r--p 00000000 103:03 921165                    /usr/lib/x86_64-linux-gnu/libhogweed.so.6.8
79db4a71e000-79db4a732000 r-xp 00008000 103:03 921165                    /usr/lib/x86_64-linux-gnu/libhogweed.so.6.8
79db4a732000-79db4a75b000 r--p 0001c000 103:03 921165                    /usr/lib/x86_64-linux-gnu/libhogweed.so.6.8
79db4a75b000-79db4a75d000 r--p 00044000 103:03 921165                    /usr/lib/x86_64-linux-gnu/libhogweed.so.6.8
79db4a75d000-79db4a75e000 rw-p 00046000 103:03 921165                    /usr/lib/x86_64-linux-gnu/libhogweed.so.6.8
79db4a75e000-79db4a760000 r--p 00000000 103:03 929455                    /usr/lib/x86_64-linux-gnu/libwebpmux.so.3.0.13
79db4a760000-79db4a768000 r-xp 00002000 103:03 929455                    /usr/lib/x86_64-linux-gnu/libwebpmux.so.3.0.13
79db4a768000-79db4a76a000 r--p 0000a000 103:03 929455                    /usr/lib/x86_64-linux-gnu/libwebpmux.so.3.0.13
79db4a76a000-79db4a76b000 r--p 0000b000 103:03 929455                    /usr/lib/x86_64-linux-gnu/libwebpmux.so.3.0.13
79db4a76b000-79db4a76c000 rw-p 0000c000 103:03 929455                    /usr/lib/x86_64-linux-gnu/libwebpmux.so.3.0.13
79db4a76c000-79db4a77a000 r--p 00000000 103:03 918567                    /usr/lib/x86_64-linux-gnu/libldap.so.2.0.200
79db4a77a000-79db4a7b6000 r-xp 0000e000 103:03 918567                    /usr/lib/x86_64-linux-gnu/libldap.so.2.0.200
79db4a7b6000-79db4a7c5000 r--p 0004a000 103:03 918567                    /usr/lib/x86_64-linux-gnu/libldap.so.2.0.200
79db4a7c5000-79db4a7c7000 r--p 00058000 103:03 918567                    /usr/lib/x86_64-linux-gnu/libldap.so.2.0.200
79db4a7c7000-79db4a7c8000 rw-p 0005a000 103:03 918567                    /usr/lib/x86_64-linux-gnu/libldap.so.2.0.200
79db4a7c8000-79db4a7ca000 rw-p 00000000 00:00 0 
79db4a7ca000-79db4a7d6000 r--p 00000000 103:03 917940                    /usr/lib/x86_64-linux-gnu/libgssapi_krb5.so.2.2
79db4a7d6000-79db4a810000 r-xp 0000c000 103:03 917940                    /usr/lib/x86_64-linux-gnu/libgssapi_krb5.so.2.2
79db4a810000-79db4a81a000 r--p 00046000 103:03 917940                    /usr/lib/x86_64-linux-gnu/libgssapi_krb5.so.2.2
79db4a81a000-79db4a81c000 r--p 0004f000 103:03 917940                    /usr/lib/x86_64-linux-gnu/libgssapi_krb5.so.2.2
79db4a81c000-79db4a81e000 rw-p 00051000 103:03 917940                    /usr/lib/x86_64-linux-gnu/libgssapi_krb5.so.2.2
79db4a81e000-79db4a84d000 r--p 00000000 103:03 931037                    /usr/lib/x86_64-linux-gnu/libxml2.so.2.9.14
79db4a84d000-79db4a9b3000 r-xp 0002f000 103:03 931037                    /usr/lib/x86_64-linux-gnu/libxml2.so.2.9.14
79db4a9b3000-79db4a9f5000 r--p 00195000 103:03 931037                    /usr/lib/x86_64-linux-gnu/libxml2.so.2.9.14
79db4a9f5000-79db4a9fe000 r--p 001d6000 103:03 931037                    /usr/lib/x86_64-linux-gnu/libxml2.so.2.9.14
79db4a9fe000-79db4a9ff000 rw-p 001df000 103:03 931037                    /usr/lib/x86_64-linux-gnu/libxml2.so.2.9.14
79db4a9ff000-79db4aa00000 rw-p 00000000 00:00 0 
79db4aa00000-79db4aa28000 r--p 00000000 103:03 957495                    /usr/lib/x86_64-linux-gnu/liblept.so.5.0.4
79db4aa28000-79db4ac0b000 r-xp 00028000 103:03 957495                    /usr/lib/x86_64-linux-gnu/liblept.so.5.0.4
79db4ac0b000-79db4ac8f000 r--p 0020b000 103:03 957495                    /usr/lib/x86_64-linux-gnu/liblept.so.5.0.4
79db4ac8f000-79db4ac90000 r--p 0028f000 103:03 957495                    /usr/lib/x86_64-linux-gnu/liblept.so.5.0.4
79db4ac90000-79db4ac96000 rw-p 00290000 103:03 957495                    /usr/lib/x86_64-linux-gnu/liblept.so.5.0.4
79db4ac9e000-79db4aca3000 r--p 00000000 103:03 945353                    /usr/lib/x86_64-linux-gnu/libpng16.so.16.43.0
79db4aca3000-79db4accb000 r-xp 00005000 103:03 945353                    /usr/lib/x86_64-linux-gnu/libpng16.so.16.43.0
79db4accb000-79db4acd4000 r--p 0002d000 103:03 945353                    /usr/lib/x86_64-linux-gnu/libpng16.so.16.43.0
79db4acd4000-79db4acd5000 r--p 00035000 103:03 945353                    /usr/lib/x86_64-linux-gnu/libpng16.so.16.43.0
79db4acd5000-79db4acd6000 rw-p 00036000 103:03 945353                    /usr/lib/x86_64-linux-gnu/libpng16.so.16.43.0
79db4acd6000-79db4acd7000 r--p 00000000 103:03 928841                    /usr/lib/x86_64-linux-gnu/libbrotlidec.so.1.1.0
79db4acd7000-79db4acdf000 r-xp 00001000 103:03 928841                    /usr/lib/x86_64-linux-gnu/libbrotlidec.so.1.1.0
79db4acdf000-79db4ace2000 r--p 00009000 103:03 928841                    /usr/lib/x86_64-linux-gnu/libbrotlidec.so.1.1.0
79db4ace2000-79db4ace3000 r--p 0000b000 103:03 928841                    /usr/lib/x86_64-linux-gnu/libbrotlidec.so.1.1.0
79db4ace3000-79db4ace4000 rw-p 0000c000 103:03 928841                    /usr/lib/x86_64-linux-gnu/libbrotlidec.so.1.1.0
79db4ace4000-79db4ad02000 r--p 00000000 103:03 927181                    /usr/lib/x86_64-linux-gnu/libssl.so.3
79db4ad02000-79db4ad64000 r-xp 0001e000 103:03 927181                    /usr/lib/x86_64-linux-gnu/libssl.so.3
79db4ad64000-79db4ad80000 r--p 00080000 103:03 927181                    /usr/lib/x86_64-linux-gnu/libssl.so.3
79db4ad80000-79db4ad8a000 r--p 0009c000 103:03 927181                    /usr/lib/x86_64-linux-gnu/libssl.so.3
79db4ad8a000-79db4ad8e000 rw-p 000a6000 103:03 927181                    /usr/lib/x86_64-linux-gnu/libssl.so.3
79db4ad8e000-79db4ad9c000 r--p 00000000 103:03 923801                    /usr/lib/x86_64-linux-gnu/libssh.so.4.9.6
79db4ad9c000-79db4ade4000 r-xp 0000e000 103:03 923801                    /usr/lib/x86_64-linux-gnu/libssh.so.4.9.6
79db4ade4000-79db4adfc000 r--p 00056000 103:03 923801                    /usr/lib/x86_64-linux-gnu/libssh.so.4.9.6
79db4adfc000-79db4adfe000 r--p 0006d000 103:03 923801                    /usr/lib/x86_64-linux-gnu/libssh.so.4.9.6
79db4adfe000-79db4ae00000 rw-p 0006f000 103:03 923801                    /usr/lib/x86_64-linux-gnu/libssh.so.4.9.6
79db4ae00000-79db4ae63000 r--p 00000000 103:03 959198                    /usr/lib/x86_64-linux-gnu/libtesseract.so.5.0.3
79db4ae63000-79db4b06c000 r-xp 00063000 103:03 959198                    /usr/lib/x86_64-linux-gnu/libtesseract.so.5.0.3
79db4b06c000-79db4b100000 r--p 0026c000 103:03 959198                    /usr/lib/x86_64-linux-gnu/libtesseract.so.5.0.3
79db4b100000-79db4b104000 r--p 00300000 103:03 959198                    /usr/lib/x86_64-linux-gnu/libtesseract.so.5.0.3
79db4b104000-79db4b105000 rw-p 00304000 103:03 959198                    /usr/lib/x86_64-linux-gnu/libtesseract.so.5.0.3
79db4b105000-79db4b108000 rw-p 00000000 00:00 0 
79db4b109000-79db4b10b000 r--p 00000000 103:03 929129                    /usr/lib/x86_64-linux-gnu/libkeyutils.so.1.10
79db4b10b000-79db4b10d000 r-xp 00002000 103:03 929129                    /usr/lib/x86_64-linux-gnu/libkeyutils.so.1.10
79db4b10d000-79db4b10e000 r--p 00004000 103:03 929129                    /usr/lib/x86_64-linux-gnu/libkeyutils.so.1.10
79db4b10e000-79db4b10f000 r--p 00004000 103:03 929129                    /usr/lib/x86_64-linux-gnu/libkeyutils.so.1.10
79db4b10f000-79db4b110000 rw-p 00005000 103:03 929129                    /usr/lib/x86_64-linux-gnu/libkeyutils.so.1.10
79db4b110000-79db4b112000 r--p 00000000 103:03 929298                    /usr/lib/x86_64-linux-gnu/libpsl.so.5.3.4
79db4b112000-79db4b114000 r-xp 00002000 103:03 929298                    /usr/lib/x86_64-linux-gnu/libpsl.so.5.3.4
79db4b114000-79db4b122000 r--p 00004000 103:03 929298                    /usr/lib/x86_64-linux-gnu/libpsl.so.5.3.4
79db4b122000-79db4b123000 r--p 00011000 103:03 929298                    /usr/lib/x86_64-linux-gnu/libpsl.so.5.3.4
79db4b123000-79db4b124000 rw-p 00012000 103:03 929298                    /usr/lib/x86_64-linux-gnu/libpsl.so.5.3.4
79db4b124000-79db4b126000 r--p 00000000 103:03 927816                    /usr/lib/x86_64-linux-gnu/libidn2.so.0.4.0
79db4b126000-79db4b12a000 r-xp 00002000 103:03 927816                    /usr/lib/x86_64-linux-gnu/libidn2.so.0.4.0
79db4b12a000-79db4b144000 r--p 00006000 103:03 927816                    /usr/lib/x86_64-linux-gnu/libidn2.so.0.4.0
79db4b144000-79db4b145000 r--p 0001f000 103:03 927816                    /usr/lib/x86_64-linux-gnu/libidn2.so.0.4.0
79db4b145000-79db4b146000 rw-p 00020000 103:03 927816                    /usr/lib/x86_64-linux-gnu/libidn2.so.0.4.0
79db4b146000-79db4b14a000 r--p 00000000 103:03 927717                    /usr/lib/x86_64-linux-gnu/libzstd.so.1.5.5
79db4b14a000-79db4b1f1000 r-xp 00004000 103:03 927717                    /usr/lib/x86_64-linux-gnu/libzstd.so.1.5.5
79db4b1f1000-79db4b1fe000 r--p 000ab000 103:03 927717                    /usr/lib/x86_64-linux-gnu/libzstd.so.1.5.5
79db4b1fe000-79db4b1ff000 r--p 000b7000 103:03 927717                    /usr/lib/x86_64-linux-gnu/libzstd.so.1.5.5
79db4b1ff000-79db4b200000 rw-p 000b8000 103:03 927717                    /usr/lib/x86_64-linux-gnu/libzstd.so.1.5.5
79db4b200000-79db4b219000 r-xp 00000000 103:03 1458091                   /home/amolkatte/.cache/JNA/temp/jna4448598083407619367.tmp (deleted)
79db4b219000-79db4b419000 ---p 00019000 103:03 1458091                   /home/amolkatte/.cache/JNA/temp/jna4448598083407619367.tmp (deleted)
79db4b419000-79db4b41a000 rw-p 00019000 103:03 1458091                   /home/amolkatte/.cache/JNA/temp/jna4448598083407619367.tmp (deleted)
79db4b41a000-79db4b41f000 r--p 00000000 103:03 929320                    /usr/lib/x86_64-linux-gnu/librtmp.so.1
79db4b41f000-79db4b430000 r-xp 00005000 103:03 929320                    /usr/lib/x86_64-linux-gnu/librtmp.so.1
79db4b430000-79db4b436000 r--p 00016000 103:03 929320                    /usr/lib/x86_64-linux-gnu/librtmp.so.1
79db4b436000-79db4b437000 r--p 0001c000 103:03 929320                    /usr/lib/x86_64-linux-gnu/librtmp.so.1
79db4b437000-79db4b438000 rw-p 0001d000 103:03 929320                    /usr/lib/x86_64-linux-gnu/librtmp.so.1
79db4b438000-79db4b43d000 r--p 00000000 103:03 922272                    /usr/lib/x86_64-linux-gnu/libnghttp2.so.14.26.0
79db4b43d000-79db4b453000 r-xp 00005000 103:03 922272                    /usr/lib/x86_64-linux-gnu/libnghttp2.so.14.26.0
79db4b453000-79db4b45f000 r--p 0001b000 103:03 922272                    /usr/lib/x86_64-linux-gnu/libnghttp2.so.14.26.0
79db4b45f000-79db4b462000 r--p 00026000 103:03 922272                    /usr/lib/x86_64-linux-gnu/libnghttp2.so.14.26.0
79db4b462000-79db4b463000 rw-p 00029000 103:03 922272                    /usr/lib/x86_64-linux-gnu/libnghttp2.so.14.26.0
79db4b463000-79db4b466000 r--p 00000000 103:03 918383                    /usr/lib/x86_64-linux-gnu/liblzma.so.5.4.5
79db4b466000-79db4b488000 r-xp 00003000 103:03 918383                    /usr/lib/x86_64-linux-gnu/liblzma.so.5.4.5
79db4b488000-79db4b493000 r--p 00025000 103:03 918383                    /usr/lib/x86_64-linux-gnu/liblzma.so.5.4.5
79db4b493000-79db4b494000 r--p 00030000 103:03 918383                    /usr/lib/x86_64-linux-gnu/liblzma.so.5.4.5
79db4b494000-79db4b495000 rw-p 00031000 103:03 918383                    /usr/lib/x86_64-linux-gnu/liblzma.so.5.4.5
79db4b495000-79db4b4a1000 r--p 00000000 103:03 917521                    /usr/lib/x86_64-linux-gnu/libnettle.so.8.8
79db4b4a1000-79db4b4d0000 r-xp 0000c000 103:03 917521                    /usr/lib/x86_64-linux-gnu/libnettle.so.8.8
79db4b4d0000-79db4b4e7000 r--p 0003b000 103:03 917521                    /usr/lib/x86_64-linux-gnu/libnettle.so.8.8
79db4b4e7000-79db4b4e9000 r--p 00051000 103:03 917521                    /usr/lib/x86_64-linux-gnu/libnettle.so.8.8
79db4b4e9000-79db4b4ea000 rw-p 00053000 103:03 917521                    /usr/lib/x86_64-linux-gnu/libnettle.so.8.8
79db4b4ea000-79db4b4f5000 r--p 00000000 103:03 941302                    /usr/lib/x86_64-linux-gnu/libgomp.so.1.0.0
79db4b4f5000-79db4b531000 r-xp 0000b000 103:03 941302                    /usr/lib/x86_64-linux-gnu/libgomp.so.1.0.0
79db4b531000-79db4b53e000 r--p 00047000 103:03 941302                    /usr/lib/x86_64-linux-gnu/libgomp.so.1.0.0
79db4b53e000-79db4b53f000 r--p 00054000 103:03 941302                    /usr/lib/x86_64-linux-gnu/libgomp.so.1.0.0
79db4b53f000-79db4b540000 rw-p 00055000 103:03 941302                    /usr/lib/x86_64-linux-gnu/libgomp.so.1.0.0
79db4b540000-79db4b551000 r--p 00000000 103:03 918119                    /usr/lib/x86_64-linux-gnu/libcurl.so.4.8.0
79db4b551000-79db4b5dd000 r-xp 00011000 103:03 918119                    /usr/lib/x86_64-linux-gnu/libcurl.so.4.8.0
79db4b5dd000-79db4b5fa000 r--p 0009d000 103:03 918119                    /usr/lib/x86_64-linux-gnu/libcurl.so.4.8.0
79db4b5fa000-79db4b5fe000 r--p 000b9000 103:03 918119                    /usr/lib/x86_64-linux-gnu/libcurl.so.4.8.0
79db4b5fe000-79db4b601000 rw-p 000bd000 103:03 918119                    /usr/lib/x86_64-linux-gnu/libcurl.so.4.8.0
79db4b601000-79db4b62b000 r--p 00000000 103:03 934856                    /usr/lib/jvm/java-17-openjdk-amd64/lib/libawt.so
79db4b62b000-79db4b6c2000 r-xp 0002a000 103:03 934856                    /usr/lib/jvm/java-17-openjdk-amd64/lib/libawt.so
79db4b6c2000-79db4b6cf000 r--p 000c1000 103:03 934856                    /usr/lib/jvm/java-17-openjdk-amd64/lib/libawt.so
79db4b6cf000-79db4b6d0000 r--p 000cd000 103:03 934856                    /usr/lib/jvm/java-17-openjdk-amd64/lib/libawt.so
79db4b6d0000-79db4b6db000 rw-p 000ce000 103:03 934856                    /usr/lib/jvm/java-17-openjdk-amd64/lib/libawt.so
79db4b6db000-79db4b700000 rw-p 00000000 00:00 0 
79db4b700000-79db4b704000 ---p 00000000 00:00 0 
79db4b704000-79db4b800000 rw-p 00000000 00:00 0 
79db4b800000-79db4b804000 ---p 00000000 00:00 0 
79db4b804000-79db4b900000 rw-p 00000000 00:00 0 
79db4b900000-79db4b904000 ---p 00000000 00:00 0 
79db4b904000-79db4ba00000 rw-p 00000000 00:00 0 
79db4ba00000-79db4ba04000 ---p 00000000 00:00 0 
79db4ba04000-79db4bb00000 rw-p 00000000 00:00 0 
79db4bb00000-79db4bb04000 ---p 00000000 00:00 0 
79db4bb04000-79db4bc00000 rw-p 00000000 00:00 0 
79db4bc00000-79db4bc04000 ---p 00000000 00:00 0 
79db4bc04000-79db4bd00000 rw-p 00000000 00:00 0 
79db4bd00000-79db4bd04000 ---p 00000000 00:00 0 
79db4bd04000-79db4be00000 rw-p 00000000 00:00 0 
79db4be00000-79db4be04000 ---p 00000000 00:00 0 
79db4be04000-79db4bf00000 rw-p 00000000 00:00 0 
79db4bf00000-79db4bf04000 ---p 00000000 00:00 0 
79db4bf04000-79db4c000000 rw-p 00000000 00:00 0 
79db4c000000-79db4c12d000 rw-p 00000000 00:00 0 
79db4c12d000-79db50000000 ---p 00000000 00:00 0 
79db50000000-79db524d8000 rw-p 00000000 00:00 0 
79db524d8000-79db54000000 ---p 00000000 00:00 0 
79db54000000-79db54021000 rw-p 00000000 00:00 0 
79db54021000-79db58000000 ---p 00000000 00:00 0 
79db58000000-79db58021000 rw-p 00000000 00:00 0 
79db58021000-79db5c000000 ---p 00000000 00:00 0 
79db5c000000-79db5c021000 rw-p 00000000 00:00 0 
79db5c021000-79db60000000 ---p 00000000 00:00 0 
79db60000000-79db60021000 rw-p 00000000 00:00 0 
79db60021000-79db64000000 ---p 00000000 00:00 0 
79db64000000-79db64021000 rw-p 00000000 00:00 0 
79db64021000-79db68000000 ---p 00000000 00:00 0 
79db68000000-79db68021000 rw-p 00000000 00:00 0 
79db68021000-79db6c000000 ---p 00000000 00:00 0 
79db6c000000-79db6c264000 rw-p 00000000 00:00 0 
79db6c264000-79db70000000 ---p 00000000 00:00 0 
79db70000000-79db70021000 rw-p 00000000 00:00 0 
79db70021000-79db74000000 ---p 00000000 00:00 0 
79db74000000-79db74021000 rw-p 00000000 00:00 0 
79db74021000-79db78000000 ---p 00000000 00:00 0 
79db78000000-79db78021000 rw-p 00000000 00:00 0 
79db78021000-79db7c000000 ---p 00000000 00:00 0 
79db7c000000-79db7c021000 rw-p 00000000 00:00 0 
79db7c021000-79db80000000 ---p 00000000 00:00 0 
79db80000000-79db80021000 rw-p 00000000 00:00 0 
79db80021000-79db84000000 ---p 00000000 00:00 0 
79db84000000-79db84027000 rw-p 00000000 00:00 0 
79db84027000-79db88000000 ---p 00000000 00:00 0 
79db88000000-79db88021000 rw-p 00000000 00:00 0 
79db88021000-79db8c000000 ---p 00000000 00:00 0 
79db8c000000-79db8c956000 rw-p 00000000 00:00 0 
79db8c956000-79db90000000 ---p 00000000 00:00 0 
79db90000000-79db90021000 rw-p 00000000 00:00 0 
79db90021000-79db94000000 ---p 00000000 00:00 0 
79db94000000-79db941ef000 rw-p 00000000 00:00 0 
79db941ef000-79db98000000 ---p 00000000 00:00 0 
79db98000000-79db98021000 rw-p 00000000 00:00 0 
79db98021000-79db9c000000 ---p 00000000 00:00 0 
79db9c000000-79db9c021000 rw-p 00000000 00:00 0 
79db9c021000-79dba0000000 ---p 00000000 00:00 0 
79dba0000000-79dba0021000 rw-p 00000000 00:00 0 
79dba0021000-79dba4000000 ---p 00000000 00:00 0 
79dba4000000-79dba4021000 rw-p 00000000 00:00 0 
79dba4021000-79dba8000000 ---p 00000000 00:00 0 
79dba8000000-79dba8021000 rw-p 00000000 00:00 0 
79dba8021000-79dbac000000 ---p 00000000 00:00 0 
79dbac000000-79dbac021000 rw-p 00000000 00:00 0 
79dbac021000-79dbb0000000 ---p 00000000 00:00 0 
79dbb0000000-79dbb0021000 rw-p 00000000 00:00 0 
79dbb0021000-79dbb4000000 ---p 00000000 00:00 0 
79dbb4000000-79dbb4021000 rw-p 00000000 00:00 0 
79dbb4021000-79dbb8000000 ---p 00000000 00:00 0 
79dbb8000000-79dbb8021000 rw-p 00000000 00:00 0 
79dbb8021000-79dbbc000000 ---p 00000000 00:00 0 
79dbbc000000-79dbbc021000 rw-p 00000000 00:00 0 
79dbbc021000-79dbc0000000 ---p 00000000 00:00 0 
79dbc0000000-79dbc0021000 rw-p 00000000 00:00 0 
79dbc0021000-79dbc4000000 ---p 00000000 00:00 0 
79dbc4000000-79dbc4021000 rw-p 00000000 00:00 0 
79dbc4021000-79dbc8000000 ---p 00000000 00:00 0 
79dbc8000000-79dbc8021000 rw-p 00000000 00:00 0 
79dbc8021000-79dbcc000000 ---p 00000000 00:00 0 
79dbcc000000-79dbcc221000 rw-p 00000000 00:00 0 
79dbcc221000-79dbd0000000 ---p 00000000 00:00 0 
79dbd0000000-79dbd0021000 rw-p 00000000 00:00 0 
79dbd0021000-79dbd4000000 ---p 00000000 00:00 0 
79dbd4000000-79dbd4021000 rw-p 00000000 00:00 0 
79dbd4021000-79dbd8000000 ---p 00000000 00:00 0 
79dbd8000000-79dbd8021000 rw-p 00000000 00:00 0 
79dbd8021000-79dbdc000000 ---p 00000000 00:00 0 
79dbdc000000-79dbdc021000 rw-p 00000000 00:00 0 
79dbdc021000-79dbe0000000 ---p 00000000 00:00 0 
79dbe0000000-79dbe0597000 rw-p 00000000 00:00 0 
79dbe0597000-79dbe4000000 ---p 00000000 00:00 0 
79dbe4000000-79dbe4021000 rw-p 00000000 00:00 0 
79dbe4021000-79dbe8000000 ---p 00000000 00:00 0 
79dbe8000000-79dbe8021000 rw-p 00000000 00:00 0 
79dbe8021000-79dbec000000 ---p 00000000 00:00 0 
79dbec000000-79dbec021000 rw-p 00000000 00:00 0 
79dbec021000-79dbf0000000 ---p 00000000 00:00 0 
79dbf0000000-79dbf0021000 rw-p 00000000 00:00 0 
79dbf0021000-79dbf4000000 ---p 00000000 00:00 0 
79dbf4000000-79dbf4069000 rw-p 00000000 00:00 0 
79dbf4069000-79dbf8000000 ---p 00000000 00:00 0 
79dbf8001000-79dbf8004000 r--p 00000000 103:03 927099                    /usr/lib/x86_64-linux-gnu/liblz4.so.1.9.4
79dbf8004000-79dbf801f000 r-xp 00003000 103:03 927099                    /usr/lib/x86_64-linux-gnu/liblz4.so.1.9.4
79dbf801f000-79dbf8021000 r--p 0001e000 103:03 927099                    /usr/lib/x86_64-linux-gnu/liblz4.so.1.9.4
79dbf8021000-79dbf8022000 r--p 00020000 103:03 927099                    /usr/lib/x86_64-linux-gnu/liblz4.so.1.9.4
79dbf8022000-79dbf8023000 rw-p 00021000 103:03 927099                    /usr/lib/x86_64-linux-gnu/liblz4.so.1.9.4
79dbf8023000-79dbf8033000 r--p 00000000 103:03 923129                    /usr/lib/x86_64-linux-gnu/libarchive.so.13.7.2
79dbf8033000-79dbf80cb000 r-xp 00010000 103:03 923129                    /usr/lib/x86_64-linux-gnu/libarchive.so.13.7.2
79dbf80cb000-79dbf80ef000 r--p 000a8000 103:03 923129                    /usr/lib/x86_64-linux-gnu/libarchive.so.13.7.2
79dbf80ef000-79dbf80f3000 r--p 000cc000 103:03 923129                    /usr/lib/x86_64-linux-gnu/libarchive.so.13.7.2
79dbf80f3000-79dbf80f4000 rw-p 000d0000 103:03 923129                    /usr/lib/x86_64-linux-gnu/libarchive.so.13.7.2
79dbf80f4000-79dbf80f8000 ---p 00000000 00:00 0 
79dbf80f8000-79dbf81f4000 rw-p 00000000 00:00 0 
79dbf81f4000-79dbf81f8000 ---p 00000000 00:00 0 
79dbf81f8000-79dbf82f4000 rw-p 00000000 00:00 0 
79dbf82f4000-79dbf82f8000 ---p 00000000 00:00 0 
79dbf82f8000-79dbf83f4000 rw-p 00000000 00:00 0 
79dbf83f4000-79dbf83f8000 ---p 00000000 00:00 0 
79dbf83f8000-79dbf84f4000 rw-p 00000000 00:00 0 
79dbf84f4000-79dbf84f8000 ---p 00000000 00:00 0 
79dbf84f8000-79dbf85f4000 rw-p 00000000 00:00 0 
79dbf85f4000-79dbf85f8000 ---p 00000000 00:00 0 
79dbf85f8000-79dbf86f4000 rw-p 00000000 00:00 0 
79dbf86f4000-79dbf86f5000 ---p 00000000 00:00 0 
79dbf86f5000-79dbf87f5000 rw-p 00000000 00:00 0 
79dbf87f5000-79dbf87f6000 ---p 00000000 00:00 0 
79dbf87f6000-79dbf88f6000 rw-p 00000000 00:00 0 
79dbf88f6000-79dbf88fa000 ---p 00000000 00:00 0 
79dbf88fa000-79dbf89f6000 rw-p 00000000 00:00 0 
79dbf89f6000-79dbf89f7000 ---p 00000000 00:00 0 
79dbf89f7000-79dbf8af7000 rw-p 00000000 00:00 0 
79dbf8af7000-79dbf8afb000 ---p 00000000 00:00 0 
79dbf8afb000-79dbf8bf7000 rw-p 00000000 00:00 0 
79dbf8bf7000-79dbf8bf8000 ---p 00000000 00:00 0 
79dbf8bf8000-79dbf8cf8000 rw-p 00000000 00:00 0 
79dbf8cf8000-79dbf8cf9000 ---p 00000000 00:00 0 
79dbf8cf9000-79dbf8df9000 rw-p 00000000 00:00 0 
79dbf8df9000-79dbf8dfa000 ---p 00000000 00:00 0 
79dbf8dfa000-79dbf8efa000 rw-p 00000000 00:00 0 
79dbf8efa000-79dbf8efe000 ---p 00000000 00:00 0 
79dbf8efe000-79dbf8ffa000 rw-p 00000000 00:00 0 
79dbf8ffa000-79dbf8ffe000 ---p 00000000 00:00 0 
79dbf8ffe000-79dbf90fa000 rw-p 00000000 00:00 0 
79dbf90fa000-79dbf90fe000 ---p 00000000 00:00 0 
79dbf90fe000-79dbf91fa000 rw-p 00000000 00:00 0 
79dbf91fa000-79dbf91fe000 ---p 00000000 00:00 0 
79dbf91fe000-79dbf92fa000 rw-p 00000000 00:00 0 
79dbf92fa000-79dbf92fe000 ---p 00000000 00:00 0 
79dbf92fe000-79dbf93fa000 rw-p 00000000 00:00 0 
79dbf93fa000-79dbf93fe000 ---p 00000000 00:00 0 
79dbf93fe000-79dbf94fa000 rw-p 00000000 00:00 0 
79dbf94fa000-79dbf94fe000 ---p 00000000 00:00 0 
79dbf94fe000-79dbf95fa000 rw-p 00000000 00:00 0 
79dbf95fa000-79dbf95fb000 ---p 00000000 00:00 0 
79dbf95fb000-79dbf96fb000 rw-p 00000000 00:00 0 
79dbf96fb000-79dbf96fc000 ---p 00000000 00:00 0 
79dbf96fc000-79dbf97fc000 rw-p 00000000 00:00 0 
79dbf97fc000-79dbf97fd000 ---p 00000000 00:00 0 
79dbf97fd000-79dbf98fd000 rw-p 00000000 00:00 0 
79dbf98fd000-79dbf98fe000 ---p 00000000 00:00 0 
79dbf98fe000-79dbf99fe000 rw-p 00000000 00:00 0 
79dbf99fe000-79dbf99ff000 ---p 00000000 00:00 0 
79dbf99ff000-79dbf9aff000 rw-p 00000000 00:00 0 
79dbf9aff000-79dbf9b00000 ---p 00000000 00:00 0 
79dbf9b00000-79dbf9c00000 rw-p 00000000 00:00 0 
79dbf9c00000-79dbf9c04000 ---p 00000000 00:00 0 
79dbf9c04000-79dbf9d00000 rw-p 00000000 00:00 0 
79dbf9d00000-79dbf9d04000 ---p 00000000 00:00 0 
79dbf9d04000-79dbf9e00000 rw-p 00000000 00:00 0 
79dbf9e00000-79dbf9e04000 ---p 00000000 00:00 0 
79dbf9e04000-79dbf9f00000 rw-p 00000000 00:00 0 
79dbf9f00000-79dbf9f04000 ---p 00000000 00:00 0 
79dbf9f04000-79dbfa000000 rw-p 00000000 00:00 0 
79dbfa000000-79dbfa004000 ---p 00000000 00:00 0 
79dbfa004000-79dbfa100000 rw-p 00000000 00:00 0 
79dbfa100000-79dbfa104000 ---p 00000000 00:00 0 
79dbfa104000-79dbfa200000 rw-p 00000000 00:00 0 
79dbfa200000-79dbfa204000 ---p 00000000 00:00 0 
79dbfa204000-79dbfa300000 rw-p 00000000 00:00 0 
79dbfa300000-79dbfa304000 ---p 00000000 00:00 0 
79dbfa304000-79dbfa400000 rw-p 00000000 00:00 0 
79dbfa400000-79dbfa404000 ---p 00000000 00:00 0 
79dbfa404000-79dbfa500000 rw-p 00000000 00:00 0 
79dbfa500000-79dbfa504000 ---p 00000000 00:00 0 
79dbfa504000-79dbfa600000 rw-p 00000000 00:00 0 
79dbfa600000-79dbfa604000 ---p 00000000 00:00 0 
79dbfa604000-79dbfa700000 rw-p 00000000 00:00 0 
79dbfa700000-79dbfa704000 ---p 00000000 00:00 0 
79dbfa704000-79dbfa800000 rw-p 00000000 00:00 0 
79dbfa800000-79dbfa804000 ---p 00000000 00:00 0 
79dbfa804000-79dbfa900000 rw-p 00000000 00:00 0 
79dbfa900000-79dbfa904000 ---p 00000000 00:00 0 
79dbfa904000-79dbfaa00000 rw-p 00000000 00:00 0 
79dbfaa00000-79dbfaf75000 r--p 00000000 103:03 917845                    /usr/lib/locale/locale-archive
79dbfaf75000-79dbfaf76000 r--p 00000000 103:03 929341                    /usr/lib/x86_64-linux-gnu/libsharpyuv.so.0.0.1
79dbfaf76000-79dbfaf79000 r-xp 00001000 103:03 929341                    /usr/lib/x86_64-linux-gnu/libsharpyuv.so.0.0.1
79dbfaf79000-79dbfaf7a000 r--p 00004000 103:03 929341                    /usr/lib/x86_64-linux-gnu/libsharpyuv.so.0.0.1
79dbfaf7a000-79dbfaf7b000 r--p 00004000 103:03 929341                    /usr/lib/x86_64-linux-gnu/libsharpyuv.so.0.0.1
79dbfaf7b000-79dbfaf7c000 rw-p 00005000 103:03 929341                    /usr/lib/x86_64-linux-gnu/libsharpyuv.so.0.0.1
79dbfaf7c000-79dbfaf7d000 rw-p 00000000 00:00 0 
79dbfaf7d000-79dbfaf81000 r--p 00000000 103:03 929124                    /usr/lib/x86_64-linux-gnu/libjpeg.so.8.2.2
79dbfaf81000-79dbfafce000 r-xp 00004000 103:03 929124                    /usr/lib/x86_64-linux-gnu/libjpeg.so.8.2.2
79dbfafce000-79dbfaffe000 r--p 00051000 103:03 929124                    /usr/lib/x86_64-linux-gnu/libjpeg.so.8.2.2
79dbfaffe000-79dbfafff000 r--p 00081000 103:03 929124                    /usr/lib/x86_64-linux-gnu/libjpeg.so.8.2.2
79dbfafff000-79dbfb000000 rw-p 00082000 103:03 929124                    /usr/lib/x86_64-linux-gnu/libjpeg.so.8.2.2
79dbfb000000-79dbfb400000 rw-p 00000000 00:00 0 
79dbfb400000-79dbfb480000 rw-p 00000000 00:00 0 
79dbfb480000-79dbfb500000 rw-p 00000000 00:00 0 
79dbfb500000-79dbfb700000 rw-p 00000000 00:00 0 
79dbfb700000-79dbfb800000 rw-p 00000000 00:00 0 
79dbfb800000-79dbfbb80000 rw-p 00000000 00:00 0 
79dbfbb80000-79dbfbc00000 rw-p 00000000 00:00 0 
79dbfbc00000-79dbfc3c0000 rw-p 00000000 00:00 0 
79dbfc3c0000-79dbfc400000 rw-p 00000000 00:00 0 
79dbfc400000-79dbfc780000 rw-p 00000000 00:00 0 
79dbfc780000-79dbfc800000 rw-p 00000000 00:00 0 
79dbfc800000-79dbfcd80000 rw-p 00000000 00:00 0 
79dbfcd80000-79dbfce80000 rw-p 00000000 00:00 0 
79dbfce80000-79dbfcf00000 rw-p 00000000 00:00 0 
79dbfcf00000-79dbfd060000 rw-p 00000000 00:00 0 
79dbfd060000-79dbfd100000 ---p 00000000 00:00 0 
79dbfd100000-79dbfd190000 rw-p 00000000 00:00 0 
79dbfd190000-79dbff000000 ---p 00000000 00:00 0 
79dbff000000-79dbffbca000 rw-p 00001000 103:03 939928                    /usr/lib/jvm/java-17-openjdk-amd64/lib/server/classes.jsa
79dbffbca000-79dc00000000 ---p 00000000 00:00 0 
79dc00000000-79dc00020000 rw-p 00000000 00:00 0 
79dc00020000-79dc00040000 rw-p 00000000 00:00 0 
79dc00040000-79dc000c0000 rw-p 00000000 00:00 0 
79dc000c0000-79dc00140000 rw-p 00000000 00:00 0 
79dc00140000-79dc00180000 rw-p 00000000 00:00 0 
79dc00180000-79dc00500000 rw-p 00000000 00:00 0 
79dc00500000-79dc00520000 rw-p 00000000 00:00 0 
79dc00520000-79dc00540000 ---p 00000000 00:00 0 
79dc00540000-79dc00560000 rw-p 00000000 00:00 0 
79dc00560000-79dc40000000 ---p 00000000 00:00 0 
79dc40000000-79dc40021000 rw-p 00000000 00:00 0 
79dc40021000-79dc44000000 ---p 00000000 00:00 0 
79dc44000000-79dc44021000 rw-p 00000000 00:00 0 
79dc44021000-79dc48000000 ---p 00000000 00:00 0 
79dc48000000-79dc48021000 rw-p 00000000 00:00 0 
79dc48021000-79dc4c000000 ---p 00000000 00:00 0 
79dc4c000000-79dc4c021000 rw-p 00000000 00:00 0 
79dc4c021000-79dc50000000 ---p 00000000 00:00 0 
79dc50000000-79dc50021000 rw-p 00000000 00:00 0 
79dc50021000-79dc54000000 ---p 00000000 00:00 0 
79dc54005000-79dc54007000 r--p 00000000 103:03 921406                    /usr/lib/x86_64-linux-gnu/libcom_err.so.2.1
79dc54007000-79dc54008000 r-xp 00002000 103:03 921406                    /usr/lib/x86_64-linux-gnu/libcom_err.so.2.1
79dc54008000-79dc54009000 r--p 00003000 103:03 921406                    /usr/lib/x86_64-linux-gnu/libcom_err.so.2.1
79dc54009000-79dc5400a000 r--p 00003000 103:03 921406                    /usr/lib/x86_64-linux-gnu/libcom_err.so.2.1
79dc5400a000-79dc5400b000 rw-p 00004000 103:03 921406                    /usr/lib/x86_64-linux-gnu/libcom_err.so.2.1
79dc5400b000-79dc540a2000 rw-p 00000000 00:00 0 
79dc540a2000-79dc540a6000 ---p 00000000 00:00 0 
79dc540a6000-79dc541a2000 rw-p 00000000 00:00 0 
79dc541a2000-79dc541a6000 ---p 00000000 00:00 0 
79dc541a6000-79dc542a2000 rw-p 00000000 00:00 0 
79dc542a2000-79dc542a3000 ---p 00000000 00:00 0 
79dc542a3000-79dc543a3000 rw-p 00000000 00:00 0 
79dc543a3000-79dc543a8000 r--p 00000000 103:03 935532                    /usr/lib/jvm/java-17-openjdk-amd64/lib/libjsvml.so
79dc543a8000-79dc543e9000 r-xp 00005000 103:03 935532                    /usr/lib/jvm/java-17-openjdk-amd64/lib/libjsvml.so
79dc543e9000-79dc54472000 r--p 00046000 103:03 935532                    /usr/lib/jvm/java-17-openjdk-amd64/lib/libjsvml.so
79dc54472000-79dc54473000 r--p 000ce000 103:03 935532                    /usr/lib/jvm/java-17-openjdk-amd64/lib/libjsvml.so
79dc54473000-79dc54474000 rw-p 000cf000 103:03 935532                    /usr/lib/jvm/java-17-openjdk-amd64/lib/libjsvml.so
79dc54474000-79dc544f5000 rw-p 00000000 00:00 0 
79dc544f5000-79dc544f6000 ---p 00000000 00:00 0 
79dc544f6000-79dc545f6000 rw-p 00000000 00:00 0 
79dc545f6000-79dc545f7000 ---p 00000000 00:00 0 
79dc545f7000-79dc546f7000 rw-p 00000000 00:00 0 
79dc546f7000-79dc57000000 rw-p 00000000 00:00 0 
79dc57004000-79dc57006000 r--p 00000000 103:03 934194                    /usr/lib/x86_64-linux-gnu/libbz2.so.1.0.4
79dc57006000-79dc57014000 r-xp 00002000 103:03 934194                    /usr/lib/x86_64-linux-gnu/libbz2.so.1.0.4
79dc57014000-79dc57016000 r--p 00010000 103:03 934194                    /usr/lib/x86_64-linux-gnu/libbz2.so.1.0.4
79dc57016000-79dc57017000 r--p 00011000 103:03 934194                    /usr/lib/x86_64-linux-gnu/libbz2.so.1.0.4
79dc57017000-79dc57018000 rw-p 00012000 103:03 934194                    /usr/lib/x86_64-linux-gnu/libbz2.so.1.0.4
79dc57018000-79dc5701c000 ---p 00000000 00:00 0 
79dc5701c000-79dc5703a000 rw-p 00000000 00:00 0 
79dc5703a000-79dc57196000 rw-p 00000000 00:00 0 
79dc57196000-79dc57197000 ---p 00000000 00:00 0 
79dc57197000-79dc57297000 rw-p 00000000 00:00 0 
79dc57297000-79dc57298000 ---p 00000000 00:00 0 
79dc57298000-79dc57398000 rw-p 00000000 00:00 0 
79dc57398000-79dc57399000 ---p 00000000 00:00 0 
79dc57399000-79dc57499000 rw-p 00000000 00:00 0 
79dc57499000-79dc57a59000 rw-p 00000000 00:00 0 
79dc57a59000-79dc5ae61000 ---p 00000000 00:00 0 
79dc5ae61000-79dc5b431000 rw-p 00000000 00:00 0 
79dc5b431000-79dc5e839000 ---p 00000000 00:00 0 
79dc5e839000-79dc5e901000 rw-p 00000000 00:00 0 
79dc5e901000-79dc5ef82000 ---p 00000000 00:00 0 
79dc5ef82000-79dc5f03c000 rw-p 00000000 00:00 0 
79dc5f03c000-79dc5f6bd000 ---p 00000000 00:00 0 
79dc5f6bd000-79dc5f777000 rw-p 00000000 00:00 0 
79dc5f777000-79dc5fdf8000 ---p 00000000 00:00 0 
79dc5fdf8000-79dc60400000 rw-p 00000000 00:00 0 
79dc60400000-79dc67eef000 r--s 00000000 103:03 935569                    /usr/lib/jvm/java-17-openjdk-amd64/lib/modules
79dc67eef000-79dc67ef2000 r--p 00000000 103:03 918519                    /usr/lib/x86_64-linux-gnu/liblber.so.2.0.200
79dc67ef2000-79dc67efa000 r-xp 00003000 103:03 918519                    /usr/lib/x86_64-linux-gnu/liblber.so.2.0.200
79dc67efa000-79dc67efd000 r--p 0000b000 103:03 918519                    /usr/lib/x86_64-linux-gnu/liblber.so.2.0.200
79dc67efd000-79dc67efe000 r--p 0000d000 103:03 918519                    /usr/lib/x86_64-linux-gnu/liblber.so.2.0.200
79dc67efe000-79dc67eff000 rw-p 0000e000 103:03 918519                    /usr/lib/x86_64-linux-gnu/liblber.so.2.0.200
79dc67eff000-79dc68759000 rw-p 00000000 00:00 0 
79dc68759000-79dc6c000000 ---p 00000000 00:00 0 
79dc6c002000-79dc6c004000 r--p 00000000 103:03 918387                    /usr/lib/x86_64-linux-gnu/libgif.so.7.2.0
79dc6c004000-79dc6c009000 r-xp 00002000 103:03 918387                    /usr/lib/x86_64-linux-gnu/libgif.so.7.2.0
79dc6c009000-79dc6c00b000 r--p 00007000 103:03 918387                    /usr/lib/x86_64-linux-gnu/libgif.so.7.2.0
79dc6c00b000-79dc6c00c000 r--p 00008000 103:03 918387                    /usr/lib/x86_64-linux-gnu/libgif.so.7.2.0
79dc6c00c000-79dc6c00d000 rw-p 00009000 103:03 918387                    /usr/lib/x86_64-linux-gnu/libgif.so.7.2.0
79dc6c01d000-79dc6c01f000 r--p 00000000 103:03 935520                    /usr/lib/jvm/java-17-openjdk-amd64/lib/libjavajpeg.so
79dc6c01f000-79dc6c026000 r-xp 00002000 103:03 935520                    /usr/lib/jvm/java-17-openjdk-amd64/lib/libjavajpeg.so
79dc6c026000-79dc6c027000 r--p 00009000 103:03 935520                    /usr/lib/jvm/java-17-openjdk-amd64/lib/libjavajpeg.so
79dc6c027000-79dc6c028000 r--p 0000a000 103:03 935520                    /usr/lib/jvm/java-17-openjdk-amd64/lib/libjavajpeg.so
79dc6c028000-79dc6c029000 rw-p 0000b000 103:03 935520                    /usr/lib/jvm/java-17-openjdk-amd64/lib/libjavajpeg.so
79dc6c029000-79dc6c02c000 r--p 00000000 103:03 934858                    /usr/lib/jvm/java-17-openjdk-amd64/lib/libawt_headless.so
79dc6c02c000-79dc6c030000 r-xp 00003000 103:03 934858                    /usr/lib/jvm/java-17-openjdk-amd64/lib/libawt_headless.so
79dc6c030000-79dc6c032000 r--p 00007000 103:03 934858                    /usr/lib/jvm/java-17-openjdk-amd64/lib/libawt_headless.so
79dc6c032000-79dc6c033000 r--p 00008000 103:03 934858                    /usr/lib/jvm/java-17-openjdk-amd64/lib/libawt_headless.so
79dc6c033000-79dc6c034000 rw-p 00009000 103:03 934858                    /usr/lib/jvm/java-17-openjdk-amd64/lib/libawt_headless.so
79dc6c034000-79dc6c038000 r--p 00000000 103:03 935566                    /usr/lib/jvm/java-17-openjdk-amd64/lib/libverify.so
79dc6c038000-79dc6c03f000 r-xp 00004000 103:03 935566                    /usr/lib/jvm/java-17-openjdk-amd64/lib/libverify.so
79dc6c03f000-79dc6c041000 r--p 0000b000 103:03 935566                    /usr/lib/jvm/java-17-openjdk-amd64/lib/libverify.so
79dc6c041000-79dc6c043000 r--p 0000c000 103:03 935566                    /usr/lib/jvm/java-17-openjdk-amd64/lib/libverify.so
79dc6c043000-79dc6c044000 rw-p 0000e000 103:03 935566                    /usr/lib/jvm/java-17-openjdk-amd64/lib/libverify.so
79dc6c044000-79dc6c400000 rw-p 00000000 00:00 0 
79dc6c400000-79dc6cd80000 rwxp 00000000 00:00 0 
79dc6cd80000-79dc6f400000 ---p 00000000 00:00 0 
79dc6f400000-79dc6f49d000 r--p 00000000 103:03 937879                    /usr/lib/x86_64-linux-gnu/libstdc++.so.6.0.33
79dc6f49d000-79dc6f5e5000 r-xp 0009d000 103:03 937879                    /usr/lib/x86_64-linux-gnu/libstdc++.so.6.0.33
79dc6f5e5000-79dc6f66c000 r--p 001e5000 103:03 937879                    /usr/lib/x86_64-linux-gnu/libstdc++.so.6.0.33
79dc6f66c000-79dc6f677000 r--p 0026b000 103:03 937879                    /usr/lib/x86_64-linux-gnu/libstdc++.so.6.0.33
79dc6f677000-79dc6f67a000 rw-p 00276000 103:03 937879                    /usr/lib/x86_64-linux-gnu/libstdc++.so.6.0.33
79dc6f67a000-79dc6f67e000 rw-p 00000000 00:00 0 
79dc6f67e000-79dc6f680000 r--p 00000000 103:03 918099                    /usr/lib/x86_64-linux-gnu/libacl.so.1.1.2302
79dc6f680000-79dc6f685000 r-xp 00002000 103:03 918099                    /usr/lib/x86_64-linux-gnu/libacl.so.1.1.2302
79dc6f685000-79dc6f686000 r--p 00007000 103:03 918099                    /usr/lib/x86_64-linux-gnu/libacl.so.1.1.2302
79dc6f686000-79dc6f687000 r--p 00008000 103:03 918099                    /usr/lib/x86_64-linux-gnu/libacl.so.1.1.2302
79dc6f687000-79dc6f688000 rw-p 00009000 103:03 918099                    /usr/lib/x86_64-linux-gnu/libacl.so.1.1.2302
79dc6f688000-79dc6f68c000 r--p 00000000 103:03 935547                    /usr/lib/jvm/java-17-openjdk-amd64/lib/libnet.so
79dc6f68c000-79dc6f69a000 r-xp 00004000 103:03 935547                    /usr/lib/jvm/java-17-openjdk-amd64/lib/libnet.so
79dc6f69a000-79dc6f69e000 r--p 00012000 103:03 935547                    /usr/lib/jvm/java-17-openjdk-amd64/lib/libnet.so
79dc6f69e000-79dc6f69f000 r--p 00015000 103:03 935547                    /usr/lib/jvm/java-17-openjdk-amd64/lib/libnet.so
79dc6f69f000-79dc6f6a0000 rw-p 00016000 103:03 935547                    /usr/lib/jvm/java-17-openjdk-amd64/lib/libnet.so
79dc6f6a0000-79dc6f6b3000 rw-p 00000000 00:00 0 
79dc6f6b3000-79dc6f700000 ---p 00000000 00:00 0 
79dc6f700000-79dc6f704000 ---p 00000000 00:00 0 
79dc6f704000-79dc6f800000 rw-p 00000000 00:00 0 
79dc6f800000-79dc6fa51000 r--p 00000000 103:03 939931                    /usr/lib/jvm/java-17-openjdk-amd64/lib/server/libjvm.so
79dc6fa51000-79dc707c4000 r-xp 00251000 103:03 939931                    /usr/lib/jvm/java-17-openjdk-amd64/lib/server/libjvm.so
79dc707c4000-79dc70a46000 r--p 00fc4000 103:03 939931                    /usr/lib/jvm/java-17-openjdk-amd64/lib/server/libjvm.so
79dc70a46000-79dc70afe000 r--p 01245000 103:03 939931                    /usr/lib/jvm/java-17-openjdk-amd64/lib/server/libjvm.so
79dc70afe000-79dc70b33000 rw-p 012fd000 103:03 939931                    /usr/lib/jvm/java-17-openjdk-amd64/lib/server/libjvm.so
79dc70b33000-79dc70b8d000 rw-p 00000000 00:00 0 
79dc70b92000-79dc70b94000 r--p 00000000 103:03 935543                    /usr/lib/jvm/java-17-openjdk-amd64/lib/libmanagement_ext.so
79dc70b94000-79dc70b97000 r-xp 00002000 103:03 935543                    /usr/lib/jvm/java-17-openjdk-amd64/lib/libmanagement_ext.so
79dc70b97000-79dc70b99000 r--p 00005000 103:03 935543                    /usr/lib/jvm/java-17-openjdk-amd64/lib/libmanagement_ext.so
79dc70b99000-79dc70b9a000 r--p 00006000 103:03 935543                    /usr/lib/jvm/java-17-openjdk-amd64/lib/libmanagement_ext.so
79dc70b9a000-79dc70b9b000 rw-p 00007000 103:03 935543                    /usr/lib/jvm/java-17-openjdk-amd64/lib/libmanagement_ext.so
79dc70b9b000-79dc70b9d000 r--p 00000000 103:03 935537                    /usr/lib/jvm/java-17-openjdk-amd64/lib/libmanagement.so
79dc70b9d000-79dc70b9e000 r-xp 00002000 103:03 935537                    /usr/lib/jvm/java-17-openjdk-amd64/lib/libmanagement.so
79dc70b9e000-79dc70b9f000 r--p 00003000 103:03 935537                    /usr/lib/jvm/java-17-openjdk-amd64/lib/libmanagement.so
79dc70b9f000-79dc70ba0000 r--p 00003000 103:03 935537                    /usr/lib/jvm/java-17-openjdk-amd64/lib/libmanagement.so
79dc70ba0000-79dc70ba1000 rw-p 00004000 103:03 935537                    /usr/lib/jvm/java-17-openjdk-amd64/lib/libmanagement.so
79dc70ba1000-79dc70ba8000 r--p 00000000 103:03 935550                    /usr/lib/jvm/java-17-openjdk-amd64/lib/libnio.so
79dc70ba8000-79dc70bb1000 r-xp 00007000 103:03 935550                    /usr/lib/jvm/java-17-openjdk-amd64/lib/libnio.so
79dc70bb1000-79dc70bb5000 r--p 00010000 103:03 935550                    /usr/lib/jvm/java-17-openjdk-amd64/lib/libnio.so
79dc70bb5000-79dc70bb6000 r--p 00014000 103:03 935550                    /usr/lib/jvm/java-17-openjdk-amd64/lib/libnio.so
79dc70bb6000-79dc70bb7000 rw-p 00015000 103:03 935550                    /usr/lib/jvm/java-17-openjdk-amd64/lib/libnio.so
79dc70bb7000-79dc70bb9000 r--p 00000000 103:03 935567                    /usr/lib/jvm/java-17-openjdk-amd64/lib/libzip.so
79dc70bb9000-79dc70bbe000 r-xp 00002000 103:03 935567                    /usr/lib/jvm/java-17-openjdk-amd64/lib/libzip.so
79dc70bbe000-79dc70bc0000 r--p 00007000 103:03 935567                    /usr/lib/jvm/java-17-openjdk-amd64/lib/libzip.so
79dc70bc0000-79dc70bc1000 r--p 00008000 103:03 935567                    /usr/lib/jvm/java-17-openjdk-amd64/lib/libzip.so
79dc70bc1000-79dc70bc2000 rw-p 00009000 103:03 935567                    /usr/lib/jvm/java-17-openjdk-amd64/lib/libzip.so
79dc70bc2000-79dc70bc4000 r--p 00000000 103:03 934860                    /usr/lib/jvm/java-17-openjdk-amd64/lib/libdt_socket.so
79dc70bc4000-79dc70bc7000 r-xp 00002000 103:03 934860                    /usr/lib/jvm/java-17-openjdk-amd64/lib/libdt_socket.so
79dc70bc7000-79dc70bc8000 r--p 00005000 103:03 934860                    /usr/lib/jvm/java-17-openjdk-amd64/lib/libdt_socket.so
79dc70bc8000-79dc70bc9000 r--p 00006000 103:03 934860                    /usr/lib/jvm/java-17-openjdk-amd64/lib/libdt_socket.so
79dc70bc9000-79dc70bca000 rw-p 00007000 103:03 934860                    /usr/lib/jvm/java-17-openjdk-amd64/lib/libdt_socket.so
79dc70bca000-79dc70bd1000 r--s 00000000 103:03 959518                    /usr/lib/x86_64-linux-gnu/gconv/gconv-modules.cache
79dc70bd1000-79dc70bd9000 rw-s 00000000 103:03 2229341                   /tmp/hsperfdata_amolkatte/183816
79dc70bd9000-79dc70be5000 r--p 00000000 103:03 935517                    /usr/lib/jvm/java-17-openjdk-amd64/lib/libjava.so
79dc70be5000-79dc70bf7000 r-xp 0000c000 103:03 935517                    /usr/lib/jvm/java-17-openjdk-amd64/lib/libjava.so
79dc70bf7000-79dc70bfd000 r--p 0001e000 103:03 935517                    /usr/lib/jvm/java-17-openjdk-amd64/lib/libjava.so
79dc70bfd000-79dc70bfe000 r--p 00023000 103:03 935517                    /usr/lib/jvm/java-17-openjdk-amd64/lib/libjava.so
79dc70bfe000-79dc70bff000 rw-p 00024000 103:03 935517                    /usr/lib/jvm/java-17-openjdk-amd64/lib/libjava.so
79dc70bff000-79dc70c00000 rw-p 00000000 00:00 0 
79dc70c00000-79dc70c28000 r--p 00000000 103:03 959530                    /usr/lib/x86_64-linux-gnu/libc.so.6
79dc70c28000-79dc70db1000 r-xp 00028000 103:03 959530                    /usr/lib/x86_64-linux-gnu/libc.so.6
79dc70db1000-79dc70e00000 r--p 001b1000 103:03 959530                    /usr/lib/x86_64-linux-gnu/libc.so.6
79dc70e00000-79dc70e04000 r--p 001ff000 103:03 959530                    /usr/lib/x86_64-linux-gnu/libc.so.6
79dc70e04000-79dc70e06000 rw-p 00203000 103:03 959530                    /usr/lib/x86_64-linux-gnu/libc.so.6
79dc70e06000-79dc70e13000 rw-p 00000000 00:00 0 
79dc70e16000-79dc70e17000 r--p 00000000 103:03 935492                    /usr/lib/jvm/java-17-openjdk-amd64/lib/libinstrument.so
79dc70e17000-79dc70e1d000 r-xp 00001000 103:03 935492                    /usr/lib/jvm/java-17-openjdk-amd64/lib/libinstrument.so
79dc70e1d000-79dc70e20000 r--p 00007000 103:03 935492                    /usr/lib/jvm/java-17-openjdk-amd64/lib/libinstrument.so
79dc70e20000-79dc70e21000 r--p 00009000 103:03 935492                    /usr/lib/jvm/java-17-openjdk-amd64/lib/libinstrument.so
79dc70e21000-79dc70e22000 rw-p 0000a000 103:03 935492                    /usr/lib/jvm/java-17-openjdk-amd64/lib/libinstrument.so
79dc70e22000-79dc70e25000 r--p 00000000 103:03 935521                    /usr/lib/jvm/java-17-openjdk-amd64/lib/libjdwp.so
79dc70e25000-79dc70e53000 r-xp 00003000 103:03 935521                    /usr/lib/jvm/java-17-openjdk-amd64/lib/libjdwp.so
79dc70e53000-79dc70e61000 r--p 00031000 103:03 935521                    /usr/lib/jvm/java-17-openjdk-amd64/lib/libjdwp.so
79dc70e61000-79dc70e62000 r--p 0003f000 103:03 935521                    /usr/lib/jvm/java-17-openjdk-amd64/lib/libjdwp.so
79dc70e62000-79dc70e63000 rw-p 00040000 103:03 935521                    /usr/lib/jvm/java-17-openjdk-amd64/lib/libjdwp.so
79dc70e63000-79dc70e64000 rw-p 00000000 00:00 0 
79dc70e64000-79dc70e68000 r--p 00000000 103:03 943155                    /usr/lib/x86_64-linux-gnu/libgcc_s.so.1
79dc70e68000-79dc70e8c000 r-xp 00004000 103:03 943155                    /usr/lib/x86_64-linux-gnu/libgcc_s.so.1
79dc70e8c000-79dc70e90000 r--p 00028000 103:03 943155                    /usr/lib/x86_64-linux-gnu/libgcc_s.so.1
79dc70e90000-79dc70e91000 r--p 0002b000 103:03 943155                    /usr/lib/x86_64-linux-gnu/libgcc_s.so.1
79dc70e91000-79dc70e92000 rw-p 0002c000 103:03 943155                    /usr/lib/x86_64-linux-gnu/libgcc_s.so.1
79dc70e92000-79dc70ea2000 r--p 00000000 103:03 959533                    /usr/lib/x86_64-linux-gnu/libm.so.6
79dc70ea2000-79dc70f21000 r-xp 00010000 103:03 959533                    /usr/lib/x86_64-linux-gnu/libm.so.6
79dc70f21000-79dc70f79000 r--p 0008f000 103:03 959533                    /usr/lib/x86_64-linux-gnu/libm.so.6
79dc70f79000-79dc70f7a000 r--p 000e7000 103:03 959533                    /usr/lib/x86_64-linux-gnu/libm.so.6
79dc70f7a000-79dc70f7b000 rw-p 000e8000 103:03 959533                    /usr/lib/x86_64-linux-gnu/libm.so.6
79dc70f7b000-79dc70f7d000 rw-p 00000000 00:00 0 
79dc70f7d000-79dc70f7f000 r--p 00000000 103:03 935526                    /usr/lib/jvm/java-17-openjdk-amd64/lib/libjli.so
79dc70f7f000-79dc70f89000 r-xp 00002000 103:03 935526                    /usr/lib/jvm/java-17-openjdk-amd64/lib/libjli.so
79dc70f89000-79dc70f8c000 r--p 0000c000 103:03 935526                    /usr/lib/jvm/java-17-openjdk-amd64/lib/libjli.so
79dc70f8c000-79dc70f8d000 r--p 0000f000 103:03 935526                    /usr/lib/jvm/java-17-openjdk-amd64/lib/libjli.so
79dc70f8d000-79dc70f8e000 rw-p 00010000 103:03 935526                    /usr/lib/jvm/java-17-openjdk-amd64/lib/libjli.so
79dc70f8e000-79dc70f90000 r--p 00000000 103:03 919362                    /usr/lib/x86_64-linux-gnu/libz.so.1.3
79dc70f90000-79dc70fa2000 r-xp 00002000 103:03 919362                    /usr/lib/x86_64-linux-gnu/libz.so.1.3
79dc70fa2000-79dc70fa8000 r--p 00014000 103:03 919362                    /usr/lib/x86_64-linux-gnu/libz.so.1.3
79dc70fa8000-79dc70fa9000 r--p 0001a000 103:03 919362                    /usr/lib/x86_64-linux-gnu/libz.so.1.3
79dc70fa9000-79dc70faa000 rw-p 0001b000 103:03 919362                    /usr/lib/x86_64-linux-gnu/libz.so.1.3
79dc70faa000-79dc70fab000 r--p 00000000 103:03 934862                    /usr/lib/jvm/java-17-openjdk-amd64/lib/libextnet.so
79dc70fab000-79dc70fac000 r-xp 00001000 103:03 934862                    /usr/lib/jvm/java-17-openjdk-amd64/lib/libextnet.so
79dc70fac000-79dc70fad000 r--p 00002000 103:03 934862                    /usr/lib/jvm/java-17-openjdk-amd64/lib/libextnet.so
79dc70fad000-79dc70fae000 r--p 00002000 103:03 934862                    /usr/lib/jvm/java-17-openjdk-amd64/lib/libextnet.so
79dc70fae000-79dc70faf000 rw-p 00003000 103:03 934862                    /usr/lib/jvm/java-17-openjdk-amd64/lib/libextnet.so
79dc70faf000-79dc70fb0000 ---p 00000000 00:00 0 
79dc70fb0000-79dc70fb1000 r--p 00000000 00:00 0 
79dc70fb1000-79dc70fb2000 ---p 00000000 00:00 0 
79dc70fb2000-79dc70fb4000 r--p 00000000 103:03 935523                    /usr/lib/jvm/java-17-openjdk-amd64/lib/libjimage.so
79dc70fb4000-79dc70fb7000 r-xp 00002000 103:03 935523                    /usr/lib/jvm/java-17-openjdk-amd64/lib/libjimage.so
79dc70fb7000-79dc70fb8000 r--p 00005000 103:03 935523                    /usr/lib/jvm/java-17-openjdk-amd64/lib/libjimage.so
79dc70fb8000-79dc70fb9000 r--p 00006000 103:03 935523                    /usr/lib/jvm/java-17-openjdk-amd64/lib/libjimage.so
79dc70fb9000-79dc70fba000 rw-p 00007000 103:03 935523                    /usr/lib/jvm/java-17-openjdk-amd64/lib/libjimage.so
79dc70fba000-79dc70fbc000 rw-p 00000000 00:00 0 
79dc70fbc000-79dc70fc0000 r--p 00000000 00:00 0                          [vvar]
79dc70fc0000-79dc70fc2000 r--p 00000000 00:00 0                          [vvar_vclock]
79dc70fc2000-79dc70fc4000 r-xp 00000000 00:00 0                          [vdso]
79dc70fc4000-79dc70fc5000 r--p 00000000 103:03 959527                    /usr/lib/x86_64-linux-gnu/ld-linux-x86-64.so.2
79dc70fc5000-79dc70ff0000 r-xp 00001000 103:03 959527                    /usr/lib/x86_64-linux-gnu/ld-linux-x86-64.so.2
79dc70ff0000-79dc70ffa000 r--p 0002c000 103:03 959527                    /usr/lib/x86_64-linux-gnu/ld-linux-x86-64.so.2
79dc70ffa000-79dc70ffc000 r--p 00036000 103:03 959527                    /usr/lib/x86_64-linux-gnu/ld-linux-x86-64.so.2
79dc70ffc000-79dc70ffe000 rw-p 00038000 103:03 959527                    /usr/lib/x86_64-linux-gnu/ld-linux-x86-64.so.2
7ffc5b303000-7ffc5b326000 rw-p 00000000 00:00 0                          [stack]
ffffffffff600000-ffffffffff601000 --xp 00000000 00:00 0                  [vsyscall]


VM Arguments:
jvm_args: -XX:+ShowCodeDetailsInExceptionMessages -agentlib:jdwp=transport=dt_socket,suspend=y,address=localhost:33827 -Dcom.sun.management.jmxremote -Dcom.sun.management.jmxremote.port=34473 -Dcom.sun.management.jmxremote.authenticate=false -Dcom.sun.management.jmxremote.ssl=false -Djava.rmi.server.hostname=localhost -Dspring.jmx.enabled=true -Dmanagement.endpoints.jmx.exposure.include=* -Dspring.application.admin.enabled=true -Djava.security.egd=file:/dev/./urandom -XX:TieredStopAtLevel=1 -Dspring.boot.project.name=OCR_Reader -javaagent:/home/amolkatte/spring-tool-suite-4-4.25.0.RELEASE-e4.33.0-linux.gtk.x86_64/sts-4.25.0.RELEASE/configuration/org.eclipse.osgi/267/0/.cp/lib/javaagent-shaded.jar -Dfile.encoding=UTF-8 -Dstdout.encoding=UTF-8 -Dstderr.encoding=UTF-8 
java_command: com.OCR.Reader.OcrReaderApplication --spring.output.ansi.enabled=always
java_class_path (initial): /home/amolkatte/OCR_Reader/target/classes:/home/amolkatte/Downloads/Tess4J-3.4.8-src/Tess4J/dist/tess4j-3.4.8.jar:/home/amolkatte/.m2/repository/org/springframework/boot/spring-boot-starter-web/3.3.4/spring-boot-starter-web-3.3.4.jar:/home/amolkatte/.m2/repository/org/springframework/boot/spring-boot-starter/3.3.4/spring-boot-starter-3.3.4.jar:/home/amolkatte/.m2/repository/org/springframework/boot/spring-boot-starter-logging/3.3.4/spring-boot-starter-logging-3.3.4.jar:/home/amolkatte/.m2/repository/ch/qos/logback/logback-classic/1.5.8/logback-classic-1.5.8.jar:/home/amolkatte/.m2/repository/ch/qos/logback/logback-core/1.5.8/logback-core-1.5.8.jar:/home/amolkatte/.m2/repository/org/apache/logging/log4j/log4j-to-slf4j/2.23.1/log4j-to-slf4j-2.23.1.jar:/home/amolkatte/.m2/repository/org/apache/logging/log4j/log4j-api/2.23.1/log4j-api-2.23.1.jar:/home/amolkatte/.m2/repository/org/slf4j/jul-to-slf4j/2.0.16/jul-to-slf4j-2.0.16.jar:/home/amolkatte/.m2/repository/jakarta/annotation/jakarta.annotation-api/2.1.1/jakarta.annotation-api-2.1.1.jar:/home/amolkatte/.m2/repository/org/yaml/snakeyaml/2.2/snakeyaml-2.2.jar:/home/amolkatte/.m2/repository/org/springframework/boot/spring-boot-starter-json/3.3.4/spring-boot-starter-json-3.3.4.jar:/home/amolkatte/.m2/repository/com/fasterxml/jackson/core/jackson-databind/2.17.2/jackson-databind-2.17.2.jar:/home/amolkatte/.m2/repository/com/fasterxml/jackson/core/jackson-annotations/2.17.2/jackson-annotations-2.17.2.jar:/home/amolkatte/.m2/repository/com/fasterxml/jackson/core/jackson-core/2.17.2/jackson-core-2.17.2.jar:/home/amolkatte/.m2/repository/com/fasterxml/jackson/datatype/jackson-datatype-jdk8/2.17.2/jackson-datatype-jdk8-2.17.2.jar:/home/amolkatte/.m2/repository/com/fasterxml/jackson/datatype/jackson-datatype-jsr310/2.17.2/jackson-datatype-jsr310-2.17.2.jar:/home/amolkatte/.m2/repository/com/fasterxml/jackson/module/jackson-module-parameter-names/2.17.2/jackson-module-parameter-names-2.17.2.jar:/home/
Launcher Type: SUN_STANDARD

[Global flags]
     intx CICompilerCount                          = 4                                         {product} {ergonomic}
     uint ConcGCThreads                            = 3                                         {product} {ergonomic}
     uint G1ConcRefinementThreads                  = 10                                        {product} {ergonomic}
   size_t G1HeapRegionSize                         = 2097152                                   {product} {ergonomic}
    uintx GCDrainStackTargetSize                   = 64                                        {product} {ergonomic}
   size_t InitialHeapSize                          = 243269632                                 {product} {ergonomic}
     bool ManagementServer                         = true                                      {product} {command line}
   size_t MarkStackSize                            = 4194304                                   {product} {ergonomic}
   size_t MaxHeapSize                              = 3881828352                                {product} {ergonomic}
   size_t MaxNewSize                               = 2327838720                                {product} {ergonomic}
   size_t MinHeapDeltaBytes                        = 2097152                                   {product} {ergonomic}
   size_t MinHeapSize                              = 8388608                                   {product} {ergonomic}
    uintx NonProfiledCodeHeapSize                  = 0                                      {pd product} {ergonomic}
     bool ProfileInterpreter                       = false                                  {pd product} {command line}
    uintx ProfiledCodeHeapSize                     = 0                                      {pd product} {ergonomic}
     bool ShowCodeDetailsInExceptionMessages       = true                                   {manageable} {command line}
   size_t SoftMaxHeapSize                          = 3881828352                             {manageable} {ergonomic}
     intx TieredStopAtLevel                        = 1                                         {product} {command line}
     bool UseCompressedClassPointers               = true                           {product lp64_product} {ergonomic}
     bool UseCompressedOops                        = true                           {product lp64_product} {ergonomic}
     bool UseG1GC                                  = true                                      {product} {ergonomic}

Logging:
Log output configuration:
 #0: stdout all=warning uptime,level,tags
 #1: stderr all=off uptime,level,tags

Environment Variables:
PATH=/usr/local/sbin:/usr/local/bin:/usr/sbin:/usr/bin:/sbin:/bin:/usr/games:/usr/local/games:/snap/bin:/snap/bin
USERNAME=amolkatte
SHELL=/bin/bash
DISPLAY=:0
LANG=en_US.UTF-8

Active Locale:
LC_ALL=en_US.UTF-8
LC_COLLATE=en_US.UTF-8
LC_CTYPE=en_US.UTF-8
LC_MESSAGES=en_US.UTF-8
LC_MONETARY=en_US.UTF-8
LC_NUMERIC=en_US.UTF-8
LC_TIME=en_US.UTF-8

Signal Handlers:
   SIGSEGV: crash_handler in libjvm.so, mask=11100100010111111101111111111110, flags=SA_RESTART|SA_SIGINFO, unblocked
    SIGBUS: crash_handler in libjvm.so, mask=11100100010111111101111111111110, flags=SA_RESTART|SA_SIGINFO, unblocked
    SIGFPE: crash_handler in libjvm.so, mask=11100100010111111101111111111110, flags=SA_RESTART|SA_SIGINFO, unblocked
   SIGPIPE: javaSignalHandler in libjvm.so, mask=11100100010111111101111111111110, flags=SA_RESTART|SA_SIGINFO, blocked
   SIGXFSZ: javaSignalHandler in libjvm.so, mask=11100100010111111101111111111110, flags=SA_RESTART|SA_SIGINFO, blocked
    SIGILL: crash_handler in libjvm.so, mask=11100100010111111101111111111110, flags=SA_RESTART|SA_SIGINFO, unblocked
   SIGUSR2: SR_handler in libjvm.so, mask=00000000000000000000000000000000, flags=SA_RESTART|SA_SIGINFO, blocked
    SIGHUP: UserHandler in libjvm.so, mask=11100100010111111101111111111110, flags=SA_RESTART|SA_SIGINFO, blocked
    SIGINT: UserHandler in libjvm.so, mask=11100100010111111101111111111110, flags=SA_RESTART|SA_SIGINFO, blocked
   SIGTERM: UserHandler in libjvm.so, mask=11100100010111111101111111111110, flags=SA_RESTART|SA_SIGINFO, blocked
   SIGQUIT: UserHandler in libjvm.so, mask=11100100010111111101111111111110, flags=SA_RESTART|SA_SIGINFO, blocked
   SIGTRAP: crash_handler in libjvm.so, mask=11100100010111111101111111111110, flags=SA_RESTART|SA_SIGINFO, unblocked


Periodic native trim disabled


---------------  S Y S T E M  ---------------

OS:
DISTRIB_ID=Ubuntu
DISTRIB_RELEASE=24.04
DISTRIB_CODENAME=noble
DISTRIB_DESCRIPTION="Ubuntu 24.04.4 LTS"
uname: Linux 7.0.0-34-generic #34~24.04.1-Ubuntu SMP PREEMPT_DYNAMIC Fri Sep  4 15:38:29 UTC 2 x86_64
OS uptime: 0 days 8:47 hours
libc: glibc 2.39 NPTL 2.39 
rlimit (soft/hard): STACK 8192k/infinity , CORE 0k/infinity , NPROC 52084/52084 , NOFILE 1048576/1048576 , AS infinity/infinity , CPU infinity/infinity , DATA infinity/infinity , FSIZE infinity/infinity , MEMLOCK 1894456k/1894456k
load average: 2.32 1.22 0.86

/proc/meminfo:
MemTotal:       15155672 kB
MemFree:          211964 kB
MemAvailable:     295664 kB
Buffers:            4736 kB
Cached:           576128 kB
SwapCached:        78476 kB
Active:          5934704 kB
Inactive:        6588488 kB
Active(anon):    5875456 kB
Inactive(anon):  6376552 kB
Active(file):      59248 kB
Inactive(file):   211936 kB
Unevictable:          96 kB
Mlocked:              96 kB
SwapTotal:       4194300 kB
SwapFree:              0 kB
Zswap:                 0 kB
Zswapped:              0 kB
Dirty:              3524 kB
Writeback:             0 kB
AnonPages:      11864836 kB
Mapped:           404532 kB
Shmem:            308984 kB
KReclaimable:     222916 kB
Slab:             631584 kB
SReclaimable:     222916 kB
SUnreclaim:       408668 kB
KernelStack:       59328 kB
PageTables:       198104 kB
SecPageTables:      3684 kB
NFS_Unstable:          0 kB
Bounce:                0 kB
WritebackTmp:          0 kB
CommitLimit:    11772136 kB
Committed_AS:   85806596 kB
VmallocTotal:   34359738367 kB
VmallocUsed:      131240 kB
VmallocChunk:          0 kB
Percpu:            16752 kB
HardwareCorrupted:     0 kB
AnonHugePages:         0 kB
ShmemHugePages:        0 kB
ShmemPmdMapped:        0 kB
FileHugePages:         0 kB
FilePmdMapped:         0 kB
CmaTotal:              0 kB
CmaFree:           22272 kB
Unaccepted:            0 kB
Balloon:               0 kB
HugePages_Total:       0
HugePages_Free:        0
HugePages_Rsvd:        0
HugePages_Surp:        0
Hugepagesize:       2048 kB
Hugetlb:               0 kB
DirectMap4k:     5956416 kB
DirectMap2M:     9590784 kB
DirectMap1G:           0 kB

/sys/kernel/mm/transparent_hugepage/enabled: always [madvise] never
/sys/kernel/mm/transparent_hugepage/hpage_pmd_size: 2097152
/sys/kernel/mm/transparent_hugepage/defrag (defrag/compaction efforts parameter): always defer defer+madvise [madvise] never

Process Memory:
Virtual Size: 9430772K (peak: 9491312K)
Resident Set Size: 531856K (peak: 558172K) (anon: 510428K, file: 21428K, shmem: 0K)
Swapped out: 0K
C-Heap outstanding allocations: 198370K, retained: 10953K
glibc malloc tunables: (default)

/proc/sys/kernel/threads-max (system-wide limit on the number of threads): 104169
/proc/sys/vm/max_map_count (maximum number of memory map areas a process may have): 1048576
/proc/sys/vm/swappiness (control to define how aggressively the kernel swaps out anonymous memory): 60
/proc/sys/kernel/pid_max (system-wide limit on number of process identifiers): 4194304

container (cgroup) information:
container_type: cgroupv2
cpu_cpuset_cpus: not supported
cpu_memory_nodes: not supported
active_processor_count: 12
cpu_quota: not supported
cpu_period: not supported
cpu_shares: not supported
memory_limit_in_bytes: unlimited
memory_and_swap_limit_in_bytes: unlimited
memory_soft_limit_in_bytes: 0
memory_usage_in_bytes: 4813424 k
memory_max_usage_in_bytes: not supported
rss_usage_in_bytes: 4629020 k
cache_usage_in_bytes: 82548 k
memory_swap_current_in_bytes: 464956 k
memory_swap_max_limit_in_bytes: unlimited
maximum number of tasks: 15625
current number of tasks: 432

Steal ticks since vm start: 0
Steal ticks percentage since vm start:  0.000

CPU: total 12 (initial active 12) (12 cores per cpu, 2 threads per core) family 25 model 80 stepping 0 microcode 0xa500012, cx8, cmov, fxsr, ht, mmx, 3dnowpref, sse, sse2, sse3, ssse3, sse4a, sse4.1, sse4.2, popcnt, lzcnt, tsc, tscinvbit, avx, avx2, aes, erms, clmul, bmi1, bmi2, adx, sha, fma, vzeroupper, clflush, clflushopt
CPU Model and flags from /proc/cpuinfo:
model name	: AMD Ryzen 5 5625U with Radeon Graphics
flags		: fpu vme de pse tsc msr pae mce cx8 apic sep mtrr pge mca cmov pat pse36 clflush mmx fxsr sse sse2 ht syscall nx mmxext fxsr_opt pdpe1gb rdtscp lm constant_tsc rep_good nopl xtopology nonstop_tsc cpuid extd_apicid aperfmperf rapl pni pclmulqdq monitor ssse3 fma cx16 sse4_1 sse4_2 movbe popcnt aes xsave avx f16c rdrand lahf_lm cmp_legacy svm extapic cr8_legacy abm sse4a misalignsse 3dnowprefetch osvw ibs skinit wdt tce topoext perfctr_core perfctr_nb bpext perfctr_llc mwaitx cpb cat_l3 cdp_l3 hw_pstate ssbd mba ibrs ibpb stibp vmmcall fsgsbase bmi1 avx2 smep bmi2 erms invpcid cqm rdt_a rdseed adx smap clflushopt clwb sha_ni xsaveopt xsavec xgetbv1 xsaves cqm_llc cqm_occup_llc cqm_mbm_total cqm_mbm_local user_shstk clzero irperf xsaveerptr rdpru wbnoinvd cppc arat npt lbrv svm_lock nrip_save tsc_scale vmcb_clean flushbyasid decodeassists pausefilter pfthreshold avic v_vmsave_vmload vgif v_spec_ctrl umip pku ospke vaes vpclmulqdq rdpid overflow_recov succor smca fsrm debug_swap

Online cpus: 0-11
Offline cpus: 
BIOS frequency limitation: <Not Available>
Frequency switch latency (ns): 0
Available cpu frequencies: <Not Available>
Current governor: powersave
Core performance/turbo boost: 1

Memory: 4k page, physical 15155672k(213796k free), swap 4194300k(0k free)
Page Sizes: 4k

vm_info: OpenJDK 64-Bit Server VM (17.0.20.1+1-1-24.04-Ubuntu) for linux-amd64 JRE (17.0.20.1+1-1-24.04-Ubuntu), built on Aug 27 2026 21:59:30 by "buildd" with gcc 13.3.0

END.
