#
# A fatal error has been detected by the Java Runtime Environment:
#
#  SIGSEGV (0xb) at pc=0x00007e8f754a9cd2, pid=192125, tid=192193
#
# JRE version: OpenJDK Runtime Environment (17.0.20.1+1) (build 17.0.20.1+1-1-24.04-Ubuntu)
# Java VM: OpenJDK 64-Bit Server VM (17.0.20.1+1-1-24.04-Ubuntu, mixed mode, emulated-client, sharing, tiered, compressed oops, compressed class ptrs, g1 gc, linux-amd64)
# Problematic frame:
# C  [libtesseract.so+0xa9cd2]  tesseract::Tesseract::recog_all_words(tesseract::PAGE_RES*, tesseract::ETEXT_DESC*, tesseract::TBOX const*, char const*, int)+0x442
#
# Core dump will be written. Default location: Determined by the following: "/usr/share/apport/apport -p%p -s%s -c%c -d%d -P%P -u%u -g%g -F%F -- %E" (alternatively, falling back to /home/amolkatte/OCR_Reader/core.192125)
#
# If you would like to submit a bug report, please visit:
#   https://bugs.launchpad.net/ubuntu/+source/openjdk-17
# The crash happened outside the Java Virtual Machine in native code.
# See problematic frame for where to report the bug.
#

---------------  S U M M A R Y ------------

Command Line: -XX:+ShowCodeDetailsInExceptionMessages -agentlib:jdwp=transport=dt_socket,suspend=y,address=localhost:45241 -Dcom.sun.management.jmxremote -Dcom.sun.management.jmxremote.port=39115 -Dcom.sun.management.jmxremote.authenticate=false -Dcom.sun.management.jmxremote.ssl=false -Djava.rmi.server.hostname=localhost -Dspring.jmx.enabled=true -Dmanagement.endpoints.jmx.exposure.include=* -Dspring.application.admin.enabled=true -Djava.security.egd=file:/dev/./urandom -XX:TieredStopAtLevel=1 -Dspring.boot.project.name=OCR_Reader -javaagent:/home/amolkatte/spring-tool-suite-4-4.25.0.RELEASE-e4.33.0-linux.gtk.x86_64/sts-4.25.0.RELEASE/configuration/org.eclipse.osgi/267/0/.cp/lib/javaagent-shaded.jar -Dfile.encoding=UTF-8 -Dstdout.encoding=UTF-8 -Dstderr.encoding=UTF-8 com.OCR.Reader.OcrReaderApplication --spring.output.ansi.enabled=always

Host: AMD Ryzen 5 5625U with Radeon Graphics, 12 cores, 14G, Ubuntu 24.04.4 LTS
Time: Thu Oct  1 01:22:00 2026 IST elapsed time: 17.216477 seconds (0d 0h 0m 17s)

---------------  T H R E A D  ---------------

Current thread (0x00007e8f08960e50):  JavaThread "http-nio-8080-exec-3" daemon [_thread_in_native, id=192193, stack(0x00007e8f764fd000,0x00007e8f765fd000)]

Stack: [0x00007e8f764fd000,0x00007e8f765fd000],  sp=0x00007e8f765f83a0,  free space=1004k
Native frames: (J=compiled Java code, j=interpreted, Vv=VM code, C=native code)
C  [libtesseract.so+0xa9cd2]  tesseract::Tesseract::recog_all_words(tesseract::PAGE_RES*, tesseract::ETEXT_DESC*, tesseract::TBOX const*, char const*, int)+0x442
C  [libtesseract.so+0x832a6]  tesseract::TessBaseAPI::Recognize(tesseract::ETEXT_DESC*)+0x1a6
C  [libtesseract.so+0x83857]  tesseract::TessBaseAPI::GetUTF8Text()+0x227
C  [jna9520295121138148645.tmp+0x139c2]

Java frames: (J=compiled Java code, j=interpreted, Vv=VM code)
j  com.sun.jna.Native.invokePointer(Lcom/sun/jna/Function;JI[Ljava/lang/Object;)J+0
j  com.sun.jna.Function.invokePointer(I[Ljava/lang/Object;)Lcom/sun/jna/Pointer;+7
j  com.sun.jna.Function.invoke([Ljava/lang/Object;Ljava/lang/Class;ZI)Ljava/lang/Object;+385
j  com.sun.jna.Function.invoke(Ljava/lang/reflect/Method;[Ljava/lang/Class;Ljava/lang/Class;[Ljava/lang/Object;Ljava/util/Map;)Ljava/lang/Object;+271
j  com.sun.jna.Library$Handler.invoke(Ljava/lang/Object;Ljava/lang/reflect/Method;[Ljava/lang/Object;)Ljava/lang/Object;+390
j  jdk.proxy2.$Proxy69.TessBaseAPIGetUTF8Text(Lnet/sourceforge/tess4j/ITessAPI$TessBaseAPI;)Lcom/sun/jna/Pointer;+16 jdk.proxy2
j  net.sourceforge.tess4j.Tesseract.getOCRText(Ljava/lang/String;I)Ljava/lang/String;+62
j  net.sourceforge.tess4j.Tesseract.doOCR(Ljava/util/List;Ljava/lang/String;Ljava/awt/Rectangle;)Ljava/lang/String;+69
j  net.sourceforge.tess4j.Tesseract.doOCR(Ljava/io/File;Ljava/awt/Rectangle;)Ljava/lang/String;+10
j  net.sourceforge.tess4j.Tesseract.doOCR(Ljava/io/File;)Ljava/lang/String;+3
j  com.OCR.Reader.util.OCRProcessor.extractTextFromImage(Ljava/io/File;)Ljava/lang/String;+99
j  com.OCR.Reader.service.impl.OCRServiceImpl.processImage(Lorg/springframework/web/multipart/MultipartFile;)Lcom/OCR/Reader/pojo/OCRResult;+35
j  com.OCR.Reader.controller.OCRController.handleFileUpload(Lorg/springframework/web/multipart/MultipartFile;)Lcom/OCR/Reader/pojo/OCRResult;+5
v  ~StubRoutines::call_stub
J 3708  jdk.internal.reflect.NativeMethodAccessorImpl.invoke0(Ljava/lang/reflect/Method;Ljava/lang/Object;[Ljava/lang/Object;)Ljava/lang/Object; java.base@17.0.20.1 (0 bytes) @ 0x00007e8fe1cff63f [0x00007e8fe1cff5c0+0x000000000000007f]
j  jdk.internal.reflect.NativeMethodAccessorImpl.invoke(Ljava/lang/Object;[Ljava/lang/Object;)Ljava/lang/Object;+133 java.base@17.0.20.1
J 3895 c1 jdk.internal.reflect.DelegatingMethodAccessorImpl.invoke(Ljava/lang/Object;[Ljava/lang/Object;)Ljava/lang/Object; java.base@17.0.20.1 (10 bytes) @ 0x00007e8fe1d4ab24 [0x00007e8fe1d4aac0+0x0000000000000064]
J 3930 c1 java.lang.reflect.Method.invoke(Ljava/lang/Object;[Ljava/lang/Object;)Ljava/lang/Object; java.base@17.0.20.1 (65 bytes) @ 0x00007e8fe1d57f84 [0x00007e8fe1d57e60+0x0000000000000124]
j  org.springframework.web.method.support.InvocableHandlerMethod.doInvoke([Ljava/lang/Object;)Ljava/lang/Object;+55
j  org.springframework.web.method.support.InvocableHandlerMethod.invokeForRequest(Lorg/springframework/web/context/request/NativeWebRequest;Lorg/springframework/web/method/support/ModelAndViewContainer;[Ljava/lang/Object;)Ljava/lang/Object;+82
j  org.springframework.web.servlet.mvc.method.annotation.ServletInvocableHandlerMethod.invokeAndHandle(Lorg/springframework/web/context/request/ServletWebRequest;Lorg/springframework/web/method/support/ModelAndViewContainer;[Ljava/lang/Object;)V+4
j  org.springframework.web.servlet.mvc.method.annotation.RequestMappingHandlerAdapter.invokeHandlerMethod(Ljakarta/servlet/http/HttpServletRequest;Ljakarta/servlet/http/HttpServletResponse;Lorg/springframework/web/method/HandlerMethod;)Lorg/springframework/web/servlet/ModelAndView;+309
j  org.springframework.web.servlet.mvc.method.annotation.RequestMappingHandlerAdapter.handleInternal(Ljakarta/servlet/http/HttpServletRequest;Ljakarta/servlet/http/HttpServletResponse;Lorg/springframework/web/method/HandlerMethod;)Lorg/springframework/web/servlet/ModelAndView;+81
j  org.springframework.web.servlet.mvc.method.AbstractHandlerMethodAdapter.handle(Ljakarta/servlet/http/HttpServletRequest;Ljakarta/servlet/http/HttpServletResponse;Ljava/lang/Object;)Lorg/springframework/web/servlet/ModelAndView;+7
j  org.springframework.web.servlet.DispatcherServlet.doDispatch(Ljakarta/servlet/http/HttpServletRequest;Ljakarta/servlet/http/HttpServletResponse;)V+304
j  org.springframework.web.servlet.DispatcherServlet.doService(Ljakarta/servlet/http/HttpServletRequest;Ljakarta/servlet/http/HttpServletResponse;)V+242
j  org.springframework.web.servlet.FrameworkServlet.processRequest(Ljakarta/servlet/http/HttpServletRequest;Ljakarta/servlet/http/HttpServletResponse;)V+70
j  org.springframework.web.servlet.FrameworkServlet.doPost(Ljakarta/servlet/http/HttpServletRequest;Ljakarta/servlet/http/HttpServletResponse;)V+3
j  jakarta.servlet.http.HttpServlet.service(Ljakarta/servlet/http/HttpServletRequest;Ljakarta/servlet/http/HttpServletResponse;)V+150
j  org.springframework.web.servlet.FrameworkServlet.service(Ljakarta/servlet/http/HttpServletRequest;Ljakarta/servlet/http/HttpServletResponse;)V+20
j  jakarta.servlet.http.HttpServlet.service(Ljakarta/servlet/ServletRequest;Ljakarta/servlet/ServletResponse;)V+37
j  org.apache.catalina.core.ApplicationFilterChain.internalDoFilter(Ljakarta/servlet/ServletRequest;Ljakarta/servlet/ServletResponse;)V+300
j  org.apache.catalina.core.ApplicationFilterChain.doFilter(Ljakarta/servlet/ServletRequest;Ljakarta/servlet/ServletResponse;)V+99
j  org.apache.tomcat.websocket.server.WsFilter.doFilter(Ljakarta/servlet/ServletRequest;Ljakarta/servlet/ServletResponse;Ljakarta/servlet/FilterChain;)V+21
j  org.apache.catalina.core.ApplicationFilterChain.internalDoFilter(Ljakarta/servlet/ServletRequest;Ljakarta/servlet/ServletResponse;)V+130
j  org.apache.catalina.core.ApplicationFilterChain.doFilter(Ljakarta/servlet/ServletRequest;Ljakarta/servlet/ServletResponse;)V+99
j  org.springframework.web.filter.RequestContextFilter.doFilterInternal(Ljakarta/servlet/http/HttpServletRequest;Ljakarta/servlet/http/HttpServletResponse;Ljakarta/servlet/FilterChain;)V+21
j  org.springframework.web.filter.OncePerRequestFilter.doFilter(Ljakarta/servlet/ServletRequest;Ljakarta/servlet/ServletResponse;Ljakarta/servlet/FilterChain;)V+150
j  org.apache.catalina.core.ApplicationFilterChain.internalDoFilter(Ljakarta/servlet/ServletRequest;Ljakarta/servlet/ServletResponse;)V+130
j  org.apache.catalina.core.ApplicationFilterChain.doFilter(Ljakarta/servlet/ServletRequest;Ljakarta/servlet/ServletResponse;)V+99
j  org.springframework.web.filter.FormContentFilter.doFilterInternal(Ljakarta/servlet/http/HttpServletRequest;Ljakarta/servlet/http/HttpServletResponse;Ljakarta/servlet/FilterChain;)V+38
j  org.springframework.web.filter.OncePerRequestFilter.doFilter(Ljakarta/servlet/ServletRequest;Ljakarta/servlet/ServletResponse;Ljakarta/servlet/FilterChain;)V+150
j  org.apache.catalina.core.ApplicationFilterChain.internalDoFilter(Ljakarta/servlet/ServletRequest;Ljakarta/servlet/ServletResponse;)V+130
j  org.apache.catalina.core.ApplicationFilterChain.doFilter(Ljakarta/servlet/ServletRequest;Ljakarta/servlet/ServletResponse;)V+99
j  org.springframework.web.filter.CharacterEncodingFilter.doFilterInternal(Ljakarta/servlet/http/HttpServletRequest;Ljakarta/servlet/http/HttpServletResponse;Ljakarta/servlet/FilterChain;)V+53
j  org.springframework.web.filter.OncePerRequestFilter.doFilter(Ljakarta/servlet/ServletRequest;Ljakarta/servlet/ServletResponse;Ljakarta/servlet/FilterChain;)V+150
j  org.apache.catalina.core.ApplicationFilterChain.internalDoFilter(Ljakarta/servlet/ServletRequest;Ljakarta/servlet/ServletResponse;)V+130
j  org.apache.catalina.core.ApplicationFilterChain.doFilter(Ljakarta/servlet/ServletRequest;Ljakarta/servlet/ServletResponse;)V+99
j  org.apache.catalina.core.StandardWrapperValve.invoke(Lorg/apache/catalina/connector/Request;Lorg/apache/catalina/connector/Response;)V+514
j  org.apache.catalina.core.StandardContextValve.invoke(Lorg/apache/catalina/connector/Request;Lorg/apache/catalina/connector/Response;)V+169
j  org.apache.catalina.authenticator.AuthenticatorBase.invoke(Lorg/apache/catalina/connector/Request;Lorg/apache/catalina/connector/Response;)V+221
j  org.apache.catalina.core.StandardHostValve.invoke(Lorg/apache/catalina/connector/Request;Lorg/apache/catalina/connector/Response;)V+131
j  org.apache.catalina.valves.ErrorReportValve.invoke(Lorg/apache/catalina/connector/Request;Lorg/apache/catalina/connector/Response;)V+6
j  org.apache.catalina.core.StandardEngineValve.invoke(Lorg/apache/catalina/connector/Request;Lorg/apache/catalina/connector/Response;)V+59
j  org.apache.catalina.connector.CoyoteAdapter.service(Lorg/apache/coyote/Request;Lorg/apache/coyote/Response;)V+188
j  org.apache.coyote.http11.Http11Processor.service(Lorg/apache/tomcat/util/net/SocketWrapperBase;)Lorg/apache/tomcat/util/net/AbstractEndpoint$Handler$SocketState;+796
j  org.apache.coyote.AbstractProcessorLight.process(Lorg/apache/tomcat/util/net/SocketWrapperBase;Lorg/apache/tomcat/util/net/SocketEvent;)Lorg/apache/tomcat/util/net/AbstractEndpoint$Handler$SocketState;+155
j  org.apache.coyote.AbstractProtocol$ConnectionHandler.process(Lorg/apache/tomcat/util/net/SocketWrapperBase;Lorg/apache/tomcat/util/net/SocketEvent;)Lorg/apache/tomcat/util/net/AbstractEndpoint$Handler$SocketState;+482
j  org.apache.tomcat.util.net.NioEndpoint$SocketProcessor.doRun()V+249
j  org.apache.tomcat.util.net.SocketProcessorBase.run()V+32
j  org.apache.tomcat.util.threads.ThreadPoolExecutor.runWorker(Lorg/apache/tomcat/util/threads/ThreadPoolExecutor$Worker;)V+92
j  org.apache.tomcat.util.threads.ThreadPoolExecutor$Worker.run()V+5
j  org.apache.tomcat.util.threads.TaskThread$WrappingRunnable.run()V+4
j  java.lang.Thread.run()V+11 java.base@17.0.20.1
v  ~StubRoutines::call_stub

siginfo: si_signo: 11 (SIGSEGV), si_code: 1 (SEGV_MAPERR), si_addr: 0x000000000000000c

Registers:
RAX=0x0000000000000000, RBX=0x00007e8f765f8400, RCX=0x0000000000000000, RDX=0x0000000000000000
RSP=0x00007e8f765f83a0, RBP=0x00007e8f765f8580, RSI=0x0000000000000000, RDI=0x00007e8f765f84b0
R8 =0x0000000000000000, R9 =0x0000000000000000, R10=0x00007e8ec20bbb70, R11=0x0000000000000210
R12=0x00007e8ec016aa40, R13=0x00007e8ec20fcf30, R14=0x0000000000000001, R15=0x00007e8f765f87d0
RIP=0x00007e8f754a9cd2, EFLAGS=0x0000000000010246, CSGSFS=0x002b000000000033, ERR=0x0000000000000004
  TRAPNO=0x000000000000000e

XMM[0]=0x00007e8ec20b4500 0x00007e8ec21269f0
XMM[1]=0x0000000000000000 0x0000000000000000
XMM[2]=0x01000000007e8ec2 0x0b450000007e8ec2
XMM[3]=0x00007e8ec209a8e0 0x00007e8ec20b3af0
XMM[4]=0x00007e8ec21269f0 0x00007e8ec20b3b10
XMM[5]=0x00007e8ec20e25c0 0x00007e8ec20b4500
XMM[6]=0x00000000007e8ec2 0x0b450000007e8ec2
XMM[7]=0x00007e8ec21269f0 0x00007e8ec21267d0
XMM[8]=0x007f80007f80007f 0x74007f50007f4000
XMM[9]=0x0000000000000000 0x0000000040a33333
XMM[10]=0x0000000000000000 0x0000000080000000
XMM[11]=0x0000000000000000 0x0000000040233333
XMM[12]=0x0000000000000000 0x0000000000000000
XMM[13]=0x0000000000000000 0x000000003f800000
XMM[14]=0x0000000000000000 0x000000003f800000
XMM[15]=0x0000000000000000 0x0000000000000000
  MXCSR=0x00001fa0


Register to memory mapping:

RAX=0x0 is NULL
RBX=0x00007e8f765f8400 is pointing into the stack for thread: 0x00007e8f08960e50
RCX=0x0 is NULL
RDX=0x0 is NULL
RSP=0x00007e8f765f83a0 is pointing into the stack for thread: 0x00007e8f08960e50
RBP=0x00007e8f765f8580 is pointing into the stack for thread: 0x00007e8f08960e50
RSI=0x0 is NULL
RDI=0x00007e8f765f84b0 is pointing into the stack for thread: 0x00007e8f08960e50
R8 =0x0 is NULL
R9 =0x0 is NULL
R10=0x00007e8ec20bbb70 points into unknown readable memory: 0x0000000000001e40 | 40 1e 00 00 00 00 00 00
R11=0x0000000000000210 is an unknown value
R12=0x00007e8ec016aa40 points into unknown readable memory: 0x00007e8f75701428 | 28 14 70 75 8f 7e 00 00
R13=0x00007e8ec20fcf30 points into unknown readable memory: 0x0000000000000000 | 00 00 00 00 00 00 00 00
R14=0x0000000000000001 is an unknown value
R15=0x00007e8f765f87d0 is pointing into the stack for thread: 0x00007e8f08960e50


Top of Stack: (sp=0x00007e8f765f83a0)
0x00007e8f765f83a0:   0000000000000000 0000000000000000
0x00007e8f765f83b0:   00007e8ec20cc998 0000000000000000
0x00007e8f765f83c0:   00007e8ec20fcf30 00000000c20cc900
0x00007e8f765f83d0:   00007e8ec20cc890 0000000000000000
0x00007e8f765f83e0:   0000000000000000 221c103ba2650f00
0x00007e8f765f83f0:   0000000000000001 00007e8ec20afa30
0x00007e8f765f8400:   00007e8ec20fcf30 0000000000000000
0x00007e8f765f8410:   0000000000000000 0000000000000000
0x00007e8f765f8420:   00007e8ec20b4500 00007e8ec20b3af0
0x00007e8f765f8430:   00007e8ec209a8e0 00007e8ec21267d0
0x00007e8f765f8440:   00007e8ec20b3af0 00007e8ec209a8e0
0x00007e8f765f8450:   00007e8ec20fcf38 00007e8ec209a8e0
0x00007e8f765f8460:   00007e8ec209a8e0 00007e8ec209a8e0
0x00007e8f765f8470:   00007e8ec209a8e0 00007e8ec2000000
0x00007e8f765f8480:   00007e8ec209a908 00007e8ec20afa30
0x00007e8f765f8490:   00007e8ec20b3af0 00007e8ec20e7d80
0x00007e8f765f84a0:   00007e8ec20b3af0 00007e8ec2000000
0x00007e8f765f84b0:   00007e8ec20b3b10 00007e8ec21267d0
0x00007e8f765f84c0:   00007e8ec21269f0 00007e8ec20b4500
0x00007e8f765f84d0:   00007e8ec20b4500 00007e8ec2010000
0x00007e8f765f84e0:   00007e8ec20b3b10 00007e8ec21269f0
0x00007e8f765f84f0:   00007e8ec20b4500 00007e8ec20e25c0
0x00007e8f765f8500:   00007e8ec20b4500 0000000000000000
0x00007e8f765f8510:   00007e8ec20b3b10 00007e8ec21265d0
0x00007e8f765f8520:   00007e8ec21267d0 00007e8ec21269f0
0x00007e8f765f8530:   00007e8ec20b4500 00007e8f75010000
0x00007e8f765f8540:   0000000000000000 221c103ba2650f00
0x00007e8f765f8550:   0000000000000000 00007e8ec0165be0
0x00007e8f765f8560:   0000000000000000 00007e8ec20fcf30
0x00007e8f765f8570:   0000000000000001 00007e8f765f87d0
0x00007e8f765f8580:   00007e8f765f8610 00007e8f754832a6
0x00007e8f765f8590:   00007e8f765f878c 0000000000000000 

Instructions: (pc=0x00007e8f754a9cd2)
0x00007e8f754a9bd2:   08 48 85 d2 74 04 48 8b 52 08 48 8b 80 20 01 00
0x00007e8f754a9be2:   00 48 85 c0 74 c0 8b 48 74 85 c9 74 b9 48 8b 40
0x00007e8f754a9bf2:   10 48 8d 0c 88 66 0f 1f 84 00 00 00 00 00 8b 30
0x00007e8f754a9c02:   85 f6 75 aa 48 83 c0 04 48 39 c1 75 f1 48 85 d2
0x00007e8f754a9c12:   74 94 8b 42 10 8d 50 ff 83 fa 02 76 89 83 f8 06
0x00007e8f754a9c22:   74 84 8d 50 f9 83 fa 01 0f 86 78 ff ff ff 83 f8
0x00007e8f754a9c32:   05 0f 85 77 ff ff ff e9 6a ff ff ff 66 90 48 83
0x00007e8f754a9c42:   bd 58 fe ff ff 00 74 10 48 8b 85 58 fe ff ff ba
0x00007e8f754a9c52:   64 00 00 00 66 89 50 02 b8 01 00 00 00 48 8b 55
0x00007e8f754a9c62:   c8 64 48 2b 14 25 28 00 00 00 0f 85 e7 05 00 00
0x00007e8f754a9c72:   48 81 c4 b8 01 00 00 5b 41 5c 41 5d 41 5e 41 5f
0x00007e8f754a9c82:   5d c3 0f 1f 40 00 48 83 bd 58 fe ff ff 00 0f 84
0x00007e8f754a9c92:   22 03 00 00 48 8b 95 38 fe ff ff 48 89 de 4c 89
0x00007e8f754a9ca2:   e7 e8 c8 55 00 00 e9 bd fe ff ff 0f 1f 00 31 f6
0x00007e8f754a9cb2:   48 89 df e8 96 3f 07 00 41 8b 84 24 68 15 00 00
0x00007e8f754a9cc2:   85 c0 0f 8f 89 02 00 00 49 8b 84 24 00 0a 00 00
0x00007e8f754a9cd2:   80 78 0c 00 0f 85 70 05 00 00 4d 8b ac 24 68 4b
0x00007e8f754a9ce2:   02 00 4d 8b bc 24 60 4b 02 00 4d 39 ef 75 21 eb
0x00007e8f754a9cf2:   3a 0f 1f 44 00 00 48 8b 97 00 0a 00 00 80 7a 0c
0x00007e8f754a9d02:   00 0f 85 87 02 00 00 49 83 c7 08 4d 39 fd 74 1b
0x00007e8f754a9d12:   49 8b 3f 8b 87 68 15 00 00 85 c0 7e d9 e8 dc ce
0x00007e8f754a9d22:   08 00 49 83 c7 08 4d 39 fd 75 e5 4c 8d bd 60 fe
0x00007e8f754a9d32:   ff ff 66 0f ef c0 be 01 00 00 00 4c 8b 85 40 fe
0x00007e8f754a9d42:   ff ff 48 8b 8d 28 fe ff ff 48 8b 95 38 fe ff ff
0x00007e8f754a9d52:   4d 89 f9 4c 89 e7 48 c7 85 70 fe ff ff 00 00 00
0x00007e8f754a9d62:   00 0f 29 85 60 fe ff ff e8 e1 56 ff ff 45 8b b4
0x00007e8f754a9d72:   24 a4 3b 02 00 45 85 f6 74 0b 4c 89 fe 4c 89 e7
0x00007e8f754a9d82:   e8 c9 21 04 00 48 8b 85 68 fe ff ff 45 31 ed 4d
0x00007e8f754a9d92:   89 f8 48 89 d9 48 2b 85 60 fe ff ff 4c 89 e7 48
0x00007e8f754a9da2:   ba cd cc cc cc cc cc cc cc 41 c7 84 24 34 4b 02
0x00007e8f754a9db2:   00 00 00 00 00 48 c1 f8 04 4d 89 a4 24 78 4b 02
0x00007e8f754a9dc2:   00 be 01 00 00 00 49 c7 84 24 24 4b 02 00 00 00 


Stack slot to memory mapping:
stack at sp + 0 slots: 0x0 is NULL
stack at sp + 1 slots: 0x0 is NULL
stack at sp + 2 slots: 0x00007e8ec20cc998 points into unknown readable memory: 0x00007e8ec20cc900 | 00 c9 0c c2 8e 7e 00 00
stack at sp + 3 slots: 0x0 is NULL
stack at sp + 4 slots: 0x00007e8ec20fcf30 points into unknown readable memory: 0x0000000000000000 | 00 00 00 00 00 00 00 00
stack at sp + 5 slots: 0x00000000c20cc900 is an unknown value
stack at sp + 6 slots: 0x00007e8ec20cc890 points into unknown readable memory: 0x00007e8ec20cc900 | 00 c9 0c c2 8e 7e 00 00
stack at sp + 7 slots: 0x0 is NULL


Compiled method (n/a) 17218 3708     n 0       jdk.internal.reflect.NativeMethodAccessorImpl::invoke0 (native)
 total in heap  [0x00007e8fe1cff410,0x00007e8fe1cff858] = 1096
 relocation     [0x00007e8fe1cff570,0x00007e8fe1cff5a8] = 56
 main code      [0x00007e8fe1cff5c0,0x00007e8fe1cff858] = 664

[Constant Pool (empty)]

[MachCode]
[Entry Point]
  # {method} {0x00007e8f7b1d6838} 'invoke0' '(Ljava/lang/reflect/Method;Ljava/lang/Object;[Ljava/lang/Object;)Ljava/lang/Object;' in 'jdk/internal/reflect/NativeMethodAccessorImpl'
  # parm0:    rsi:rsi   = 'java/lang/reflect/Method'
  # parm1:    rdx:rdx   = 'java/lang/Object'
  # parm2:    rcx:rcx   = '[Ljava/lang/Object;'
  #           [sp+0x50]  (sp of caller)
  0x00007e8fe1cff5c0: 448b 5608 | 49bb 0000 | 007b 8f7e | 0000 4d03 | d349 3bc2 | 0f84 0600 

  0x00007e8fe1cff5d8: ;   {runtime_call ic_miss_stub}
  0x00007e8fe1cff5d8: 0000 e9a1 | 1775 ff90 
[Verified Entry Point]
  0x00007e8fe1cff5e0: 8984 2400 | c0fe ff55 | 488b ec48 | 83ec 4048 | 894c 2410 | 4883 f900 | 4c8d 4424 | 104c 0f44 
  0x00007e8fe1cff600: 4424 1048 | 8954 2408 | 4883 fa00 | 488d 4c24 | 0848 0f44 | 4c24 0848 | 8934 2448 | 83fe 0048 
  0x00007e8fe1cff620: 8d14 2448 | 0f44 1424 

  0x00007e8fe1cff628: ;   {oop(a 'java/lang/Class'{0x00000007ffd170b8} = 'jdk/internal/reflect/NativeMethodAccessorImpl')}
  0x00007e8fe1cff628: 49be b870 | d1ff 0700 | 0000 4c89 | 7424 304c | 8d74 2430 | 498b f6c5 

  0x00007e8fe1cff640: ;   {internal_word}
  0x00007e8fe1cff640: f877 49ba | 3ff6 cfe1 | 8f7e 0000 | 4d89 9798 | 0200 0049 | 89a7 9002 

  0x00007e8fe1cff658: ;   {external_word}
  0x00007e8fe1cff658: 0000 803d | a49b 4411 | 000f 843a | 0000 0056 | 5251 4150 

  0x00007e8fe1cff66c: ;   {metadata({method} {0x00007e8f7b1d6838} 'invoke0' '(Ljava/lang/reflect/Method;Ljava/lang/Object;[Ljava/lang/Object;)Ljava/lang/Object;' in 'jdk/internal/reflect/NativeMethodAccessorImpl')}
  0x00007e8fe1cff66c: 48be 3868 | 1d7b 8f7e | 0000 498b | fff7 c40f | 0000 000f | 8412 0000 | 0048 83ec 

  0x00007e8fe1cff688: ;   {runtime_call SharedRuntime::dtrace_method_entry(JavaThread*, Method*)}
  0x00007e8fe1cff688: 08e8 72f9 | df10 4883 | c408 e905 

  0x00007e8fe1cff694: ;   {runtime_call SharedRuntime::dtrace_method_entry(JavaThread*, Method*)}
  0x00007e8fe1cff694: 0000 00e8 | 64f9 df10 | 4158 595a | 5e49 8dbf | b002 0000 | 41c7 8738 | 0300 0004 

  0x00007e8fe1cff6b0: ;   {runtime_call Java_jdk_internal_reflect_NativeMethodAccessorImpl_invoke0}
  0x00007e8fe1cff6b0: 0000 00e8 | c887 4e11 | c5f8 7741 | c787 3803 | 0000 0500 | 0000 f083 | 4424 c000 | 493b af40 
  0x00007e8fe1cff6d0: 0300 000f | 8711 0000 | 0041 81bf | 2803 0000 | 0000 0000 | 0f84 2400 | 0000 c5f8 | 7748 8945 
  0x00007e8fe1cff6f0: f849 8bff | 4c8b e448 | 83ec 0048 

  0x00007e8fe1cff6fc: ;   {runtime_call JavaThread::check_special_condition_for_native_trans(JavaThread*)}
  0x00007e8fe1cff6fc: 83e4 f0e8 | 4c4f fc10 | 498b e44d | 33e4 488b | 45f8 41c7 | 8738 0300 | 0008 0000 | 0041 81bf 
  0x00007e8fe1cff71c: a803 0000 | 0200 0000 | 0f84 0801 

  0x00007e8fe1cff728: ;   {external_word}
  0x00007e8fe1cff728: 0000 803d | d49a 4411 | 000f 8438 | 0000 0048 

  0x00007e8fe1cff738: ;   {metadata({method} {0x00007e8f7b1d6838} 'invoke0' '(Ljava/lang/reflect/Method;Ljava/lang/Object;[Ljava/lang/Object;)Ljava/lang/Object;' in 'jdk/internal/reflect/NativeMethodAccessorImpl')}
  0x00007e8fe1cff738: 8945 f848 | be38 681d | 7b8f 7e00 | 0049 8bff | f7c4 0f00 | 0000 0f84 | 1200 0000 | 4883 ec08 
  0x00007e8fe1cff758: ;   {runtime_call SharedRuntime::dtrace_method_exit(JavaThread*, Method*)}
  0x00007e8fe1cff758: e853 f9df | 1048 83c4 | 08e9 0500 

  0x00007e8fe1cff764: ;   {runtime_call SharedRuntime::dtrace_method_exit(JavaThread*, Method*)}
  0x00007e8fe1cff764: 0000 e845 | f9df 1048 | 8b45 f849 | c787 9002 | 0000 0000 | 0000 49c7 | 8798 0200 | 0000 0000 
  0x00007e8fe1cff784: 00c5 f877 | 4885 c00f | 847b 0000 | 0048 f7c0 | 0100 0000 | 0f84 6b00 | 0000 488b | 40ff 4180 
  0x00007e8fe1cff7a4: 7f38 000f | 8457 0000 | 0048 83f8 | 000f 844d | 0000 0049 | 8b4f 2048 | 83f9 000f | 8414 0000 
  0x00007e8fe1cff7c4: 0048 83e9 | 0849 894f | 2049 034f | 3048 8901 | e92b 0000 | 0050 498b | f748 8bf8 | f7c4 0f00 
  0x00007e8fe1cff7e4: 0000 0f84 | 1200 0000 | 4883 ec08 

  0x00007e8fe1cff7f0: ;   {runtime_call G1BarrierSetRuntime::write_ref_field_pre_entry(oopDesc*, JavaThread*)}
  0x00007e8fe1cff7f0: e89b 167e | 1048 83c4 | 08e9 0500 

  0x00007e8fe1cff7fc: ;   {runtime_call G1BarrierSetRuntime::write_ref_field_pre_entry(oopDesc*, JavaThread*)}
  0x00007e8fe1cff7fc: 0000 e88d | 167e 1058 | e903 0000 | 0048 8b00 | 498b 8fd8 | 0000 00c7 | 8100 0100 | 0000 0000 
  0x00007e8fe1cff81c: 00c9 4981 | 7f08 0000 | 0000 0f85 | 0100 0000 

  0x00007e8fe1cff82c: ;   {runtime_call StubRoutines (1)}
  0x00007e8fe1cff82c: c3e9 ce13 | 70ff c5f8 | 7748 8945 | f84c 8be4 | 4883 ec00 | 4883 e4f0 

  0x00007e8fe1cff844: ;   {runtime_call SharedRuntime::reguard_yellow_pages()}
  0x00007e8fe1cff844: e837 07e0 | 1049 8be4 | 4d33 e448 | 8b45 f8e9 | d2fe ffff 
[/MachCode]


Compiled method (c1) 17223 3895       1       jdk.internal.reflect.DelegatingMethodAccessorImpl::invoke (10 bytes)
 total in heap  [0x00007e8fe1d4a910,0x00007e8fe1d4ac18] = 776
 relocation     [0x00007e8fe1d4aa70,0x00007e8fe1d4aaa8] = 56
 main code      [0x00007e8fe1d4aac0,0x00007e8fe1d4ab80] = 192
 stub code      [0x00007e8fe1d4ab80,0x00007e8fe1d4abc0] = 64
 metadata       [0x00007e8fe1d4abc0,0x00007e8fe1d4abc8] = 8
 scopes data    [0x00007e8fe1d4abc8,0x00007e8fe1d4abe0] = 24
 scopes pcs     [0x00007e8fe1d4abe0,0x00007e8fe1d4ac10] = 48
 dependencies   [0x00007e8fe1d4ac10,0x00007e8fe1d4ac18] = 8

[Constant Pool (empty)]

[MachCode]
[Entry Point]
  # {method} {0x00007e8f7b1d61e8} 'invoke' '(Ljava/lang/Object;[Ljava/lang/Object;)Ljava/lang/Object;' in 'jdk/internal/reflect/DelegatingMethodAccessorImpl'
  # this:     rsi:rsi   = 'jdk/internal/reflect/DelegatingMethodAccessorImpl'
  # parm0:    rdx:rdx   = 'java/lang/Object'
  # parm1:    rcx:rcx   = '[Ljava/lang/Object;'
  #           [sp+0x50]  (sp of caller)
  0x00007e8fe1d4aac0: 448b 5608 | 49bb 0000 | 007b 8f7e | 0000 4d03 | d34c 3bd0 

  0x00007e8fe1d4aad4: ;   {runtime_call ic_miss_stub}
  0x00007e8fe1d4aad4: 0f85 a662 | 70ff 660f | 1f44 0000 
[Verified Entry Point]
  0x00007e8fe1d4aae0: 8984 2400 | c0fe ff55 | 4883 ec40 | 8b7e 0c48 | c1e7 0348 | 8bda 488b | d348 8bc1 | 488b c848 
  0x00007e8fe1d4ab00: 8974 2420 | 488b f748 | 895c 2430 | 4889 4424 | 280f 1f40 | 0048 b8ff | ffff ffff 

  0x00007e8fe1d4ab1c: ;   {virtual_call}
  0x00007e8fe1d4ab1c: ffff ffe8 

  0x00007e8fe1d4ab20: ; ImmutableOopMap {[32]=Oop [40]=Oop [48]=Oop }
                      ;*invokevirtual invoke {reexecute=0 rethrow=0 return_oop=0}
                      ; - jdk.internal.reflect.DelegatingMethodAccessorImpl::invoke@6 (line 43)
  0x00007e8fe1d4ab20: c423 7cff | 4883 c440 

  0x00007e8fe1d4ab28: ;   {poll_return}
  0x00007e8fe1d4ab28: 5d49 3ba7 | 4003 0000 | 0f87 0100 

  0x00007e8fe1d4ab34: ;   {internal_word}
  0x00007e8fe1d4ab34: 0000 c349 | ba29 abd4 | e18f 7e00 | 004d 8997 | 5803 0000 

  0x00007e8fe1d4ab48: ;   {runtime_call SafepointBlob}
  0x00007e8fe1d4ab48: e9b3 cb70 | ff90 9049 | 8b87 d003 | 0000 49c7 | 87d0 0300 | 0000 0000 | 0049 c787 | d803 0000 
  0x00007e8fe1d4ab68: 0000 0000 | 4883 c440 

  0x00007e8fe1d4ab70: ;   {runtime_call unwind_exception Runtime1 stub}
  0x00007e8fe1d4ab70: 5de9 0a30 | 7bff f4f4 | f4f4 f4f4 | f4f4 f4f4 
[Stub Code]
  0x00007e8fe1d4ab80: ;   {no_reloc}
  0x00007e8fe1d4ab80: 0f1f 4400 

  0x00007e8fe1d4ab84: ;   {static_stub}
  0x00007e8fe1d4ab84: 0048 bb00 | 0000 0000 

  0x00007e8fe1d4ab8c: ;   {runtime_call}
  0x00007e8fe1d4ab8c: 0000 00e9 | fbff ffff 
[Exception Handler]
  0x00007e8fe1d4ab94: ;   {runtime_call handle_exception_from_callee Runtime1 stub}
  0x00007e8fe1d4ab94: e8e7 5c7b 

  0x00007e8fe1d4ab98: ;   {external_word}
  0x00007e8fe1d4ab98: ff48 bfdc | bfdc f28f | 7e00 0048 

  0x00007e8fe1d4aba4: ;   {runtime_call MacroAssembler::debug64(char*, long, long*)}
  0x00007e8fe1d4aba4: 83e4 f0e8 | 7423 bd10 

  0x00007e8fe1d4abac: ;   {section_word}
  0x00007e8fe1d4abac: f449 baad | abd4 e18f | 7e00 0041 

  0x00007e8fe1d4abb8: ;   {runtime_call DeoptimizationBlob}
  0x00007e8fe1d4abb8: 52e9 e2bd | 70ff f4f4 
[/MachCode]


Compiled method (c1) 17224 3930       1       java.lang.reflect.Method::invoke (65 bytes)
 total in heap  [0x00007e8fe1d57c90,0x00007e8fe1d58170] = 1248
 relocation     [0x00007e8fe1d57df0,0x00007e8fe1d57e50] = 96
 main code      [0x00007e8fe1d57e60,0x00007e8fe1d58000] = 416
 stub code      [0x00007e8fe1d58000,0x00007e8fe1d58070] = 112
 metadata       [0x00007e8fe1d58070,0x00007e8fe1d58088] = 24
 scopes data    [0x00007e8fe1d58088,0x00007e8fe1d580e8] = 96
 scopes pcs     [0x00007e8fe1d580e8,0x00007e8fe1d58158] = 112
 dependencies   [0x00007e8fe1d58158,0x00007e8fe1d58160] = 8
 nul chk table  [0x00007e8fe1d58160,0x00007e8fe1d58170] = 16

[Constant Pool (empty)]

[MachCode]
[Entry Point]
  # {method} {0x00007e8f7b3d55d0} 'invoke' '(Ljava/lang/Object;[Ljava/lang/Object;)Ljava/lang/Object;' in 'java/lang/reflect/Method'
  # this:     rsi:rsi   = 'java/lang/reflect/Method'
  # parm0:    rdx:rdx   = 'java/lang/Object'
  # parm1:    rcx:rcx   = '[Ljava/lang/Object;'
  #           [sp+0x90]  (sp of caller)
  0x00007e8fe1d57e60: 448b 5608 | 49bb 0000 | 007b 8f7e | 0000 4d03 | d34c 3bd0 

  0x00007e8fe1d57e74: ;   {runtime_call ic_miss_stub}
  0x00007e8fe1d57e74: 0f85 068f | 6fff 660f | 1f44 0000 
[Verified Entry Point]
  0x00007e8fe1d57e80: 8984 2400 | c0fe ff55 | 4881 ec80 | 0000 0048 | 8974 2448 | 4889 5424 | 5048 894c | 2458 0fbe 
  0x00007e8fe1d57ea0: 7e0c 83ff | 000f 8586 | 0000 000f 

  0x00007e8fe1d57eac: ;   {static_call}
  0x00007e8fe1d57eac: 1f40 00e8 

  0x00007e8fe1d57eb0: ; ImmutableOopMap {[88]=Oop [80]=Oop [72]=Oop }
                      ;*invokestatic getCallerClass {reexecute=0 rethrow=0 return_oop=0}
                      ; - java.lang.reflect.Method::invoke@7 (line 560)
  0x00007e8fe1d57eb0: 2c1a 89ff | 488b 7424 | 488b 4e24 | 48c1 e103 | 448b 4e20 | 498b d183 | e208 83fa | 00ba 0000 
  0x00007e8fe1d57ed0: 0000 0f84 | 0500 0000 | ba01 0000 | 0083 e201 | 83fa 000f | 840f 0000 

  0x00007e8fe1d57ee8: ;   {oop(NULL)}
  0x00007e8fe1d57ee8: 0049 b800 | 0000 0000 | 0000 00e9 | 1d00 0000 | 488b 5424 | 5044 8b42 | 0849 ba00 | 0000 7b8f 
  0x00007e8fe1d57f08: 7e00 004d | 03c2 4d8b | 4070 4d8b | 0048 8bd0 | 488b de48 | 8bf3 4889 | 4424 600f 

  0x00007e8fe1d57f24: ;   {optimized virtual_call}
  0x00007e8fe1d57f24: 1f40 00e8 

  0x00007e8fe1d57f28: ; ImmutableOopMap {[88]=Oop [72]=Oop [80]=Oop [96]=Oop }
                      ;*invokevirtual checkAccess {reexecute=0 rethrow=0 return_oop=0}
                      ; - java.lang.reflect.Method::invoke@39 (line 561)
  0x00007e8fe1d57f28: 5492 beff | 488b 7424 | 488b 7e4c | 48c1 e703 | 4883 ff00 | 0f85 1500 | 0000 4889 | 7c24 6848 
  0x00007e8fe1d57f48: 8bde 488b 

  0x00007e8fe1d57f4c: ;   {optimized virtual_call}
  0x00007e8fe1d57f4c: f366 90e8 

  0x00007e8fe1d57f50: ; ImmutableOopMap {[88]=Oop [80]=Oop [72]=Oop [104]=Oop }
                      ;*invokevirtual acquireMethodAccessor {reexecute=0 rethrow=0 return_oop=0}
                      ; - java.lang.reflect.Method::invoke@52 (line 567)
  0x00007e8fe1d57f50: d100 0000 | 488b f848 | 8b4c 2458 | 488b 5424 | 5048 8bda | 488b d348 | 8bc1 488b | c848 8bf7 
  0x00007e8fe1d57f70: 4889 7c24 | 7048 b8b0 | 5f1d 7b8f 

  0x00007e8fe1d57f7c: ;   {virtual_call}
  0x00007e8fe1d57f7c: 7e00 00e8 

  0x00007e8fe1d57f80: ; ImmutableOopMap {[72]=Oop [88]=Oop [80]=Oop [112]=Oop }
                      ;*invokeinterface invoke {reexecute=0 rethrow=0 return_oop=0}
                      ; - java.lang.reflect.Method::invoke@59 (line 569)
  0x00007e8fe1d57f80: 3c2b ffff | 4881 c480 | 0000 005d 

  0x00007e8fe1d57f8c: ;   {poll_return}
  0x00007e8fe1d57f8c: 493b a740 | 0300 000f | 8706 0000 

  0x00007e8fe1d57f98: ;   {runtime_call throw_null_pointer_exception Runtime1 stub}
  0x00007e8fe1d57f98: 00c3 e801 

  0x00007e8fe1d57f9c: ; ImmutableOopMap {[88]=Oop rax=Oop rsi=Oop [72]=Oop rcx=Oop rdx=Oop [80]=Oop }
                      ;*invokevirtual getClass {reexecute=0 rethrow=0 return_oop=0}
                      ; - java.lang.reflect.Method::invoke@32 (line 562)
                      ;   {internal_word}
  0x00007e8fe1d57f9c: 6b7a ff49 | ba8c 7fd5 | e18f 7e00 | 004d 8997 | 5803 0000 

  0x00007e8fe1d57fb0: ;   {runtime_call SafepointBlob}
  0x00007e8fe1d57fb0: e94b f76f | ff90 9049 | 8b87 d003 | 0000 49c7 | 87d0 0300 | 0000 0000 | 0049 c787 | d803 0000 
  0x00007e8fe1d57fd0: 0000 0000 | 4881 c480 | 0000 005d 

  0x00007e8fe1d57fdc: ;   {runtime_call unwind_exception Runtime1 stub}
  0x00007e8fe1d57fdc: e99f 5b7a | fff4 f4f4 | f4f4 f4f4 | f4f4 f4f4 | f4f4 f4f4 | f4f4 f4f4 | f4f4 f4f4 | f4f4 f4f4 
  0x00007e8fe1d57ffc: f4f4 f4f4 
[Stub Code]
  0x00007e8fe1d58000: ;   {no_reloc}
  0x00007e8fe1d58000: 0f1f 4400 

  0x00007e8fe1d58004: ;   {static_stub}
  0x00007e8fe1d58004: 0048 bb00 | 0000 0000 

  0x00007e8fe1d5800c: ;   {runtime_call}
  0x00007e8fe1d5800c: 0000 00e9 | fbff ffff 

  0x00007e8fe1d58014: ;   {static_stub}
  0x00007e8fe1d58014: 9048 bb00 | 0000 0000 

  0x00007e8fe1d5801c: ;   {runtime_call}
  0x00007e8fe1d5801c: 0000 00e9 | fbff ffff 

  0x00007e8fe1d58024: ;   {static_stub}
  0x00007e8fe1d58024: 9048 bb08 | 523d 7b8f 

  0x00007e8fe1d5802c: ;   {runtime_call I2C/C2I adapters}
  0x00007e8fe1d5802c: 7e00 00e9 | 25da 6fff 

  0x00007e8fe1d58034: ;   {static_stub}
  0x00007e8fe1d58034: 9048 bb00 | 0000 0000 

  0x00007e8fe1d5803c: ;   {runtime_call}
  0x00007e8fe1d5803c: 0000 00e9 | fbff ffff 
[Exception Handler]
  0x00007e8fe1d58044: ;   {runtime_call handle_exception_from_callee Runtime1 stub}
  0x00007e8fe1d58044: e837 887a 

  0x00007e8fe1d58048: ;   {external_word}
  0x00007e8fe1d58048: ff48 bfdc | bfdc f28f | 7e00 0048 

  0x00007e8fe1d58054: ;   {runtime_call MacroAssembler::debug64(char*, long, long*)}
  0x00007e8fe1d58054: 83e4 f0e8 | c44e bc10 

  0x00007e8fe1d5805c: ;   {section_word}
  0x00007e8fe1d5805c: f449 ba5d | 80d5 e18f | 7e00 0041 

  0x00007e8fe1d58068: ;   {runtime_call DeoptimizationBlob}
  0x00007e8fe1d58068: 52e9 32e9 | 6fff f4f4 
[/MachCode]


---------------  P R O C E S S  ---------------

Threads class SMR info:
_java_thread_list=0x00007e8f584a75e0, length=42, elements={
0x00007e8fec177d30, 0x00007e8fec179120, 0x00007e8fec17e780, 0x00007e8fec17fb40,
0x00007e8fec180f60, 0x00007e8fec1824e0, 0x00007e8fec183950, 0x00007e8fec18f470,
0x00007e8fec1d4660, 0x00007e8fec1d77f0, 0x00007e8f48001120, 0x00007e8fec4e9f50,
0x00007e8fec598a70, 0x00007e8fec5a29a0, 0x00007e8fec5afb40, 0x00007e8f3c002150,
0x00007e8f0c00d060, 0x00007e8f38002470, 0x00007e8f0400c960, 0x00007e8f0883cc30,
0x00007e8ee4001de0, 0x00007e8f08848780, 0x00007e8f089523a0, 0x00007e8f08955390,
0x00007e8f0895f0c0, 0x00007e8f089600f0, 0x00007e8f08960e50, 0x00007e8f08961f70,
0x00007e8f08963090, 0x00007e8f089640b0, 0x00007e8f089656f0, 0x00007e8f08966960,
0x00007e8f08967d90, 0x00007e8f08969210, 0x00007e8f0896cb40, 0x00007e8f08972bc0,
0x00007e8fec01cd00, 0x00007e8ec0077f70, 0x00007e8ec00e3350, 0x00007e8f584a5910,
0x00007e8f584a60c0, 0x00007e8f584a6c70
}

Java Threads: ( => current thread )
  0x00007e8fec177d30 JavaThread "Reference Handler" daemon [_thread_blocked, id=192138, stack(0x00007e8fd8718000,0x00007e8fd8818000)]
  0x00007e8fec179120 JavaThread "Finalizer" daemon [_thread_blocked, id=192139, stack(0x00007e8fd8618000,0x00007e8fd8718000)]
  0x00007e8fec17e780 JavaThread "Signal Dispatcher" daemon [_thread_blocked, id=192140, stack(0x00007e8fd8518000,0x00007e8fd8618000)]
  0x00007e8fec17fb40 JavaThread "Service Thread" daemon [_thread_blocked, id=192141, stack(0x00007e8fd8418000,0x00007e8fd8518000)]
  0x00007e8fec180f60 JavaThread "Monitor Deflation Thread" daemon [_thread_blocked, id=192142, stack(0x00007e8fd8318000,0x00007e8fd8418000)]
  0x00007e8fec1824e0 JavaThread "C1 CompilerThread0" daemon [_thread_blocked, id=192143, stack(0x00007e8fd8218000,0x00007e8fd8318000)]
  0x00007e8fec183950 JavaThread "Sweeper thread" daemon [_thread_blocked, id=192144, stack(0x00007e8fd8118000,0x00007e8fd8218000)]
  0x00007e8fec18f470 JavaThread "Common-Cleaner" daemon [_thread_blocked, id=192145, stack(0x00007e8fd8018000,0x00007e8fd8118000)]
  0x00007e8fec1d4660 JavaThread "JDWP Transport Listener: dt_socket" daemon [_thread_blocked, id=192148, stack(0x00007e8fc9800000,0x00007e8fc9900000)]
  0x00007e8fec1d77f0 JavaThread "JDWP Event Helper Thread" daemon [_thread_blocked, id=192150, stack(0x00007e8fc9700000,0x00007e8fc9800000)]
  0x00007e8f48001120 JavaThread "JDWP Command Reader" daemon [_thread_in_native, id=192152, stack(0x00007e8fc9600000,0x00007e8fc9700000)]
  0x00007e8fec4e9f50 JavaThread "Notification Thread" daemon [_thread_blocked, id=192154, stack(0x00007e8fc9500000,0x00007e8fc9600000)]
  0x00007e8fec598a70 JavaThread "RMI TCP Accept-0" daemon [_thread_in_native, id=192155, stack(0x00007e8fc9400000,0x00007e8fc9500000)]
  0x00007e8fec5a29a0 JavaThread "RMI TCP Accept-39115" daemon [_thread_in_native, id=192156, stack(0x00007e8fc9300000,0x00007e8fc9400000)]
  0x00007e8fec5afb40 JavaThread "RMI TCP Accept-0" daemon [_thread_in_native, id=192157, stack(0x00007e8fc9200000,0x00007e8fc9300000)]
  0x00007e8f3c002150 JavaThread "RMI TCP Connection(1)-127.0.0.1" daemon [_thread_in_native, id=192168, stack(0x00007e8fc86fa000,0x00007e8fc87fa000)]
  0x00007e8f0c00d060 JavaThread "RMI Scheduler(0)" daemon [_thread_blocked, id=192169, stack(0x00007e8fc85fa000,0x00007e8fc86fa000)]
  0x00007e8f38002470 JavaThread "RMI TCP Connection(2)-127.0.0.1" daemon [_thread_in_native, id=192173, stack(0x00007e8fc84fa000,0x00007e8fc85fa000)]
  0x00007e8f0400c960 JavaThread "JMX server connection timeout 27" daemon [_thread_blocked, id=192175, stack(0x00007e8fc83fa000,0x00007e8fc84fa000)]
  0x00007e8f0883cc30 JavaThread "Catalina-utility-1" [_thread_blocked, id=192185, stack(0x00007e8f76cff000,0x00007e8f76dff000)]
  0x00007e8ee4001de0 JavaThread "Catalina-utility-2" [_thread_blocked, id=192186, stack(0x00007e8f76f00000,0x00007e8f77000000)]
  0x00007e8f08848780 JavaThread "container-0" [_thread_blocked, id=192187, stack(0x00007e8f769fd000,0x00007e8f76afd000)]
  0x00007e8f089523a0 JavaThread "File Watcher" daemon [_thread_blocked, id=192188, stack(0x00007e8f768fd000,0x00007e8f769fd000)]
  0x00007e8f08955390 JavaThread "Live Reload Server" daemon [_thread_in_native, id=192190, stack(0x00007e8f766fd000,0x00007e8f767fd000)]
  0x00007e8f0895f0c0 JavaThread "http-nio-8080-exec-1" daemon [_thread_blocked, id=192191, stack(0x00007e8f767fd000,0x00007e8f768fd000)]
  0x00007e8f089600f0 JavaThread "http-nio-8080-exec-2" daemon [_thread_blocked, id=192192, stack(0x00007e8f765fd000,0x00007e8f766fd000)]
=>0x00007e8f08960e50 JavaThread "http-nio-8080-exec-3" daemon [_thread_in_native, id=192193, stack(0x00007e8f764fd000,0x00007e8f765fd000)]
  0x00007e8f08961f70 JavaThread "http-nio-8080-exec-4" daemon [_thread_blocked, id=192194, stack(0x00007e8f763fd000,0x00007e8f764fd000)]
  0x00007e8f08963090 JavaThread "http-nio-8080-exec-5" daemon [_thread_blocked, id=192195, stack(0x00007e8f762fd000,0x00007e8f763fd000)]
  0x00007e8f089640b0 JavaThread "http-nio-8080-exec-6" daemon [_thread_blocked, id=192196, stack(0x00007e8f761fd000,0x00007e8f762fd000)]
  0x00007e8f089656f0 JavaThread "http-nio-8080-exec-7" daemon [_thread_blocked, id=192197, stack(0x00007e8f760fd000,0x00007e8f761fd000)]
  0x00007e8f08966960 JavaThread "http-nio-8080-exec-8" daemon [_thread_blocked, id=192198, stack(0x00007e8f75ffd000,0x00007e8f760fd000)]
  0x00007e8f08967d90 JavaThread "http-nio-8080-exec-9" daemon [_thread_blocked, id=192199, stack(0x00007e8f75efd000,0x00007e8f75ffd000)]
  0x00007e8f08969210 JavaThread "http-nio-8080-exec-10" daemon [_thread_blocked, id=192200, stack(0x00007e8f75dfd000,0x00007e8f75efd000)]
  0x00007e8f0896cb40 JavaThread "http-nio-8080-Poller" daemon [_thread_in_native, id=192201, stack(0x00007e8f75cfd000,0x00007e8f75dfd000)]
  0x00007e8f08972bc0 JavaThread "http-nio-8080-Acceptor" daemon [_thread_in_native, id=192202, stack(0x00007e8f75bfd000,0x00007e8f75cfd000)]
  0x00007e8fec01cd00 JavaThread "DestroyJavaVM" [_thread_blocked, id=192130, stack(0x00007e8ff1900000,0x00007e8ff1a00000)]
  0x00007e8ec0077f70 JavaThread "Java2D Disposer" daemon [_thread_blocked, id=192219, stack(0x00007e8fc9900000,0x00007e8fc9a00000)]
  0x00007e8ec00e3350 JavaThread "process reaper" daemon [_thread_blocked, id=192302, stack(0x00007e8fc9fde000,0x00007e8fca000000)]
  0x00007e8f584a5910 JavaThread "C1 CompilerThread1" daemon [_thread_blocked, id=192303, stack(0x00007e8fc8afa000,0x00007e8fc8bfa000)]
  0x00007e8f584a60c0 JavaThread "C1 CompilerThread2" daemon [_thread_blocked, id=192304, stack(0x00007e8fc89fa000,0x00007e8fc8afa000)]
  0x00007e8f584a6c70 JavaThread "C1 CompilerThread3" daemon [_thread_blocked, id=192305, stack(0x00007e8fc88fa000,0x00007e8fc89fa000)]

Other Threads:
  0x00007e8fec173c10 VMThread "VM Thread" [stack: 0x00007e8fd8819000,0x00007e8fd8919000] [id=192137]
  0x00007e8fec5b19d0 WatcherThread [stack: 0x00007e8fc9100000,0x00007e8fc9200000] [id=192158]
  0x00007e8fec082b50 GCTaskThread "GC Thread#0" [stack: 0x00007e8febf00000,0x00007e8fec000000] [id=192132]
  0x00007e8fc00066e0 GCTaskThread "GC Thread#1" [stack: 0x00007e8fc8fff000,0x00007e8fc90ff000] [id=192159]
  0x00007e8fc0007010 GCTaskThread "GC Thread#2" [stack: 0x00007e8fc8efe000,0x00007e8fc8ffe000] [id=192160]
  0x00007e8fc0007a30 GCTaskThread "GC Thread#3" [stack: 0x00007e8fc8dfd000,0x00007e8fc8efd000] [id=192161]
  0x00007e8fc0008840 GCTaskThread "GC Thread#4" [stack: 0x00007e8fc8cfc000,0x00007e8fc8dfc000] [id=192162]
  0x00007e8fc000e740 GCTaskThread "GC Thread#5" [stack: 0x00007e8fc8bfb000,0x00007e8fc8cfb000] [id=192163]
  0x00007e8fc000cd40 GCTaskThread "GC Thread#6" [stack: 0x00007e8fc82fa000,0x00007e8fc83fa000] [id=192177]
  0x00007e8fc000d6f0 GCTaskThread "GC Thread#7" [stack: 0x00007e8fc81f9000,0x00007e8fc82f9000] [id=192178]
  0x00007e8fc0011250 GCTaskThread "GC Thread#8" [stack: 0x00007e8fc80f8000,0x00007e8fc81f8000] [id=192179]
  0x00007e8fc0010c10 GCTaskThread "GC Thread#9" [stack: 0x00007e8f76e00000,0x00007e8f76f00000] [id=192181]
  0x00007e8fec092860 ConcurrentGCThread "G1 Main Marker" [stack: 0x00007e8fd9815000,0x00007e8fd9915000] [id=192133]
  0x00007e8fec093770 ConcurrentGCThread "G1 Conc#0" [stack: 0x00007e8fd9714000,0x00007e8fd9814000] [id=192134]
  0x00007e8fcc000ea0 ConcurrentGCThread "G1 Conc#1" [stack: 0x00007e8f76bff000,0x00007e8f76cff000] [id=192183]
  0x00007e8fcc001650 ConcurrentGCThread "G1 Conc#2" [stack: 0x00007e8f76afe000,0x00007e8f76bfe000] [id=192184]
  0x00007e8fec146570 ConcurrentGCThread "G1 Refine#0" [stack: 0x00007e8fd8c09000,0x00007e8fd8d09000] [id=192135]
  0x00007e8fec147480 ConcurrentGCThread "G1 Service" [stack: 0x00007e8fd8b08000,0x00007e8fd8c08000] [id=192136]

Threads with active compile tasks:

VM state: not at safepoint (normal execution)

VM Mutex/Monitor currently owned by a thread: None

Heap address: 0x0000000718a00000, size: 3702 MB, Compressed Oops mode: Zero based, Oop shift amount: 3

CDS archive(s) mapped at: [0x00007e8f7b000000-0x00007e8f7bbca000-0x00007e8f7bbca000), size 12361728, SharedBaseAddress: 0x00007e8f7b000000, ArchiveRelocationMode: 1.
Compressed class space mapped at: 0x00007e8f7c000000-0x00007e8fbc000000, reserved size: 1073741824
Narrow klass base: 0x00007e8f7b000000, Narrow klass shift: 0, Narrow klass range: 0x100000000

GC Precious Log:
 CPUs: 12 total, 12 available
 Memory: 14800M
 Large Page Support: Disabled
 NUMA Support: Disabled
 Compressed Oops: Enabled (Zero based)
 Heap Region Size: 2M
 Heap Min Capacity: 8M
 Heap Initial Capacity: 232M
 Heap Max Capacity: 3702M
 Pre-touch: Disabled
 Parallel Workers: 10
 Concurrent Workers: 3
 Concurrent Refinement Workers: 10
 Periodic GC: Disabled

Heap:
 garbage-first heap   total 372736K, used 216738K [0x0000000718a00000, 0x0000000800000000)
  region size 2048K, 2 young (4096K), 1 survivors (2048K)
 Metaspace       used 38805K, committed 39296K, reserved 1114112K
  class space    used 5212K, committed 5440K, reserved 1048576K

Heap Regions: E=young(eden), S=young(survivor), O=old, HS=humongous(starts), HC=humongous(continues), CS=collection set, F=free, OA=open archive, CA=closed archive, TAMS=top-at-mark-start (previous, next)
|   0|0x0000000718a00000, 0x0000000718c00000, 0x0000000718c00000|100%| O|  |TAMS 0x0000000718c00000, 0x0000000718a00000| Untracked 
|   1|0x0000000718c00000, 0x0000000718e00000, 0x0000000718e00000|100%| O|  |TAMS 0x0000000718e00000, 0x0000000718c00000| Untracked 
|   2|0x0000000718e00000, 0x0000000718e6ac00, 0x0000000719000000| 20%| O|  |TAMS 0x0000000718e6ac00, 0x0000000718e00000| Untracked 
|   3|0x0000000719000000, 0x0000000719200000, 0x0000000719200000|100%| O|  |TAMS 0x0000000719200000, 0x0000000719000000| Untracked 
|   4|0x0000000719200000, 0x0000000719200000, 0x0000000719400000|  0%| F|  |TAMS 0x0000000719200000, 0x0000000719200000| Untracked 
|   5|0x0000000719400000, 0x0000000719400000, 0x0000000719600000|  0%| F|  |TAMS 0x0000000719400000, 0x0000000719400000| Untracked 
|   6|0x0000000719600000, 0x0000000719800000, 0x0000000719800000|100%| O|  |TAMS 0x0000000719800000, 0x0000000719600000| Untracked 
|   7|0x0000000719800000, 0x0000000719a00000, 0x0000000719a00000|100%| O|  |TAMS 0x0000000719a00000, 0x0000000719800000| Untracked 
|   8|0x0000000719a00000, 0x0000000719c00000, 0x0000000719c00000|100%| O|  |TAMS 0x0000000719c00000, 0x0000000719a00000| Untracked 
|   9|0x0000000719c00000, 0x0000000719e00000, 0x0000000719e00000|100%| O|  |TAMS 0x0000000719e00000, 0x0000000719c00000| Untracked 
|  10|0x0000000719e00000, 0x000000071a000000, 0x000000071a000000|100%| O|  |TAMS 0x000000071a000000, 0x0000000719e00000| Untracked 
|  11|0x000000071a000000, 0x000000071a0be600, 0x000000071a200000| 37%| O|  |TAMS 0x000000071a0be600, 0x000000071a000000| Untracked 
|  12|0x000000071a200000, 0x000000071a400000, 0x000000071a400000|100%|HS|  |TAMS 0x000000071a400000, 0x000000071a200000| Complete 
|  13|0x000000071a400000, 0x000000071a600000, 0x000000071a600000|100%|HC|  |TAMS 0x000000071a600000, 0x000000071a400000| Complete 
|  14|0x000000071a600000, 0x000000071a800000, 0x000000071a800000|100%|HC|  |TAMS 0x000000071a800000, 0x000000071a600000| Complete 
|  15|0x000000071a800000, 0x000000071aa00000, 0x000000071aa00000|100%|HC|  |TAMS 0x000000071aa00000, 0x000000071a800000| Complete 
|  16|0x000000071aa00000, 0x000000071ac00000, 0x000000071ac00000|100%|HC|  |TAMS 0x000000071ac00000, 0x000000071aa00000| Complete 
|  17|0x000000071ac00000, 0x000000071ae00000, 0x000000071ae00000|100%|HC|  |TAMS 0x000000071ae00000, 0x000000071ac00000| Complete 
|  18|0x000000071ae00000, 0x000000071b000000, 0x000000071b000000|100%|HC|  |TAMS 0x000000071b000000, 0x000000071ae00000| Complete 
|  19|0x000000071b000000, 0x000000071b200000, 0x000000071b200000|100%|HC|  |TAMS 0x000000071b200000, 0x000000071b000000| Complete 
|  20|0x000000071b200000, 0x000000071b400000, 0x000000071b400000|100%|HC|  |TAMS 0x000000071b400000, 0x000000071b200000| Complete 
|  21|0x000000071b400000, 0x000000071b600000, 0x000000071b600000|100%|HC|  |TAMS 0x000000071b600000, 0x000000071b400000| Complete 
|  22|0x000000071b600000, 0x000000071b800000, 0x000000071b800000|100%|HC|  |TAMS 0x000000071b800000, 0x000000071b600000| Complete 
|  23|0x000000071b800000, 0x000000071ba00000, 0x000000071ba00000|100%|HC|  |TAMS 0x000000071ba00000, 0x000000071b800000| Complete 
|  24|0x000000071ba00000, 0x000000071bc00000, 0x000000071bc00000|100%|HC|  |TAMS 0x000000071bc00000, 0x000000071ba00000| Complete 
|  25|0x000000071bc00000, 0x000000071be00000, 0x000000071be00000|100%|HC|  |TAMS 0x000000071be00000, 0x000000071bc00000| Complete 
|  26|0x000000071be00000, 0x000000071c000000, 0x000000071c000000|100%|HC|  |TAMS 0x000000071c000000, 0x000000071be00000| Complete 
|  27|0x000000071c000000, 0x000000071c200000, 0x000000071c200000|100%|HC|  |TAMS 0x000000071c200000, 0x000000071c000000| Complete 
|  28|0x000000071c200000, 0x000000071c400000, 0x000000071c400000|100%|HC|  |TAMS 0x000000071c400000, 0x000000071c200000| Complete 
|  29|0x000000071c400000, 0x000000071c600000, 0x000000071c600000|100%|HC|  |TAMS 0x000000071c600000, 0x000000071c400000| Complete 
|  30|0x000000071c600000, 0x000000071c800000, 0x000000071c800000|100%|HC|  |TAMS 0x000000071c800000, 0x000000071c600000| Complete 
|  31|0x000000071c800000, 0x000000071ca00000, 0x000000071ca00000|100%|HC|  |TAMS 0x000000071ca00000, 0x000000071c800000| Complete 
|  32|0x000000071ca00000, 0x000000071cc00000, 0x000000071cc00000|100%|HC|  |TAMS 0x000000071cc00000, 0x000000071ca00000| Complete 
|  33|0x000000071cc00000, 0x000000071ce00000, 0x000000071ce00000|100%|HC|  |TAMS 0x000000071ce00000, 0x000000071cc00000| Complete 
|  34|0x000000071ce00000, 0x000000071d000000, 0x000000071d000000|100%|HC|  |TAMS 0x000000071d000000, 0x000000071ce00000| Complete 
|  35|0x000000071d000000, 0x000000071d000000, 0x000000071d200000|  0%| F|  |TAMS 0x000000071d000000, 0x000000071d000000| Untracked 
|  36|0x000000071d200000, 0x000000071d200000, 0x000000071d400000|  0%| F|  |TAMS 0x000000071d200000, 0x000000071d200000| Untracked 
|  37|0x000000071d400000, 0x000000071d400000, 0x000000071d600000|  0%| F|  |TAMS 0x000000071d400000, 0x000000071d400000| Untracked 
|  38|0x000000071d600000, 0x000000071d600000, 0x000000071d800000|  0%| F|  |TAMS 0x000000071d600000, 0x000000071d600000| Untracked 
|  39|0x000000071d800000, 0x000000071d800000, 0x000000071da00000|  0%| F|  |TAMS 0x000000071d800000, 0x000000071d800000| Untracked 
|  40|0x000000071da00000, 0x000000071da00000, 0x000000071dc00000|  0%| F|  |TAMS 0x000000071da00000, 0x000000071da00000| Untracked 
|  41|0x000000071dc00000, 0x000000071dc00000, 0x000000071de00000|  0%| F|  |TAMS 0x000000071dc00000, 0x000000071dc00000| Untracked 
|  42|0x000000071de00000, 0x000000071de00000, 0x000000071e000000|  0%| F|  |TAMS 0x000000071de00000, 0x000000071de00000| Untracked 
|  43|0x000000071e000000, 0x000000071e000000, 0x000000071e200000|  0%| F|  |TAMS 0x000000071e000000, 0x000000071e000000| Untracked 
|  44|0x000000071e200000, 0x000000071e200000, 0x000000071e400000|  0%| F|  |TAMS 0x000000071e200000, 0x000000071e200000| Untracked 
|  45|0x000000071e400000, 0x000000071e400000, 0x000000071e600000|  0%| F|  |TAMS 0x000000071e400000, 0x000000071e400000| Untracked 
|  46|0x000000071e600000, 0x000000071e600000, 0x000000071e800000|  0%| F|  |TAMS 0x000000071e600000, 0x000000071e600000| Untracked 
|  47|0x000000071e800000, 0x000000071e800000, 0x000000071ea00000|  0%| F|  |TAMS 0x000000071e800000, 0x000000071e800000| Untracked 
|  48|0x000000071ea00000, 0x000000071ea00000, 0x000000071ec00000|  0%| F|  |TAMS 0x000000071ea00000, 0x000000071ea00000| Untracked 
|  49|0x000000071ec00000, 0x000000071ec00000, 0x000000071ee00000|  0%| F|  |TAMS 0x000000071ec00000, 0x000000071ec00000| Untracked 
|  50|0x000000071ee00000, 0x000000071ee00000, 0x000000071f000000|  0%| F|  |TAMS 0x000000071ee00000, 0x000000071ee00000| Untracked 
|  51|0x000000071f000000, 0x000000071f000000, 0x000000071f200000|  0%| F|  |TAMS 0x000000071f000000, 0x000000071f000000| Untracked 
|  52|0x000000071f200000, 0x000000071f200000, 0x000000071f400000|  0%| F|  |TAMS 0x000000071f200000, 0x000000071f200000| Untracked 
|  53|0x000000071f400000, 0x000000071f400000, 0x000000071f600000|  0%| F|  |TAMS 0x000000071f400000, 0x000000071f400000| Untracked 
|  54|0x000000071f600000, 0x000000071f600000, 0x000000071f800000|  0%| F|  |TAMS 0x000000071f600000, 0x000000071f600000| Untracked 
|  55|0x000000071f800000, 0x000000071fa00000, 0x000000071fa00000|100%|HS|  |TAMS 0x000000071fa00000, 0x000000071f800000| Complete 
|  56|0x000000071fa00000, 0x000000071fc00000, 0x000000071fc00000|100%|HC|  |TAMS 0x000000071fc00000, 0x000000071fa00000| Complete 
|  57|0x000000071fc00000, 0x000000071fe00000, 0x000000071fe00000|100%|HC|  |TAMS 0x000000071fe00000, 0x000000071fc00000| Complete 
|  58|0x000000071fe00000, 0x0000000720000000, 0x0000000720000000|100%|HC|  |TAMS 0x0000000720000000, 0x000000071fe00000| Complete 
|  59|0x0000000720000000, 0x0000000720200000, 0x0000000720200000|100%|HC|  |TAMS 0x0000000720200000, 0x0000000720000000| Complete 
|  60|0x0000000720200000, 0x0000000720400000, 0x0000000720400000|100%|HC|  |TAMS 0x0000000720400000, 0x0000000720200000| Complete 
|  61|0x0000000720400000, 0x0000000720600000, 0x0000000720600000|100%|HC|  |TAMS 0x0000000720600000, 0x0000000720400000| Complete 
|  62|0x0000000720600000, 0x0000000720800000, 0x0000000720800000|100%|HC|  |TAMS 0x0000000720800000, 0x0000000720600000| Complete 
|  63|0x0000000720800000, 0x0000000720a00000, 0x0000000720a00000|100%|HC|  |TAMS 0x0000000720a00000, 0x0000000720800000| Complete 
|  64|0x0000000720a00000, 0x0000000720c00000, 0x0000000720c00000|100%|HC|  |TAMS 0x0000000720c00000, 0x0000000720a00000| Complete 
|  65|0x0000000720c00000, 0x0000000720e00000, 0x0000000720e00000|100%|HC|  |TAMS 0x0000000720e00000, 0x0000000720c00000| Complete 
|  66|0x0000000720e00000, 0x0000000721000000, 0x0000000721000000|100%|HC|  |TAMS 0x0000000721000000, 0x0000000720e00000| Complete 
|  67|0x0000000721000000, 0x0000000721200000, 0x0000000721200000|100%|HC|  |TAMS 0x0000000721200000, 0x0000000721000000| Complete 
|  68|0x0000000721200000, 0x0000000721400000, 0x0000000721400000|100%|HC|  |TAMS 0x0000000721400000, 0x0000000721200000| Complete 
|  69|0x0000000721400000, 0x0000000721600000, 0x0000000721600000|100%|HC|  |TAMS 0x0000000721600000, 0x0000000721400000| Complete 
|  70|0x0000000721600000, 0x0000000721800000, 0x0000000721800000|100%|HC|  |TAMS 0x0000000721800000, 0x0000000721600000| Complete 
|  71|0x0000000721800000, 0x0000000721a00000, 0x0000000721a00000|100%|HC|  |TAMS 0x0000000721a00000, 0x0000000721800000| Complete 
|  72|0x0000000721a00000, 0x0000000721c00000, 0x0000000721c00000|100%|HC|  |TAMS 0x0000000721c00000, 0x0000000721a00000| Complete 
|  73|0x0000000721c00000, 0x0000000721e00000, 0x0000000721e00000|100%|HC|  |TAMS 0x0000000721e00000, 0x0000000721c00000| Complete 
|  74|0x0000000721e00000, 0x0000000722000000, 0x0000000722000000|100%|HC|  |TAMS 0x0000000722000000, 0x0000000721e00000| Complete 
|  75|0x0000000722000000, 0x0000000722200000, 0x0000000722200000|100%|HC|  |TAMS 0x0000000722200000, 0x0000000722000000| Complete 
|  76|0x0000000722200000, 0x0000000722400000, 0x0000000722400000|100%|HC|  |TAMS 0x0000000722400000, 0x0000000722200000| Complete 
|  77|0x0000000722400000, 0x0000000722600000, 0x0000000722600000|100%|HC|  |TAMS 0x0000000722600000, 0x0000000722400000| Complete 
|  78|0x0000000722600000, 0x0000000722800000, 0x0000000722800000|100%|HS|  |TAMS 0x0000000722800000, 0x0000000722600000| Complete 
|  79|0x0000000722800000, 0x0000000722a00000, 0x0000000722a00000|100%|HC|  |TAMS 0x0000000722a00000, 0x0000000722800000| Complete 
|  80|0x0000000722a00000, 0x0000000722c00000, 0x0000000722c00000|100%|HC|  |TAMS 0x0000000722c00000, 0x0000000722a00000| Complete 
|  81|0x0000000722c00000, 0x0000000722e00000, 0x0000000722e00000|100%|HC|  |TAMS 0x0000000722e00000, 0x0000000722c00000| Complete 
|  82|0x0000000722e00000, 0x0000000723000000, 0x0000000723000000|100%|HC|  |TAMS 0x0000000723000000, 0x0000000722e00000| Complete 
|  83|0x0000000723000000, 0x0000000723200000, 0x0000000723200000|100%|HC|  |TAMS 0x0000000723200000, 0x0000000723000000| Complete 
|  84|0x0000000723200000, 0x0000000723400000, 0x0000000723400000|100%|HC|  |TAMS 0x0000000723400000, 0x0000000723200000| Complete 
|  85|0x0000000723400000, 0x0000000723600000, 0x0000000723600000|100%|HC|  |TAMS 0x0000000723600000, 0x0000000723400000| Complete 
|  86|0x0000000723600000, 0x0000000723800000, 0x0000000723800000|100%|HC|  |TAMS 0x0000000723800000, 0x0000000723600000| Complete 
|  87|0x0000000723800000, 0x0000000723a00000, 0x0000000723a00000|100%|HC|  |TAMS 0x0000000723a00000, 0x0000000723800000| Complete 
|  88|0x0000000723a00000, 0x0000000723c00000, 0x0000000723c00000|100%|HC|  |TAMS 0x0000000723c00000, 0x0000000723a00000| Complete 
|  89|0x0000000723c00000, 0x0000000723e00000, 0x0000000723e00000|100%|HC|  |TAMS 0x0000000723e00000, 0x0000000723c00000| Complete 
|  90|0x0000000723e00000, 0x0000000724000000, 0x0000000724000000|100%|HC|  |TAMS 0x0000000724000000, 0x0000000723e00000| Complete 
|  91|0x0000000724000000, 0x0000000724200000, 0x0000000724200000|100%|HC|  |TAMS 0x0000000724200000, 0x0000000724000000| Complete 
|  92|0x0000000724200000, 0x0000000724400000, 0x0000000724400000|100%|HC|  |TAMS 0x0000000724400000, 0x0000000724200000| Complete 
|  93|0x0000000724400000, 0x0000000724600000, 0x0000000724600000|100%|HC|  |TAMS 0x0000000724600000, 0x0000000724400000| Complete 
|  94|0x0000000724600000, 0x0000000724800000, 0x0000000724800000|100%|HC|  |TAMS 0x0000000724800000, 0x0000000724600000| Complete 
|  95|0x0000000724800000, 0x0000000724a00000, 0x0000000724a00000|100%|HS|  |TAMS 0x0000000724800000, 0x0000000724800000| Complete 
|  96|0x0000000724a00000, 0x0000000724c00000, 0x0000000724c00000|100%|HC|  |TAMS 0x0000000724a00000, 0x0000000724a00000| Complete 
|  97|0x0000000724c00000, 0x0000000724e00000, 0x0000000724e00000|100%|HC|  |TAMS 0x0000000724c00000, 0x0000000724c00000| Complete 
|  98|0x0000000724e00000, 0x0000000725000000, 0x0000000725000000|100%|HC|  |TAMS 0x0000000724e00000, 0x0000000724e00000| Complete 
|  99|0x0000000725000000, 0x0000000725200000, 0x0000000725200000|100%|HC|  |TAMS 0x0000000725000000, 0x0000000725000000| Complete 
| 100|0x0000000725200000, 0x0000000725400000, 0x0000000725400000|100%|HC|  |TAMS 0x0000000725200000, 0x0000000725200000| Complete 
| 101|0x0000000725400000, 0x0000000725600000, 0x0000000725600000|100%|HC|  |TAMS 0x0000000725400000, 0x0000000725400000| Complete 
| 102|0x0000000725600000, 0x0000000725800000, 0x0000000725800000|100%|HC|  |TAMS 0x0000000725600000, 0x0000000725600000| Complete 
| 103|0x0000000725800000, 0x0000000725a00000, 0x0000000725a00000|100%|HC|  |TAMS 0x0000000725800000, 0x0000000725800000| Complete 
| 104|0x0000000725a00000, 0x0000000725c00000, 0x0000000725c00000|100%|HC|  |TAMS 0x0000000725a00000, 0x0000000725a00000| Complete 
| 105|0x0000000725c00000, 0x0000000725e00000, 0x0000000725e00000|100%|HC|  |TAMS 0x0000000725c00000, 0x0000000725c00000| Complete 
| 106|0x0000000725e00000, 0x0000000726000000, 0x0000000726000000|100%|HC|  |TAMS 0x0000000725e00000, 0x0000000725e00000| Complete 
| 107|0x0000000726000000, 0x0000000726200000, 0x0000000726200000|100%|HC|  |TAMS 0x0000000726000000, 0x0000000726000000| Complete 
| 108|0x0000000726200000, 0x0000000726400000, 0x0000000726400000|100%|HC|  |TAMS 0x0000000726200000, 0x0000000726200000| Complete 
| 109|0x0000000726400000, 0x0000000726600000, 0x0000000726600000|100%|HC|  |TAMS 0x0000000726400000, 0x0000000726400000| Complete 
| 110|0x0000000726600000, 0x0000000726800000, 0x0000000726800000|100%|HC|  |TAMS 0x0000000726600000, 0x0000000726600000| Complete 
| 111|0x0000000726800000, 0x0000000726a00000, 0x0000000726a00000|100%|HC|  |TAMS 0x0000000726800000, 0x0000000726800000| Complete 
| 112|0x0000000726a00000, 0x0000000726c00000, 0x0000000726c00000|100%|HC|  |TAMS 0x0000000726a00000, 0x0000000726a00000| Complete 
| 113|0x0000000726c00000, 0x0000000726e00000, 0x0000000726e00000|100%|HC|  |TAMS 0x0000000726c00000, 0x0000000726c00000| Complete 
| 114|0x0000000726e00000, 0x0000000727000000, 0x0000000727000000|100%|HC|  |TAMS 0x0000000726e00000, 0x0000000726e00000| Complete 
| 115|0x0000000727000000, 0x0000000727200000, 0x0000000727200000|100%|HC|  |TAMS 0x0000000727000000, 0x0000000727000000| Complete 
| 116|0x0000000727200000, 0x0000000727400000, 0x0000000727400000|100%|HC|  |TAMS 0x0000000727200000, 0x0000000727200000| Complete 
| 117|0x0000000727400000, 0x0000000727600000, 0x0000000727600000|100%|HC|  |TAMS 0x0000000727400000, 0x0000000727400000| Complete 
| 118|0x0000000727600000, 0x0000000727800000, 0x0000000727800000|100%|HC|  |TAMS 0x0000000727600000, 0x0000000727600000| Complete 
| 119|0x0000000727800000, 0x0000000727a00000, 0x0000000727a00000|100%|HC|  |TAMS 0x0000000727800000, 0x0000000727800000| Complete 
| 120|0x0000000727a00000, 0x0000000727c00000, 0x0000000727c00000|100%|HC|  |TAMS 0x0000000727a00000, 0x0000000727a00000| Complete 
| 121|0x0000000727c00000, 0x0000000727e00000, 0x0000000727e00000|100%|HC|  |TAMS 0x0000000727c00000, 0x0000000727c00000| Complete 
| 122|0x0000000727e00000, 0x0000000728000000, 0x0000000728000000|100%|HC|  |TAMS 0x0000000727e00000, 0x0000000727e00000| Complete 
| 123|0x0000000728000000, 0x0000000728200000, 0x0000000728200000|100%|HC|  |TAMS 0x0000000728000000, 0x0000000728000000| Complete 
| 124|0x0000000728200000, 0x0000000728400000, 0x0000000728400000|100%|HC|  |TAMS 0x0000000728200000, 0x0000000728200000| Complete 
| 125|0x0000000728400000, 0x0000000728600000, 0x0000000728600000|100%|HC|  |TAMS 0x0000000728400000, 0x0000000728400000| Complete 
| 126|0x0000000728600000, 0x0000000728800000, 0x0000000728800000|100%|HC|  |TAMS 0x0000000728600000, 0x0000000728600000| Complete 
| 127|0x0000000728800000, 0x0000000728a00000, 0x0000000728a00000|100%|HC|  |TAMS 0x0000000728800000, 0x0000000728800000| Complete 
| 128|0x0000000728a00000, 0x0000000728a00000, 0x0000000728c00000|  0%| F|  |TAMS 0x0000000728a00000, 0x0000000728a00000| Untracked 
| 129|0x0000000728c00000, 0x0000000728c00000, 0x0000000728e00000|  0%| F|  |TAMS 0x0000000728c00000, 0x0000000728c00000| Untracked 
| 130|0x0000000728e00000, 0x0000000728e00000, 0x0000000729000000|  0%| F|  |TAMS 0x0000000728e00000, 0x0000000728e00000| Untracked 
| 131|0x0000000729000000, 0x0000000729000000, 0x0000000729200000|  0%| F|  |TAMS 0x0000000729000000, 0x0000000729000000| Untracked 
| 132|0x0000000729200000, 0x0000000729200000, 0x0000000729400000|  0%| F|  |TAMS 0x0000000729200000, 0x0000000729200000| Untracked 
| 133|0x0000000729400000, 0x0000000729400000, 0x0000000729600000|  0%| F|  |TAMS 0x0000000729400000, 0x0000000729400000| Untracked 
| 134|0x0000000729600000, 0x0000000729600000, 0x0000000729800000|  0%| F|  |TAMS 0x0000000729600000, 0x0000000729600000| Untracked 
| 135|0x0000000729800000, 0x0000000729800000, 0x0000000729a00000|  0%| F|  |TAMS 0x0000000729800000, 0x0000000729800000| Untracked 
| 136|0x0000000729a00000, 0x0000000729a00000, 0x0000000729c00000|  0%| F|  |TAMS 0x0000000729a00000, 0x0000000729a00000| Untracked 
| 137|0x0000000729c00000, 0x0000000729c00000, 0x0000000729e00000|  0%| F|  |TAMS 0x0000000729c00000, 0x0000000729c00000| Untracked 
| 138|0x0000000729e00000, 0x0000000729e00000, 0x000000072a000000|  0%| F|  |TAMS 0x0000000729e00000, 0x0000000729e00000| Untracked 
| 139|0x000000072a000000, 0x000000072a092790, 0x000000072a200000| 28%| S|CS|TAMS 0x000000072a000000, 0x000000072a000000| Complete 
| 140|0x000000072a200000, 0x000000072a200000, 0x000000072a400000|  0%| F|  |TAMS 0x000000072a200000, 0x000000072a200000| Untracked 
| 141|0x000000072a400000, 0x000000072a400000, 0x000000072a600000|  0%| F|  |TAMS 0x000000072a400000, 0x000000072a400000| Untracked 
| 142|0x000000072a600000, 0x000000072a600000, 0x000000072a800000|  0%| F|  |TAMS 0x000000072a600000, 0x000000072a600000| Untracked 
| 143|0x000000072a800000, 0x000000072a800000, 0x000000072aa00000|  0%| F|  |TAMS 0x000000072a800000, 0x000000072a800000| Untracked 
| 144|0x000000072aa00000, 0x000000072aa00000, 0x000000072ac00000|  0%| F|  |TAMS 0x000000072aa00000, 0x000000072aa00000| Untracked 
| 145|0x000000072ac00000, 0x000000072ac00000, 0x000000072ae00000|  0%| F|  |TAMS 0x000000072ac00000, 0x000000072ac00000| Untracked 
| 146|0x000000072ae00000, 0x000000072ae00000, 0x000000072b000000|  0%| F|  |TAMS 0x000000072ae00000, 0x000000072ae00000| Untracked 
| 147|0x000000072b000000, 0x000000072b000000, 0x000000072b200000|  0%| F|  |TAMS 0x000000072b000000, 0x000000072b000000| Untracked 
| 148|0x000000072b200000, 0x000000072b200000, 0x000000072b400000|  0%| F|  |TAMS 0x000000072b200000, 0x000000072b200000| Untracked 
| 149|0x000000072b400000, 0x000000072b400000, 0x000000072b600000|  0%| F|  |TAMS 0x000000072b400000, 0x000000072b400000| Untracked 
| 150|0x000000072b600000, 0x000000072b600000, 0x000000072b800000|  0%| F|  |TAMS 0x000000072b600000, 0x000000072b600000| Untracked 
| 151|0x000000072b800000, 0x000000072b800000, 0x000000072ba00000|  0%| F|  |TAMS 0x000000072b800000, 0x000000072b800000| Untracked 
| 152|0x000000072ba00000, 0x000000072ba00000, 0x000000072bc00000|  0%| F|  |TAMS 0x000000072ba00000, 0x000000072ba00000| Untracked 
| 153|0x000000072bc00000, 0x000000072bc00000, 0x000000072be00000|  0%| F|  |TAMS 0x000000072bc00000, 0x000000072bc00000| Untracked 
| 154|0x000000072be00000, 0x000000072be00000, 0x000000072c000000|  0%| F|  |TAMS 0x000000072be00000, 0x000000072be00000| Untracked 
| 155|0x000000072c000000, 0x000000072c000000, 0x000000072c200000|  0%| F|  |TAMS 0x000000072c000000, 0x000000072c000000| Untracked 
| 156|0x000000072c200000, 0x000000072c200000, 0x000000072c400000|  0%| F|  |TAMS 0x000000072c200000, 0x000000072c200000| Untracked 
| 157|0x000000072c400000, 0x000000072c400000, 0x000000072c600000|  0%| F|  |TAMS 0x000000072c400000, 0x000000072c400000| Untracked 
| 158|0x000000072c600000, 0x000000072c600000, 0x000000072c800000|  0%| F|  |TAMS 0x000000072c600000, 0x000000072c600000| Untracked 
| 159|0x000000072c800000, 0x000000072c800000, 0x000000072ca00000|  0%| F|  |TAMS 0x000000072c800000, 0x000000072c800000| Untracked 
| 160|0x000000072ca00000, 0x000000072ca00000, 0x000000072cc00000|  0%| F|  |TAMS 0x000000072ca00000, 0x000000072ca00000| Untracked 
| 161|0x000000072cc00000, 0x000000072cc00000, 0x000000072ce00000|  0%| F|  |TAMS 0x000000072cc00000, 0x000000072cc00000| Untracked 
| 162|0x000000072ce00000, 0x000000072ce00000, 0x000000072d000000|  0%| F|  |TAMS 0x000000072ce00000, 0x000000072ce00000| Untracked 
| 163|0x000000072d000000, 0x000000072d000000, 0x000000072d200000|  0%| F|  |TAMS 0x000000072d000000, 0x000000072d000000| Untracked 
| 164|0x000000072d200000, 0x000000072d200000, 0x000000072d400000|  0%| F|  |TAMS 0x000000072d200000, 0x000000072d200000| Untracked 
| 165|0x000000072d400000, 0x000000072d400000, 0x000000072d600000|  0%| F|  |TAMS 0x000000072d400000, 0x000000072d400000| Untracked 
| 166|0x000000072d600000, 0x000000072d600000, 0x000000072d800000|  0%| F|  |TAMS 0x000000072d600000, 0x000000072d600000| Untracked 
| 167|0x000000072d800000, 0x000000072d800000, 0x000000072da00000|  0%| F|  |TAMS 0x000000072d800000, 0x000000072d800000| Untracked 
| 168|0x000000072da00000, 0x000000072da00000, 0x000000072dc00000|  0%| F|  |TAMS 0x000000072da00000, 0x000000072da00000| Untracked 
| 169|0x000000072dc00000, 0x000000072dc00000, 0x000000072de00000|  0%| F|  |TAMS 0x000000072dc00000, 0x000000072dc00000| Untracked 
| 170|0x000000072de00000, 0x000000072de00000, 0x000000072e000000|  0%| F|  |TAMS 0x000000072de00000, 0x000000072de00000| Untracked 
| 171|0x000000072e000000, 0x000000072e000000, 0x000000072e200000|  0%| F|  |TAMS 0x000000072e000000, 0x000000072e000000| Untracked 
| 172|0x000000072e200000, 0x000000072e200000, 0x000000072e400000|  0%| F|  |TAMS 0x000000072e200000, 0x000000072e200000| Untracked 
| 173|0x000000072e400000, 0x000000072e400000, 0x000000072e600000|  0%| F|  |TAMS 0x000000072e400000, 0x000000072e400000| Untracked 
| 174|0x000000072e600000, 0x000000072e600000, 0x000000072e800000|  0%| F|  |TAMS 0x000000072e600000, 0x000000072e600000| Untracked 
| 175|0x000000072e800000, 0x000000072e800000, 0x000000072ea00000|  0%| F|  |TAMS 0x000000072e800000, 0x000000072e800000| Untracked 
| 176|0x000000072ea00000, 0x000000072ea00000, 0x000000072ec00000|  0%| F|  |TAMS 0x000000072ea00000, 0x000000072ea00000| Untracked 
| 177|0x000000072ec00000, 0x000000072ec00000, 0x000000072ee00000|  0%| F|  |TAMS 0x000000072ec00000, 0x000000072ec00000| Untracked 
| 178|0x000000072ee00000, 0x000000072ee00000, 0x000000072f000000|  0%| F|  |TAMS 0x000000072ee00000, 0x000000072ee00000| Untracked 
| 179|0x000000072f000000, 0x000000072f16d068, 0x000000072f200000| 71%| E|  |TAMS 0x000000072f000000, 0x000000072f000000| Complete 
|1849|0x00000007ffc00000, 0x00000007ffd75000, 0x00000007ffe00000| 72%|OA|  |TAMS 0x00000007ffd75000, 0x00000007ffc00000| Untracked 
|1850|0x00000007ffe00000, 0x00000007ffe78000, 0x0000000800000000| 23%|CA|  |TAMS 0x00000007ffe78000, 0x00000007ffe00000| Untracked 

Card table byte_map: [0x00007e8ff0080000,0x00007e8ff07bb000] _byte_map_base: 0x00007e8fec7bb000

Marking Bits (Prev, Next): (CMBitMap*) 0x00007e8fec0835c0, (CMBitMap*) 0x00007e8fec083580
 Prev Bits: [0x00007e8fd9915000, 0x00007e8fdd2ed000)
 Next Bits: [0x00007e8fdd2ed000, 0x00007e8fe0cc5000)

Polling page: 0x00007e8ff34bb000

Metaspace:

Usage:
  Non-class:     32.81 MB used.
      Class:      5.09 MB used.
       Both:     37.90 MB used.

Virtual space:
  Non-class space:       64.00 MB reserved,      33.06 MB ( 52%) committed,  1 nodes.
      Class space:        1.00 GB reserved,       5.31 MB ( <1%) committed,  1 nodes.
             Both:        1.06 GB reserved,      38.38 MB (  4%) committed. 

Chunk freelists:
   Non-Class:  14.33 MB
       Class:  10.53 MB
        Both:  24.86 MB

MaxMetaspaceSize: unlimited
CompressedClassSpaceSize: 1.00 GB
Initial GC threshold: 21.00 MB
Current GC threshold: 64.00 MB
CDS: on
MetaspaceReclaimPolicy: balanced
 - commit_granule_bytes: 65536.
 - commit_granule_words: 8192.
 - virtual_space_node_default_size: 8388608.
 - enlarge_chunks_in_place: 1.
 - new_chunks_are_fully_committed: 0.
 - uncommit_free_chunks: 1.
 - use_allocation_guard: 0.
 - handle_deallocations: 1.


Internal statistics:

num_allocs_failed_limit: 6.
num_arena_births: 658.
num_arena_deaths: 0.
num_vsnodes_births: 2.
num_vsnodes_deaths: 0.
num_space_committed: 614.
num_space_uncommitted: 0.
num_chunks_returned_to_freelist: 6.
num_chunks_taken_from_freelist: 1920.
num_chunk_merges: 6.
num_chunk_splits: 1337.
num_chunks_enlarged: 982.
num_inconsistent_stats: 0.

CodeCache: size=49152Kb used=10715Kb max_used=10715Kb free=38437Kb
 bounds [0x00007e8fe1400000, 0x00007e8fe1e90000, 0x00007e8fe4400000]
 total_blobs=5115 nmethods=4437 adapters=603
 compilation: enabled
              stopped_count=0, restarted_count=0
 full_count=0

Compilation events (20 events):
Event: 16.692 Thread 0x00007e8f584a5910 nmethod 4427 0x00007e8fe1552610 code [0x00007e8fe15527e0, 0x00007e8fe15529d0]
Event: 16.693 Thread 0x00007e8fec1824e0 nmethod 4425 0x00007e8fe1551e90 code [0x00007e8fe1552080, 0x00007e8fe1552340]
Event: 16.693 Thread 0x00007e8fec1824e0 4430       1       java.awt.image.BufferedImage::getSubimage (38 bytes)
Event: 16.693 Thread 0x00007e8f584a5910 4431       1       java.awt.image.ComponentSampleModel::getOffset (23 bytes)
Event: 16.693 Thread 0x00007e8f584a5910 nmethod 4431 0x00007e8fe1551b10 code [0x00007e8fe1551ca0, 0x00007e8fe1551db0]
Event: 16.693 Thread 0x00007e8f584a5910 4432       1       com.github.jaiimageio.plugins.tiff.TIFFDecompressor::getDataTypeSize (93 bytes)
Event: 16.693 Thread 0x00007e8fec1824e0 nmethod 4430 0x00007e8fe1551610 code [0x00007e8fe15517c0, 0x00007e8fe15519d0]
Event: 16.693 Thread 0x00007e8fec1824e0 4433       1       com.github.jaiimageio.impl.plugins.tiff.TIFFNullDecompressor::decodeRaw (246 bytes)
Event: 16.693 Thread 0x00007e8f584a60c0 nmethod 4426 0x00007e8fe1550990 code [0x00007e8fe1550bc0, 0x00007e8fe1551080]
Event: 16.693 Thread 0x00007e8f584a5910 nmethod 4432 0x00007e8fe1550310 code [0x00007e8fe1550520, 0x00007e8fe1550820]
Event: 16.693 Thread 0x00007e8f584a5910 4434       1       com.github.jaiimageio.impl.plugins.tiff.TIFFImageReader::reportProgress (67 bytes)
Event: 16.693 Thread 0x00007e8f584a5910 nmethod 4434 0x00007e8fe154ff10 code [0x00007e8fe15500e0, 0x00007e8fe1550250]
Event: 16.693 Thread 0x00007e8fec1824e0 nmethod 4433 0x00007e8fe154f590 code [0x00007e8fe154f780, 0x00007e8fe154fbf0]
Event: 16.695 Thread 0x00007e8f584a6c70 nmethod 4429 0x00007e8fe1547f90 code [0x00007e8fe1548700, 0x00007e8fe154c760]
Event: 16.698 Thread 0x00007e8f584a6c70 4435       1       java.lang.Math::min (12 bytes)
Event: 16.698 Thread 0x00007e8f584a6c70 nmethod 4435 0x00007e8fe1547c90 code [0x00007e8fe1547e20, 0x00007e8fe1547ed0]
Event: 16.779 Thread 0x00007e8fec1824e0 4436 %     1       javax.imageio.stream.FileCacheImageOutputStream::flushBefore @ 44 (105 bytes)
Event: 16.780 Thread 0x00007e8fec1824e0 nmethod 4436% 0x00007e8fe1547210 code [0x00007e8fe1547420, 0x00007e8fe1547970]
Event: 16.780 Thread 0x00007e8f584a5910 4437       1       javax.imageio.stream.FileCacheImageOutputStream::flushBefore (105 bytes)
Event: 16.781 Thread 0x00007e8f584a5910 nmethod 4437 0x00007e8fe1546990 code [0x00007e8fe1546b80, 0x00007e8fe1546f70]

GC Heap History (20 events):
Event: 15.180 GC heap before
{Heap before GC invocations=9 (full 0):
 garbage-first heap   total 102400K, used 62526K [0x0000000718a00000, 0x0000000800000000)
  region size 2048K, 27 young (55296K), 3 survivors (6144K)
 Metaspace       used 35531K, committed 35968K, reserved 1114112K
  class space    used 4774K, committed 4992K, reserved 1048576K
}
Event: 15.182 GC heap after
{Heap after GC invocations=10 (full 0):
 garbage-first heap   total 102400K, used 20099K [0x0000000718a00000, 0x0000000800000000)
  region size 2048K, 3 young (6144K), 3 survivors (6144K)
 Metaspace       used 35531K, committed 35968K, reserved 1114112K
  class space    used 4774K, committed 4992K, reserved 1048576K
}
Event: 15.249 GC heap before
{Heap before GC invocations=11 (full 0):
 garbage-first heap   total 90112K, used 44675K [0x0000000718a00000, 0x0000000800000000)
  region size 2048K, 14 young (28672K), 3 survivors (6144K)
 Metaspace       used 35982K, committed 36480K, reserved 1114112K
  class space    used 4820K, committed 5056K, reserved 1048576K
}
Event: 15.251 GC heap after
{Heap after GC invocations=12 (full 0):
 garbage-first heap   total 90112K, used 24156K [0x0000000718a00000, 0x0000000800000000)
  region size 2048K, 2 young (4096K), 2 survivors (4096K)
 Metaspace       used 35982K, committed 36480K, reserved 1114112K
  class space    used 4820K, committed 5056K, reserved 1048576K
}
Event: 15.789 GC heap before
{Heap before GC invocations=12 (full 0):
 garbage-first heap   total 133120K, used 89692K [0x0000000718a00000, 0x0000000800000000)
  region size 2048K, 4 young (8192K), 2 survivors (4096K)
 Metaspace       used 37220K, committed 37760K, reserved 1114112K
  class space    used 4942K, committed 5184K, reserved 1048576K
}
Event: 15.791 GC heap after
{Heap after GC invocations=13 (full 0):
 garbage-first heap   total 133120K, used 87560K [0x0000000718a00000, 0x0000000800000000)
  region size 2048K, 2 young (4096K), 2 survivors (4096K)
 Metaspace       used 37220K, committed 37760K, reserved 1114112K
  class space    used 4942K, committed 5184K, reserved 1048576K
}
Event: 15.864 GC heap before
{Heap before GC invocations=14 (full 0):
 garbage-first heap   total 239616K, used 153096K [0x0000000718a00000, 0x0000000800000000)
  region size 2048K, 12 young (24576K), 2 survivors (4096K)
 Metaspace       used 37226K, committed 37760K, reserved 1114112K
  class space    used 4943K, committed 5184K, reserved 1048576K
}
Event: 15.866 GC heap after
{Heap after GC invocations=15 (full 0):
 garbage-first heap   total 239616K, used 67221K [0x0000000718a00000, 0x0000000800000000)
  region size 2048K, 1 young (2048K), 1 survivors (2048K)
 Metaspace       used 37226K, committed 37760K, reserved 1114112K
  class space    used 4943K, committed 5184K, reserved 1048576K
}
Event: 16.277 GC heap before
{Heap before GC invocations=15 (full 0):
 garbage-first heap   total 239616K, used 93845K [0x0000000718a00000, 0x0000000800000000)
  region size 2048K, 15 young (30720K), 1 survivors (2048K)
 Metaspace       used 37259K, committed 37824K, reserved 1114112K
  class space    used 4947K, committed 5184K, reserved 1048576K
}
Event: 16.278 GC heap after
{Heap after GC invocations=16 (full 0):
 garbage-first heap   total 288768K, used 19784K [0x0000000718a00000, 0x0000000800000000)
  region size 2048K, 1 young (2048K), 1 survivors (2048K)
 Metaspace       used 37259K, committed 37824K, reserved 1114112K
  class space    used 4947K, committed 5184K, reserved 1048576K
}
Event: 16.638 GC heap before
{Heap before GC invocations=16 (full 0):
 garbage-first heap   total 288768K, used 236872K [0x0000000718a00000, 0x0000000800000000)
  region size 2048K, 84 young (172032K), 1 survivors (2048K)
 Metaspace       used 38344K, committed 38848K, reserved 1114112K
  class space    used 5090K, committed 5312K, reserved 1048576K
}
Event: 16.639 GC heap after
{Heap after GC invocations=17 (full 0):
 garbage-first heap   total 288768K, used 67099K [0x0000000718a00000, 0x0000000800000000)
  region size 2048K, 1 young (2048K), 1 survivors (2048K)
 Metaspace       used 38344K, committed 38848K, reserved 1114112K
  class space    used 5090K, committed 5312K, reserved 1048576K
}
Event: 16.708 GC heap before
{Heap before GC invocations=17 (full 0):
 garbage-first heap   total 288768K, used 144923K [0x0000000718a00000, 0x0000000800000000)
  region size 2048K, 11 young (22528K), 1 survivors (2048K)
 Metaspace       used 38803K, committed 39296K, reserved 1114112K
  class space    used 5211K, committed 5440K, reserved 1048576K
}
Event: 16.709 GC heap after
{Heap after GC invocations=18 (full 0):
 garbage-first heap   total 288768K, used 120457K [0x0000000718a00000, 0x0000000800000000)
  region size 2048K, 1 young (2048K), 1 survivors (2048K)
 Metaspace       used 38803K, committed 39296K, reserved 1114112K
  class space    used 5211K, committed 5440K, reserved 1048576K
}
Event: 16.720 GC heap before
{Heap before GC invocations=18 (full 0):
 garbage-first heap   total 288768K, used 130697K [0x0000000718a00000, 0x0000000800000000)
  region size 2048K, 1 young (2048K), 1 survivors (2048K)
 Metaspace       used 38803K, committed 39296K, reserved 1114112K
  class space    used 5211K, committed 5440K, reserved 1048576K
}
Event: 16.721 GC heap after
{Heap after GC invocations=19 (full 0):
 garbage-first heap   total 288768K, used 124581K [0x0000000718a00000, 0x0000000800000000)
  region size 2048K, 1 young (2048K), 1 survivors (2048K)
 Metaspace       used 38803K, committed 39296K, reserved 1114112K
  class space    used 5211K, committed 5440K, reserved 1048576K
}
Event: 16.742 GC heap before
{Heap before GC invocations=19 (full 0):
 garbage-first heap   total 288768K, used 143013K [0x0000000718a00000, 0x0000000800000000)
  region size 2048K, 1 young (2048K), 1 survivors (2048K)
 Metaspace       used 38803K, committed 39296K, reserved 1114112K
  class space    used 5211K, committed 5440K, reserved 1048576K
}
Event: 16.743 GC heap after
{Heap after GC invocations=20 (full 0):
 garbage-first heap   total 288768K, used 132763K [0x0000000718a00000, 0x0000000800000000)
  region size 2048K, 1 young (2048K), 1 survivors (2048K)
 Metaspace       used 38803K, committed 39296K, reserved 1114112K
  class space    used 5211K, committed 5440K, reserved 1048576K
}
Event: 16.785 GC heap before
{Heap before GC invocations=21 (full 0):
 garbage-first heap   total 290816K, used 167579K [0x0000000718a00000, 0x0000000800000000)
  region size 2048K, 1 young (2048K), 1 survivors (2048K)
 Metaspace       used 38803K, committed 39296K, reserved 1114112K
  class space    used 5211K, committed 5440K, reserved 1048576K
}
Event: 16.786 GC heap after
{Heap after GC invocations=22 (full 0):
 garbage-first heap   total 290816K, used 149154K [0x0000000718a00000, 0x0000000800000000)
  region size 2048K, 1 young (2048K), 1 survivors (2048K)
 Metaspace       used 38803K, committed 39296K, reserved 1114112K
  class space    used 5211K, committed 5440K, reserved 1048576K
}

Dll operation events (16 events):
Event: 0.003 Loaded shared library /usr/lib/jvm/java-17-openjdk-amd64/lib/libjava.so
Event: 0.018 Loaded shared library /usr/lib/jvm/java-17-openjdk-amd64/lib/libjsvml.so
Event: 0.115 Loaded shared library /usr/lib/jvm/java-17-openjdk-amd64/lib/libzip.so
Event: 0.117 Loaded shared library /usr/lib/jvm/java-17-openjdk-amd64/lib/libinstrument.so
Event: 0.119 Loaded shared library /usr/lib/jvm/java-17-openjdk-amd64/lib/libnio.so
Event: 0.123 Loaded shared library /usr/lib/jvm/java-17-openjdk-amd64/lib/libzip.so
Event: 0.177 Loaded shared library /usr/lib/jvm/java-17-openjdk-amd64/lib/libjimage.so
Event: 0.207 Loaded shared library /usr/lib/jvm/java-17-openjdk-amd64/lib/libmanagement.so
Event: 0.218 Loaded shared library /usr/lib/jvm/java-17-openjdk-amd64/lib/libmanagement_ext.so
Event: 0.251 Loaded shared library /usr/lib/jvm/java-17-openjdk-amd64/lib/libnet.so
Event: 0.333 Loaded shared library /usr/lib/jvm/java-17-openjdk-amd64/lib/libextnet.so
Event: 0.351 Loaded shared library /usr/lib/jvm/java-17-openjdk-amd64/lib/libverify.so
Event: 15.153 Loaded shared library /usr/lib/jvm/java-17-openjdk-amd64/lib/libawt.so
Event: 15.154 Loaded shared library /usr/lib/jvm/java-17-openjdk-amd64/lib/libawt_headless.so
Event: 15.190 Loaded shared library /usr/lib/jvm/java-17-openjdk-amd64/lib/libjavajpeg.so
Event: 16.395 Loaded shared library /home/amolkatte/.cache/JNA/temp/jna9520295121138148645.tmp

Deoptimization events (20 events):
Event: 15.248 Thread 0x00007e8f08960e50 DEOPT PACKING pc=0x00007e8fe1b33be4 sp=0x00007e8f765f8c20
Event: 15.248 Thread 0x00007e8f08960e50 DEOPT UNPACKING pc=0x00007e8fe1456e2f sp=0x00007e8f765f8220 mode 1
Event: 15.308 Thread 0x00007e8f08960e50 DEOPT PACKING pc=0x00007e8fe1b3088c sp=0x00007e8f765f8960
Event: 15.308 Thread 0x00007e8f08960e50 DEOPT UNPACKING pc=0x00007e8fe1456e2f sp=0x00007e8f765f7eb8 mode 1
Event: 15.308 Thread 0x00007e8f08960e50 DEOPT PACKING pc=0x00007e8fe1b317f4 sp=0x00007e8f765f8a50
Event: 15.308 Thread 0x00007e8f08960e50 DEOPT UNPACKING pc=0x00007e8fe1456e2f sp=0x00007e8f765f8020 mode 1
Event: 15.308 Thread 0x00007e8f08960e50 DEOPT PACKING pc=0x00007e8fe1b33be4 sp=0x00007e8f765f8bc0
Event: 15.308 Thread 0x00007e8f08960e50 DEOPT UNPACKING pc=0x00007e8fe1456e2f sp=0x00007e8f765f81c0 mode 1
Event: 15.783 Thread 0x00007e8f08960e50 DEOPT PACKING pc=0x00007e8fe1b3088c sp=0x00007e8f765f8cb0
Event: 15.783 Thread 0x00007e8f08960e50 DEOPT UNPACKING pc=0x00007e8fe1456e2f sp=0x00007e8f765f8208 mode 1
Event: 15.783 Thread 0x00007e8f08960e50 DEOPT PACKING pc=0x00007e8fe1b317f4 sp=0x00007e8f765f8da0
Event: 15.783 Thread 0x00007e8f08960e50 DEOPT UNPACKING pc=0x00007e8fe1456e2f sp=0x00007e8f765f8370 mode 1
Event: 15.783 Thread 0x00007e8f08960e50 DEOPT PACKING pc=0x00007e8fe1b33be4 sp=0x00007e8f765f8f10
Event: 15.783 Thread 0x00007e8f08960e50 DEOPT UNPACKING pc=0x00007e8fe1456e2f sp=0x00007e8f765f8510 mode 1
Event: 15.920 Thread 0x00007e8f08960e50 DEOPT PACKING pc=0x00007e8fe1b3088c sp=0x00007e8f765f86a0
Event: 15.920 Thread 0x00007e8f08960e50 DEOPT UNPACKING pc=0x00007e8fe1456e2f sp=0x00007e8f765f7bf8 mode 1
Event: 15.920 Thread 0x00007e8f08960e50 DEOPT PACKING pc=0x00007e8fe1b317f4 sp=0x00007e8f765f8790
Event: 15.920 Thread 0x00007e8f08960e50 DEOPT UNPACKING pc=0x00007e8fe1456e2f sp=0x00007e8f765f7d60 mode 1
Event: 15.920 Thread 0x00007e8f08960e50 DEOPT PACKING pc=0x00007e8fe1b33be4 sp=0x00007e8f765f8900
Event: 15.920 Thread 0x00007e8f08960e50 DEOPT UNPACKING pc=0x00007e8fe1456e2f sp=0x00007e8f765f7f00 mode 1

Classes loaded (20 events):
Event: 16.441 Loading class javax/imageio/plugins/tiff/BaselineTIFFTagSet$YPosition
Event: 16.441 Loading class javax/imageio/plugins/tiff/BaselineTIFFTagSet$YPosition done
Event: 16.441 Loading class javax/imageio/plugins/tiff/BaselineTIFFTagSet$YResolution
Event: 16.441 Loading class javax/imageio/plugins/tiff/BaselineTIFFTagSet$YResolution done
Event: 16.441 Loading class com/sun/imageio/plugins/tiff/TIFFImageMetadata
Event: 16.442 Loading class com/sun/imageio/plugins/tiff/TIFFImageMetadata done
Event: 16.442 Loading class com/sun/imageio/plugins/tiff/TIFFIFD
Event: 16.442 Loading class javax/imageio/plugins/tiff/TIFFDirectory
Event: 16.442 Loading class javax/imageio/plugins/tiff/TIFFDirectory done
Event: 16.442 Loading class com/sun/imageio/plugins/tiff/TIFFIFD done
Event: 16.442 Loading class javax/imageio/plugins/tiff/TIFFField
Event: 16.443 Loading class javax/imageio/plugins/tiff/TIFFField done
Event: 16.443 Loading class java/util/Collections$UnmodifiableSortedSet
Event: 16.443 Loading class java/util/Collections$UnmodifiableSortedSet done
Event: 16.443 Loading class com/sun/imageio/plugins/tiff/TIFFNullCompressor
Event: 16.443 Loading class com/sun/imageio/plugins/tiff/TIFFCompressor
Event: 16.443 Loading class com/sun/imageio/plugins/tiff/TIFFCompressor done
Event: 16.443 Loading class com/sun/imageio/plugins/tiff/TIFFNullCompressor done
Event: 16.443 Loading class java/awt/image/MultiPixelPackedSampleModel
Event: 16.443 Loading class java/awt/image/MultiPixelPackedSampleModel done

Classes unloaded (0 events):
No events

Classes redefined (0 events):
No events

Internal exceptions (20 events):
Event: 1.400 Thread 0x00007e8f140030e0 Exception <a 'java/lang/NoSuchMethodError'{0x000000071b069f88}: 'void java.lang.invoke.DirectMethodHandle$Holder.invokeVirtual(java.lang.Object, java.lang.Object, int)'> (0x000000071b069f88) 
thrown [./src/hotspot/share/interpreter/linkResolver.cpp, line 758]
Event: 1.401 Thread 0x00007e8f140030e0 Exception <a 'java/lang/NoSuchMethodError'{0x000000071b0701c0}: 'void java.lang.invoke.DirectMethodHandle$Holder.invokeStatic(java.lang.Object, java.lang.Object, java.lang.Object, int, java.lang.Object)'> (0x000000071b0701c0) 
thrown [./src/hotspot/share/interpreter/linkResolver.cpp, line 758]
Event: 1.401 Thread 0x00007e8f140030e0 Exception <a 'java/lang/NoSuchMethodError'{0x000000071b0776c8}: 'java.lang.Object java.lang.invoke.DirectMethodHandle$Holder.newInvokeSpecial(java.lang.Object, java.lang.Object, java.lang.Object, int)'> (0x000000071b0776c8) 
thrown [./src/hotspot/share/interpreter/linkResolver.cpp, line 758]
Event: 1.401 Thread 0x00007e8f140030e0 Exception <a 'java/lang/NoSuchMethodError'{0x000000071b07b9b0}: 'java.lang.Object java.lang.invoke.DirectMethodHandle$Holder.invokeSpecial(java.lang.Object, java.lang.Object, java.lang.Object, java.lang.Object, int)'> (0x000000071b07b9b0) 
thrown [./src/hotspot/share/interpreter/linkResolver.cpp, line 758]
Event: 1.401 Thread 0x00007e8f140030e0 Exception <a 'java/lang/NoSuchMethodError'{0x000000071b07f578}: 'java.lang.Object java.lang.invoke.Invokers$Holder.linkToTargetMethod(java.lang.Object, java.lang.Object, int, java.lang.Object)'> (0x000000071b07f578) 
thrown [./src/hotspot/share/interpreter/linkResolver.cpp, line 758]
Event: 1.519 Thread 0x00007e8f140030e0 Exception <a 'java/lang/NoSuchMethodError'{0x0000000723dbfcf8}: 'java.lang.Object java.lang.invoke.DirectMethodHandle$Holder.invokeSpecial(java.lang.Object, java.lang.Object, long, java.lang.Object, java.lang.Object, java.lang.Object, java.lang.Object, java.lang.Object, java.lang.Object)'> (0x0000000723dbfcf8) 
thrown [./src/hotspot/share/interpreter/linkResolver.cpp, line 758]
Event: 1.519 Thread 0x00007e8f140030e0 Exception <a 'java/lang/NoSuchMethodError'{0x0000000723dc4820}: 'java.lang.Object java.lang.invoke.DelegatingMethodHandle$Holder.reinvoke_L(java.lang.Object, long, java.lang.Object, java.lang.Object, java.lang.Object, java.lang.Object, java.lang.Object, java.lang.Object)'> (0x0000000723dc4820) 
thrown [./src/hotspot/share/interpreter/linkResolver.cpp, line 758]
Event: 1.535 Thread 0x00007e8f140030e0 Exception <a 'java/io/FileNotFoundException'{0x000000071de8e250}> (0x000000071de8e250) 
thrown [./src/hotspot/share/prims/jni.cpp, line 516]
Event: 1.542 Thread 0x00007e8f140030e0 Exception <a 'java/lang/NoSuchMethodError'{0x000000071dffd0a0}: 'int java.lang.invoke.DirectMethodHandle$Holder.invokeInterface(java.lang.Object, java.lang.Object, java.lang.Object, java.lang.Object)'> (0x000000071dffd0a0) 
thrown [./src/hotspot/share/interpreter/linkResolver.cpp, line 758]
Event: 1.566 Thread 0x00007e8f140030e0 Exception <a 'java/lang/NoSuchMethodError'{0x000000071db8bf00}: 'long java.lang.invoke.DirectMethodHandle$Holder.invokeVirtual(java.lang.Object, java.lang.Object)'> (0x000000071db8bf00) 
thrown [./src/hotspot/share/interpreter/linkResolver.cpp, line 758]
Event: 1.569 Thread 0x00007e8f140030e0 Exception <a 'java/io/FileNotFoundException'{0x000000071d805160}> (0x000000071d805160) 
thrown [./src/hotspot/share/prims/jni.cpp, line 516]
Event: 1.608 Thread 0x00007e8f38002470 Exception <a 'java/lang/reflect/InvocationTargetException'{0x000000071d5b5900}> (0x000000071d5b5900) 
thrown [./src/hotspot/share/runtime/reflection.cpp, line 1126]
Event: 1.700 Thread 0x00007e8f140030e0 Exception <a 'java/lang/IncompatibleClassChangeError'{0x000000071c44c118}: Found class java.lang.Object, but interface was expected> (0x000000071c44c118) 
thrown [./src/hotspot/share/interpreter/linkResolver.cpp, line 826]
Event: 1.714 Thread 0x00007e8f140030e0 Exception <a 'java/lang/NoSuchMethodError'{0x000000071c2bf4e8}: 'void java.lang.invoke.DirectMethodHandle$Holder.invokeVirtual(java.lang.Object, java.lang.Object, long)'> (0x000000071c2bf4e8) 
thrown [./src/hotspot/share/interpreter/linkResolver.cpp, line 758]
Event: 1.747 Thread 0x00007e8f140030e0 Exception <a 'java/lang/NoSuchMethodError'{0x000000071bae7138}: 'int java.lang.invoke.DirectMethodHandle$Holder.invokeStaticInit(java.lang.Object, java.lang.Object, java.lang.Object, java.lang.Object)'> (0x000000071bae7138) 
thrown [./src/hotspot/share/interpreter/linkResolver.cpp, line 758]
Event: 1.804 Thread 0x00007e8f140030e0 Exception <a 'java/lang/NoSuchMethodError'{0x000000071b3ae6c8}: 'java.lang.Object java.lang.invoke.DirectMethodHandle$Holder.newInvokeSpecial(java.lang.Object, java.lang.Object, int, java.lang.Object, java.lang.Object)'> (0x000000071b3ae6c8) 
thrown [./src/hotspot/share/interpreter/linkResolver.cpp, line 758]
Event: 9.089 Thread 0x00007e8f0895f0c0 Exception <a 'java/lang/NoSuchMethodError'{0x000000071e0846f8}: 'java.lang.Object java.lang.invoke.DirectMethodHandle$Holder.invokeSpecial(java.lang.Object, java.lang.Object, java.lang.Object, java.lang.Object, java.lang.Object, long)'> (0x000000071e0846f8) 
thrown [./src/hotspot/share/interpreter/linkResolver.cpp, line 758]
Event: 9.089 Thread 0x00007e8f0895f0c0 Exception <a 'java/lang/NoSuchMethodError'{0x000000071e088138}: 'java.lang.Object java.lang.invoke.Invokers$Holder.linkToTargetMethod(java.lang.Object, java.lang.Object, java.lang.Object, long, java.lang.Object)'> (0x000000071e088138) 
thrown [./src/hotspot/share/interpreter/linkResolver.cpp, line 758]
Event: 15.151 Thread 0x00007e8f08960e50 Exception <a 'java/lang/ClassNotFoundException'{0x000000071c16b008}: sun/awt/resources/spi/awtProvider> (0x000000071c16b008) 
thrown [./src/hotspot/share/classfile/systemDictionary.cpp, line 257]
Event: 15.154 Thread 0x00007e8f08960e50 Exception <a 'java/io/FileNotFoundException'{0x000000071c174cc8}> (0x000000071c174cc8) 
thrown [./src/hotspot/share/prims/jni.cpp, line 516]

VM Operations (20 events):
Event: 16.406 Executing VM operation: HandshakeAllThreads
Event: 16.406 Executing VM operation: HandshakeAllThreads done
Event: 16.638 Executing VM operation: G1CollectForAllocation
Event: 16.639 Executing VM operation: G1CollectForAllocation done
Event: 16.708 Executing VM operation: G1TryInitiateConcMark
Event: 16.709 Executing VM operation: G1TryInitiateConcMark done
Event: 16.720 Executing VM operation: G1TryInitiateConcMark
Event: 16.721 Executing VM operation: G1TryInitiateConcMark done
Event: 16.742 Executing VM operation: G1TryInitiateConcMark
Event: 16.743 Executing VM operation: G1TryInitiateConcMark done
Event: 16.753 Executing VM operation: G1PauseRemark
Event: 16.754 Executing VM operation: G1PauseRemark done
Event: 16.758 Executing VM operation: G1PauseCleanup
Event: 16.758 Executing VM operation: G1PauseCleanup done
Event: 16.785 Executing VM operation: G1TryInitiateConcMark
Event: 16.786 Executing VM operation: G1TryInitiateConcMark done
Event: 16.796 Executing VM operation: G1PauseRemark
Event: 16.798 Executing VM operation: G1PauseRemark done
Event: 16.801 Executing VM operation: G1PauseCleanup
Event: 16.801 Executing VM operation: G1PauseCleanup done

Memory protections (20 events):
Event: 1.794 Protecting memory [0x00007e8f767fd000,0x00007e8f76801000] with protection modes 0
Event: 1.794 Protecting memory [0x00007e8f766fd000,0x00007e8f76701000] with protection modes 0
Event: 1.809 Protecting memory [0x00007e8f767fd000,0x00007e8f76801000] with protection modes 0
Event: 1.809 Protecting memory [0x00007e8f765fd000,0x00007e8f76601000] with protection modes 0
Event: 1.809 Protecting memory [0x00007e8f764fd000,0x00007e8f76501000] with protection modes 0
Event: 1.809 Protecting memory [0x00007e8f763fd000,0x00007e8f76401000] with protection modes 0
Event: 1.809 Protecting memory [0x00007e8f762fd000,0x00007e8f76301000] with protection modes 0
Event: 1.809 Protecting memory [0x00007e8f761fd000,0x00007e8f76201000] with protection modes 0
Event: 1.812 Protecting memory [0x00007e8f760fd000,0x00007e8f76101000] with protection modes 0
Event: 1.812 Protecting memory [0x00007e8f75ffd000,0x00007e8f76001000] with protection modes 0
Event: 1.812 Protecting memory [0x00007e8f75efd000,0x00007e8f75f01000] with protection modes 0
Event: 1.813 Protecting memory [0x00007e8f75dfd000,0x00007e8f75e01000] with protection modes 0
Event: 1.817 Protecting memory [0x00007e8f75cfd000,0x00007e8f75d01000] with protection modes 0
Event: 1.818 Protecting memory [0x00007e8f75bfd000,0x00007e8f75c01000] with protection modes 0
Event: 1.834 Protecting memory [0x00007e8ff1900000,0x00007e8ff1904000] with protection modes 0
Event: 15.186 Protecting memory [0x00007e8fc9900000,0x00007e8fc9904000] with protection modes 0
Event: 16.407 Protecting memory [0x00007e8fc9fde000,0x00007e8fc9fe2000] with protection modes 0
Event: 16.684 Protecting memory [0x00007e8fc8afa000,0x00007e8fc8afe000] with protection modes 0
Event: 16.685 Protecting memory [0x00007e8fc89fa000,0x00007e8fc89fe000] with protection modes 0
Event: 16.685 Protecting memory [0x00007e8fc88fa000,0x00007e8fc88fe000] with protection modes 0

Nmethod flushes (0 events):
No events

Events (20 events):
Event: 1.809 Thread 0x00007e8f140030e0 Thread added: 0x00007e8f08963090
Event: 1.809 Thread 0x00007e8f140030e0 Thread added: 0x00007e8f089640b0
Event: 1.812 Thread 0x00007e8f140030e0 Thread added: 0x00007e8f089656f0
Event: 1.812 Thread 0x00007e8f140030e0 Thread added: 0x00007e8f08966960
Event: 1.812 Thread 0x00007e8f140030e0 Thread added: 0x00007e8f08967d90
Event: 1.813 Thread 0x00007e8f140030e0 Thread added: 0x00007e8f08969210
Event: 1.817 Thread 0x00007e8f140030e0 Thread added: 0x00007e8f0896cb40
Event: 1.818 Thread 0x00007e8f140030e0 Thread added: 0x00007e8f08972bc0
Event: 1.829 Thread 0x00007e8f140030e0 Thread exited: 0x00007e8f140030e0
Event: 1.831 Thread 0x00007e8fec761790 Thread exited: 0x00007e8fec761790
Event: 1.834 Thread 0x00007e8fec01cd00 Thread exited: 0x00007e8fec01cd00
Event: 1.834 Thread 0x00007e8fec01cd00 Thread added: 0x00007e8fec01cd00
Event: 3.395 Thread 0x00007e8f541aa960 Thread exited: 0x00007e8f541aa960
Event: 4.396 Thread 0x00007e8f582a5590 Thread exited: 0x00007e8f582a5590
Event: 6.399 Thread 0x00007e8f580bde70 Thread exited: 0x00007e8f580bde70
Event: 15.186 Thread 0x00007e8f08960e50 Thread added: 0x00007e8ec0077f70
Event: 16.407 Thread 0x00007e8f08960e50 Thread added: 0x00007e8ec00e3350
Event: 16.684 Thread 0x00007e8fec1824e0 Thread added: 0x00007e8f584a5910
Event: 16.685 Thread 0x00007e8fec1824e0 Thread added: 0x00007e8f584a60c0
Event: 16.685 Thread 0x00007e8fec1824e0 Thread added: 0x00007e8f584a6c70


Dynamic libraries:
718a00000-72f200000 rw-p 00000000 00:00 0 
72f200000-7ffc00000 ---p 00000000 00:00 0 
7ffc00000-7ffd00000 rw-p 00000000 00:00 0 
7ffd00000-7ffd75000 rw-p 00c7a000 103:03 939928                          /usr/lib/jvm/java-17-openjdk-amd64/lib/server/classes.jsa
7ffd75000-7ffe00000 rw-p 00000000 00:00 0 
7ffe00000-7ffe78000 rw-p 00c02000 103:03 939928                          /usr/lib/jvm/java-17-openjdk-amd64/lib/server/classes.jsa
7ffe78000-800000000 rw-p 00000000 00:00 0 
62dd65ffb000-62dd65ffc000 r--p 00000000 103:03 917956                    /usr/lib/jvm/java-17-openjdk-amd64/bin/java
62dd65ffc000-62dd65ffd000 r-xp 00001000 103:03 917956                    /usr/lib/jvm/java-17-openjdk-amd64/bin/java
62dd65ffd000-62dd65ffe000 r--p 00002000 103:03 917956                    /usr/lib/jvm/java-17-openjdk-amd64/bin/java
62dd65ffe000-62dd65fff000 r--p 00002000 103:03 917956                    /usr/lib/jvm/java-17-openjdk-amd64/bin/java
62dd65fff000-62dd66000000 rw-p 00003000 103:03 917956                    /usr/lib/jvm/java-17-openjdk-amd64/bin/java
62dd91cdd000-62dd91d26000 rw-p 00000000 00:00 0                          [heap]
7e8e93483000-7e8e9718c000 rw-p 00000000 00:00 0 
7e8e9acab000-7e8e9dc5c000 rw-p 00000000 00:00 0 
7e8e9dc5c000-7e8e9dc94000 r--p 00000000 103:03 921173                    /usr/lib/x86_64-linux-gnu/libp11-kit.so.0.3.1
7e8e9dc94000-7e8e9dd66000 r-xp 00038000 103:03 921173                    /usr/lib/x86_64-linux-gnu/libp11-kit.so.0.3.1
7e8e9dd66000-7e8e9dde5000 r--p 0010a000 103:03 921173                    /usr/lib/x86_64-linux-gnu/libp11-kit.so.0.3.1
7e8e9dde5000-7e8e9ddf2000 r--p 00188000 103:03 921173                    /usr/lib/x86_64-linux-gnu/libp11-kit.so.0.3.1
7e8e9ddf2000-7e8e9ddff000 rw-p 00195000 103:03 921173                    /usr/lib/x86_64-linux-gnu/libp11-kit.so.0.3.1
7e8e9ddff000-7e8e9de00000 rw-p 00000000 00:00 0 
7e8e9de00000-7e8e9de01000 r--p 00000000 103:03 926555                    /usr/lib/x86_64-linux-gnu/libicudata.so.74.2
7e8e9de01000-7e8e9de02000 r-xp 00001000 103:03 926555                    /usr/lib/x86_64-linux-gnu/libicudata.so.74.2
7e8e9de02000-7e8e9fb5e000 r--p 00002000 103:03 926555                    /usr/lib/x86_64-linux-gnu/libicudata.so.74.2
7e8e9fb5e000-7e8e9fb5f000 r--p 01d5d000 103:03 926555                    /usr/lib/x86_64-linux-gnu/libicudata.so.74.2
7e8e9fb5f000-7e8e9fb60000 rw-p 01d5e000 103:03 926555                    /usr/lib/x86_64-linux-gnu/libicudata.so.74.2
7e8e9fc47000-7e8e9fc4a000 r--p 00000000 103:03 959544                    /usr/lib/x86_64-linux-gnu/libresolv.so.2
7e8e9fc4a000-7e8e9fc53000 r-xp 00003000 103:03 959544                    /usr/lib/x86_64-linux-gnu/libresolv.so.2
7e8e9fc53000-7e8e9fc55000 r--p 0000c000 103:03 959544                    /usr/lib/x86_64-linux-gnu/libresolv.so.2
7e8e9fc55000-7e8e9fc56000 r--p 0000e000 103:03 959544                    /usr/lib/x86_64-linux-gnu/libresolv.so.2
7e8e9fc56000-7e8e9fc57000 rw-p 0000f000 103:03 959544                    /usr/lib/x86_64-linux-gnu/libresolv.so.2
7e8e9fc57000-7e8e9fc59000 rw-p 00000000 00:00 0 
7e8e9fc59000-7e8e9fc5c000 r--p 00000000 103:03 927196                    /usr/lib/x86_64-linux-gnu/libtasn1.so.6.6.3
7e8e9fc5c000-7e8e9fc6a000 r-xp 00003000 103:03 927196                    /usr/lib/x86_64-linux-gnu/libtasn1.so.6.6.3
7e8e9fc6a000-7e8e9fc6d000 r--p 00011000 103:03 927196                    /usr/lib/x86_64-linux-gnu/libtasn1.so.6.6.3
7e8e9fc6d000-7e8e9fc6e000 r--p 00014000 103:03 927196                    /usr/lib/x86_64-linux-gnu/libtasn1.so.6.6.3
7e8e9fc6e000-7e8e9fc6f000 rw-p 00015000 103:03 927196                    /usr/lib/x86_64-linux-gnu/libtasn1.so.6.6.3
7e8e9fc6f000-7e8e9fc70000 r--p 00000000 103:03 930386                    /usr/lib/x86_64-linux-gnu/libdeflate.so.0
7e8e9fc70000-7e8e9fc7c000 r-xp 00001000 103:03 930386                    /usr/lib/x86_64-linux-gnu/libdeflate.so.0
7e8e9fc7c000-7e8e9fc80000 r--p 0000d000 103:03 930386                    /usr/lib/x86_64-linux-gnu/libdeflate.so.0
7e8e9fc80000-7e8e9fc81000 r--p 00011000 103:03 930386                    /usr/lib/x86_64-linux-gnu/libdeflate.so.0
7e8e9fc81000-7e8e9fc82000 rw-p 00012000 103:03 930386                    /usr/lib/x86_64-linux-gnu/libdeflate.so.0
7e8e9fc82000-7e8e9fc84000 r--p 00000000 103:03 929121                    /usr/lib/x86_64-linux-gnu/libjbig.so.0
7e8e9fc84000-7e8e9fc8d000 r-xp 00002000 103:03 929121                    /usr/lib/x86_64-linux-gnu/libjbig.so.0
7e8e9fc8d000-7e8e9fc8e000 r--p 0000b000 103:03 929121                    /usr/lib/x86_64-linux-gnu/libjbig.so.0
7e8e9fc8e000-7e8e9fc8f000 r--p 0000c000 103:03 929121                    /usr/lib/x86_64-linux-gnu/libjbig.so.0
7e8e9fc8f000-7e8e9fc92000 rw-p 0000d000 103:03 929121                    /usr/lib/x86_64-linux-gnu/libjbig.so.0
7e8e9fc92000-7e8e9fc97000 r--p 00000000 103:03 928687                    /usr/lib/x86_64-linux-gnu/libLerc.so.4
7e8e9fc97000-7e8e9fd0f000 r-xp 00005000 103:03 928687                    /usr/lib/x86_64-linux-gnu/libLerc.so.4
7e8e9fd0f000-7e8e9fd17000 r--p 0007d000 103:03 928687                    /usr/lib/x86_64-linux-gnu/libLerc.so.4
7e8e9fd17000-7e8e9fd18000 r--p 00084000 103:03 928687                    /usr/lib/x86_64-linux-gnu/libLerc.so.4
7e8e9fd18000-7e8e9fd19000 rw-p 00085000 103:03 928687                    /usr/lib/x86_64-linux-gnu/libLerc.so.4
7e8e9fd19000-7e8e9fd1a000 r--p 00000000 103:03 928840                    /usr/lib/x86_64-linux-gnu/libbrotlicommon.so.1.1.0
7e8e9fd1a000-7e8e9fd1b000 r-xp 00001000 103:03 928840                    /usr/lib/x86_64-linux-gnu/libbrotlicommon.so.1.1.0
7e8e9fd1b000-7e8e9fd3a000 r--p 00002000 103:03 928840                    /usr/lib/x86_64-linux-gnu/libbrotlicommon.so.1.1.0
7e8e9fd3a000-7e8e9fd3b000 r--p 00021000 103:03 928840                    /usr/lib/x86_64-linux-gnu/libbrotlicommon.so.1.1.0
7e8e9fd3b000-7e8e9fd3c000 rw-p 00022000 103:03 928840                    /usr/lib/x86_64-linux-gnu/libbrotlicommon.so.1.1.0
7e8e9fd3c000-7e8e9fd5c000 r--p 00000000 103:03 917954                    /usr/lib/x86_64-linux-gnu/libkrb5.so.3.3
7e8e9fd5c000-7e8e9fdbd000 r-xp 00020000 103:03 917954                    /usr/lib/x86_64-linux-gnu/libkrb5.so.3.3
7e8e9fdbd000-7e8e9fdf6000 r--p 00081000 103:03 917954                    /usr/lib/x86_64-linux-gnu/libkrb5.so.3.3
7e8e9fdf6000-7e8e9fe03000 r--p 000ba000 103:03 917954                    /usr/lib/x86_64-linux-gnu/libkrb5.so.3.3
7e8e9fe03000-7e8e9fe05000 rw-p 000c7000 103:03 917954                    /usr/lib/x86_64-linux-gnu/libkrb5.so.3.3
7e8e9fe05000-7e8e9fe38000 r--p 00000000 103:03 923308                    /usr/lib/x86_64-linux-gnu/libgnutls.so.30.37.1
7e8e9fe38000-7e8e9ff72000 r-xp 00033000 103:03 923308                    /usr/lib/x86_64-linux-gnu/libgnutls.so.30.37.1
7e8e9ff72000-7e8e9ffeb000 r--p 0016d000 103:03 923308                    /usr/lib/x86_64-linux-gnu/libgnutls.so.30.37.1
7e8e9ffeb000-7e8e9fffb000 r--p 001e6000 103:03 923308                    /usr/lib/x86_64-linux-gnu/libgnutls.so.30.37.1
7e8e9fffb000-7e8e9fffd000 rw-p 001f6000 103:03 923308                    /usr/lib/x86_64-linux-gnu/libgnutls.so.30.37.1
7e8e9fffd000-7e8ea0021000 rw-p 00000000 00:00 0 
7e8ea0021000-7e8ea4000000 ---p 00000000 00:00 0 
7e8ea4000000-7e8ea4021000 rw-p 00000000 00:00 0 
7e8ea4021000-7e8ea8000000 ---p 00000000 00:00 0 
7e8ea8000000-7e8ea8021000 rw-p 00000000 00:00 0 
7e8ea8021000-7e8eac000000 ---p 00000000 00:00 0 
7e8eac000000-7e8eac021000 rw-p 00000000 00:00 0 
7e8eac021000-7e8eb0000000 ---p 00000000 00:00 0 
7e8eb0000000-7e8eb0021000 rw-p 00000000 00:00 0 
7e8eb0021000-7e8eb4000000 ---p 00000000 00:00 0 
7e8eb4000000-7e8eb4021000 rw-p 00000000 00:00 0 
7e8eb4021000-7e8eb8000000 ---p 00000000 00:00 0 
7e8eb8000000-7e8eb8021000 rw-p 00000000 00:00 0 
7e8eb8021000-7e8ebc000000 ---p 00000000 00:00 0 
7e8ebc000000-7e8ebc021000 rw-p 00000000 00:00 0 
7e8ebc021000-7e8ec0000000 ---p 00000000 00:00 0 
7e8ec0000000-7e8ec253b000 rw-p 00000000 00:00 0 
7e8ec253b000-7e8ec4000000 ---p 00000000 00:00 0 
7e8ec4000000-7e8ec4021000 rw-p 00000000 00:00 0 
7e8ec4021000-7e8ec8000000 ---p 00000000 00:00 0 
7e8ec8000000-7e8ec8135000 rw-p 00000000 00:00 0 
7e8ec8135000-7e8ecc000000 ---p 00000000 00:00 0 
7e8ecc000000-7e8ecc021000 rw-p 00000000 00:00 0 
7e8ecc021000-7e8ed0000000 ---p 00000000 00:00 0 
7e8ed0000000-7e8ed0021000 rw-p 00000000 00:00 0 
7e8ed0021000-7e8ed4000000 ---p 00000000 00:00 0 
7e8ed4000000-7e8ed4021000 rw-p 00000000 00:00 0 
7e8ed4021000-7e8ed8000000 ---p 00000000 00:00 0 
7e8ed8000000-7e8ed8021000 rw-p 00000000 00:00 0 
7e8ed8021000-7e8edc000000 ---p 00000000 00:00 0 
7e8edc000000-7e8edc021000 rw-p 00000000 00:00 0 
7e8edc021000-7e8ee0000000 ---p 00000000 00:00 0 
7e8ee0000000-7e8ee0021000 rw-p 00000000 00:00 0 
7e8ee0021000-7e8ee4000000 ---p 00000000 00:00 0 
7e8ee4000000-7e8ee4021000 rw-p 00000000 00:00 0 
7e8ee4021000-7e8ee8000000 ---p 00000000 00:00 0 
7e8ee8000000-7e8ee8258000 rw-p 00000000 00:00 0 
7e8ee8258000-7e8eec000000 ---p 00000000 00:00 0 
7e8eec000000-7e8eec021000 rw-p 00000000 00:00 0 
7e8eec021000-7e8ef0000000 ---p 00000000 00:00 0 
7e8ef0000000-7e8ef0021000 rw-p 00000000 00:00 0 
7e8ef0021000-7e8ef4000000 ---p 00000000 00:00 0 
7e8ef4000000-7e8ef4021000 rw-p 00000000 00:00 0 
7e8ef4021000-7e8ef8000000 ---p 00000000 00:00 0 
7e8ef8000000-7e8ef8021000 rw-p 00000000 00:00 0 
7e8ef8021000-7e8efc000000 ---p 00000000 00:00 0 
7e8efc000000-7e8efc021000 rw-p 00000000 00:00 0 
7e8efc021000-7e8f00000000 ---p 00000000 00:00 0 
7e8f00000000-7e8f00021000 rw-p 00000000 00:00 0 
7e8f00021000-7e8f04000000 ---p 00000000 00:00 0 
7e8f04000000-7e8f04028000 rw-p 00000000 00:00 0 
7e8f04028000-7e8f08000000 ---p 00000000 00:00 0 
7e8f08000000-7e8f0897c000 rw-p 00000000 00:00 0 
7e8f0897c000-7e8f0c000000 ---p 00000000 00:00 0 
7e8f0c000000-7e8f0c021000 rw-p 00000000 00:00 0 
7e8f0c021000-7e8f10000000 ---p 00000000 00:00 0 
7e8f10000000-7e8f101c2000 rw-p 00000000 00:00 0 
7e8f101c2000-7e8f14000000 ---p 00000000 00:00 0 
7e8f14000000-7e8f14021000 rw-p 00000000 00:00 0 
7e8f14021000-7e8f18000000 ---p 00000000 00:00 0 
7e8f18000000-7e8f18021000 rw-p 00000000 00:00 0 
7e8f18021000-7e8f1c000000 ---p 00000000 00:00 0 
7e8f1c000000-7e8f1c036000 rw-p 00000000 00:00 0 
7e8f1c036000-7e8f20000000 ---p 00000000 00:00 0 
7e8f20000000-7e8f20039000 rw-p 00000000 00:00 0 
7e8f20039000-7e8f24000000 ---p 00000000 00:00 0 
7e8f24000000-7e8f24021000 rw-p 00000000 00:00 0 
7e8f24021000-7e8f28000000 ---p 00000000 00:00 0 
7e8f28000000-7e8f28021000 rw-p 00000000 00:00 0 
7e8f28021000-7e8f2c000000 ---p 00000000 00:00 0 
7e8f2c000000-7e8f2c021000 rw-p 00000000 00:00 0 
7e8f2c021000-7e8f30000000 ---p 00000000 00:00 0 
7e8f30000000-7e8f30021000 rw-p 00000000 00:00 0 
7e8f30021000-7e8f34000000 ---p 00000000 00:00 0 
7e8f34000000-7e8f34021000 rw-p 00000000 00:00 0 
7e8f34021000-7e8f38000000 ---p 00000000 00:00 0 
7e8f38000000-7e8f38021000 rw-p 00000000 00:00 0 
7e8f38021000-7e8f3c000000 ---p 00000000 00:00 0 
7e8f3c000000-7e8f3c021000 rw-p 00000000 00:00 0 
7e8f3c021000-7e8f40000000 ---p 00000000 00:00 0 
7e8f40000000-7e8f40021000 rw-p 00000000 00:00 0 
7e8f40021000-7e8f44000000 ---p 00000000 00:00 0 
7e8f44000000-7e8f44021000 rw-p 00000000 00:00 0 
7e8f44021000-7e8f48000000 ---p 00000000 00:00 0 
7e8f48000000-7e8f48021000 rw-p 00000000 00:00 0 
7e8f48021000-7e8f4c000000 ---p 00000000 00:00 0 
7e8f4c000000-7e8f4c021000 rw-p 00000000 00:00 0 
7e8f4c021000-7e8f50000000 ---p 00000000 00:00 0 
7e8f50000000-7e8f50021000 rw-p 00000000 00:00 0 
7e8f50021000-7e8f54000000 ---p 00000000 00:00 0 
7e8f54000000-7e8f541d7000 rw-p 00000000 00:00 0 
7e8f541d7000-7e8f58000000 ---p 00000000 00:00 0 
7e8f58000000-7e8f5855f000 rw-p 00000000 00:00 0 
7e8f5855f000-7e8f5c000000 ---p 00000000 00:00 0 
7e8f5c000000-7e8f5c021000 rw-p 00000000 00:00 0 
7e8f5c021000-7e8f60000000 ---p 00000000 00:00 0 
7e8f60000000-7e8f60021000 rw-p 00000000 00:00 0 
7e8f60021000-7e8f64000000 ---p 00000000 00:00 0 
7e8f64000000-7e8f64021000 rw-p 00000000 00:00 0 
7e8f64021000-7e8f68000000 ---p 00000000 00:00 0 
7e8f68000000-7e8f68021000 rw-p 00000000 00:00 0 
7e8f68021000-7e8f6c000000 ---p 00000000 00:00 0 
7e8f6c000000-7e8f6c021000 rw-p 00000000 00:00 0 
7e8f6c021000-7e8f70000000 ---p 00000000 00:00 0 
7e8f70000000-7e8f70021000 rw-p 00000000 00:00 0 
7e8f70021000-7e8f74000000 ---p 00000000 00:00 0 
7e8f74001000-7e8f74003000 r--p 00000000 103:03 928951                    /usr/lib/x86_64-linux-gnu/libffi.so.8.1.4
7e8f74003000-7e8f7400a000 r-xp 00002000 103:03 928951                    /usr/lib/x86_64-linux-gnu/libffi.so.8.1.4
7e8f7400a000-7e8f7400b000 r--p 00009000 103:03 928951                    /usr/lib/x86_64-linux-gnu/libffi.so.8.1.4
7e8f7400b000-7e8f7400c000 r--p 0000a000 103:03 928951                    /usr/lib/x86_64-linux-gnu/libffi.so.8.1.4
7e8f7400c000-7e8f7400d000 rw-p 0000b000 103:03 928951                    /usr/lib/x86_64-linux-gnu/libffi.so.8.1.4
7e8f7400d000-7e8f74010000 r--p 00000000 103:03 921438                    /usr/lib/x86_64-linux-gnu/libsasl2.so.2.0.25
7e8f74010000-7e8f74020000 r-xp 00003000 103:03 921438                    /usr/lib/x86_64-linux-gnu/libsasl2.so.2.0.25
7e8f74020000-7e8f74025000 r--p 00013000 103:03 921438                    /usr/lib/x86_64-linux-gnu/libsasl2.so.2.0.25
7e8f74025000-7e8f74026000 r--p 00017000 103:03 921438                    /usr/lib/x86_64-linux-gnu/libsasl2.so.2.0.25
7e8f74026000-7e8f74027000 rw-p 00018000 103:03 921438                    /usr/lib/x86_64-linux-gnu/libsasl2.so.2.0.25
7e8f74027000-7e8f7402b000 r--p 00000000 103:03 918985                    /usr/lib/x86_64-linux-gnu/libk5crypto.so.3.1
7e8f7402b000-7e8f74046000 r-xp 00004000 103:03 918985                    /usr/lib/x86_64-linux-gnu/libk5crypto.so.3.1
7e8f74046000-7e8f74051000 r--p 0001f000 103:03 918985                    /usr/lib/x86_64-linux-gnu/libk5crypto.so.3.1
7e8f74051000-7e8f74052000 r--p 0002a000 103:03 918985                    /usr/lib/x86_64-linux-gnu/libk5crypto.so.3.1
7e8f74052000-7e8f74053000 rw-p 0002b000 103:03 918985                    /usr/lib/x86_64-linux-gnu/libk5crypto.so.3.1
7e8f74053000-7e8f74064000 r--p 00000000 103:03 927504                    /usr/lib/x86_64-linux-gnu/libunistring.so.5.0.0
7e8f74064000-7e8f7409b000 r-xp 00011000 103:03 927504                    /usr/lib/x86_64-linux-gnu/libunistring.so.5.0.0
7e8f7409b000-7e8f741fb000 r--p 00048000 103:03 927504                    /usr/lib/x86_64-linux-gnu/libunistring.so.5.0.0
7e8f741fb000-7e8f741ff000 r--p 001a8000 103:03 927504                    /usr/lib/x86_64-linux-gnu/libunistring.so.5.0.0
7e8f741ff000-7e8f74200000 rw-p 001ac000 103:03 927504                    /usr/lib/x86_64-linux-gnu/libunistring.so.5.0.0
7e8f74200000-7e8f74268000 r--p 00000000 103:03 928397                    /usr/lib/x86_64-linux-gnu/libicuuc.so.74.2
7e8f74268000-7e8f7436d000 r-xp 00068000 103:03 928397                    /usr/lib/x86_64-linux-gnu/libicuuc.so.74.2
7e8f7436d000-7e8f743f7000 r--p 0016d000 103:03 928397                    /usr/lib/x86_64-linux-gnu/libicuuc.so.74.2
7e8f743f7000-7e8f7440a000 r--p 001f7000 103:03 928397                    /usr/lib/x86_64-linux-gnu/libicuuc.so.74.2
7e8f7440a000-7e8f7440b000 rw-p 0020a000 103:03 928397                    /usr/lib/x86_64-linux-gnu/libicuuc.so.74.2
7e8f7440b000-7e8f7440d000 rw-p 00000000 00:00 0 
7e8f74413000-7e8f7441d000 r--p 00000000 103:03 927074                    /usr/lib/x86_64-linux-gnu/libgmp.so.10.5.0
7e8f7441d000-7e8f74480000 r-xp 0000a000 103:03 927074                    /usr/lib/x86_64-linux-gnu/libgmp.so.10.5.0
7e8f74480000-7e8f74495000 r--p 0006d000 103:03 927074                    /usr/lib/x86_64-linux-gnu/libgmp.so.10.5.0
7e8f74495000-7e8f74496000 r--p 00081000 103:03 927074                    /usr/lib/x86_64-linux-gnu/libgmp.so.10.5.0
7e8f74496000-7e8f74497000 rw-p 00082000 103:03 927074                    /usr/lib/x86_64-linux-gnu/libgmp.so.10.5.0
7e8f74497000-7e8f7449b000 r--p 00000000 103:03 918663                    /usr/lib/x86_64-linux-gnu/libopenjp2.so.2.5.0
7e8f7449b000-7e8f744e6000 r-xp 00004000 103:03 918663                    /usr/lib/x86_64-linux-gnu/libopenjp2.so.2.5.0
7e8f744e6000-7e8f744f6000 r--p 0004f000 103:03 918663                    /usr/lib/x86_64-linux-gnu/libopenjp2.so.2.5.0
7e8f744f6000-7e8f744f7000 r--p 0005e000 103:03 918663                    /usr/lib/x86_64-linux-gnu/libopenjp2.so.2.5.0
7e8f744f7000-7e8f744f8000 rw-p 0005f000 103:03 918663                    /usr/lib/x86_64-linux-gnu/libopenjp2.so.2.5.0
7e8f744f8000-7e8f744fb000 r--p 00000000 103:03 929453                    /usr/lib/x86_64-linux-gnu/libwebp.so.7.1.8
7e8f744fb000-7e8f7455b000 r-xp 00003000 103:03 929453                    /usr/lib/x86_64-linux-gnu/libwebp.so.7.1.8
7e8f7455b000-7e8f74570000 r--p 00063000 103:03 929453                    /usr/lib/x86_64-linux-gnu/libwebp.so.7.1.8
7e8f74570000-7e8f74571000 r--p 00077000 103:03 929453                    /usr/lib/x86_64-linux-gnu/libwebp.so.7.1.8
7e8f74571000-7e8f74572000 rw-p 00078000 103:03 929453                    /usr/lib/x86_64-linux-gnu/libwebp.so.7.1.8
7e8f74572000-7e8f74573000 rw-p 00000000 00:00 0 
7e8f74573000-7e8f7457b000 r--p 00000000 103:03 918613                    /usr/lib/x86_64-linux-gnu/libtiff.so.6.0.1
7e8f7457b000-7e8f745cb000 r-xp 00008000 103:03 918613                    /usr/lib/x86_64-linux-gnu/libtiff.so.6.0.1
7e8f745cb000-7e8f745fa000 r--p 00058000 103:03 918613                    /usr/lib/x86_64-linux-gnu/libtiff.so.6.0.1
7e8f745fa000-7e8f745ff000 r--p 00087000 103:03 918613                    /usr/lib/x86_64-linux-gnu/libtiff.so.6.0.1
7e8f745ff000-7e8f74600000 rw-p 0008c000 103:03 918613                    /usr/lib/x86_64-linux-gnu/libtiff.so.6.0.1
7e8f74600000-7e8f746b3000 r--p 00000000 103:03 927126                    /usr/lib/x86_64-linux-gnu/libcrypto.so.3
7e8f746b3000-7e8f749e7000 r-xp 000b3000 103:03 927126                    /usr/lib/x86_64-linux-gnu/libcrypto.so.3
7e8f749e7000-7e8f74ab2000 r--p 003e7000 103:03 927126                    /usr/lib/x86_64-linux-gnu/libcrypto.so.3
7e8f74ab2000-7e8f74b0e000 r--p 004b1000 103:03 927126                    /usr/lib/x86_64-linux-gnu/libcrypto.so.3
7e8f74b0e000-7e8f74b11000 rw-p 0050d000 103:03 927126                    /usr/lib/x86_64-linux-gnu/libcrypto.so.3
7e8f74b11000-7e8f74b14000 rw-p 00000000 00:00 0 
7e8f74b16000-7e8f74b1e000 r--p 00000000 103:03 921165                    /usr/lib/x86_64-linux-gnu/libhogweed.so.6.8
7e8f74b1e000-7e8f74b32000 r-xp 00008000 103:03 921165                    /usr/lib/x86_64-linux-gnu/libhogweed.so.6.8
7e8f74b32000-7e8f74b5b000 r--p 0001c000 103:03 921165                    /usr/lib/x86_64-linux-gnu/libhogweed.so.6.8
7e8f74b5b000-7e8f74b5d000 r--p 00044000 103:03 921165                    /usr/lib/x86_64-linux-gnu/libhogweed.so.6.8
7e8f74b5d000-7e8f74b5e000 rw-p 00046000 103:03 921165                    /usr/lib/x86_64-linux-gnu/libhogweed.so.6.8
7e8f74b5e000-7e8f74b63000 r--p 00000000 103:03 945353                    /usr/lib/x86_64-linux-gnu/libpng16.so.16.43.0
7e8f74b63000-7e8f74b8b000 r-xp 00005000 103:03 945353                    /usr/lib/x86_64-linux-gnu/libpng16.so.16.43.0
7e8f74b8b000-7e8f74b94000 r--p 0002d000 103:03 945353                    /usr/lib/x86_64-linux-gnu/libpng16.so.16.43.0
7e8f74b94000-7e8f74b95000 r--p 00035000 103:03 945353                    /usr/lib/x86_64-linux-gnu/libpng16.so.16.43.0
7e8f74b95000-7e8f74b96000 rw-p 00036000 103:03 945353                    /usr/lib/x86_64-linux-gnu/libpng16.so.16.43.0
7e8f74b96000-7e8f74ba4000 r--p 00000000 103:03 918567                    /usr/lib/x86_64-linux-gnu/libldap.so.2.0.200
7e8f74ba4000-7e8f74be0000 r-xp 0000e000 103:03 918567                    /usr/lib/x86_64-linux-gnu/libldap.so.2.0.200
7e8f74be0000-7e8f74bef000 r--p 0004a000 103:03 918567                    /usr/lib/x86_64-linux-gnu/libldap.so.2.0.200
7e8f74bef000-7e8f74bf1000 r--p 00058000 103:03 918567                    /usr/lib/x86_64-linux-gnu/libldap.so.2.0.200
7e8f74bf1000-7e8f74bf2000 rw-p 0005a000 103:03 918567                    /usr/lib/x86_64-linux-gnu/libldap.so.2.0.200
7e8f74bf2000-7e8f74bf4000 rw-p 00000000 00:00 0 
7e8f74bf4000-7e8f74c00000 r--p 00000000 103:03 917940                    /usr/lib/x86_64-linux-gnu/libgssapi_krb5.so.2.2
7e8f74c00000-7e8f74c3a000 r-xp 0000c000 103:03 917940                    /usr/lib/x86_64-linux-gnu/libgssapi_krb5.so.2.2
7e8f74c3a000-7e8f74c44000 r--p 00046000 103:03 917940                    /usr/lib/x86_64-linux-gnu/libgssapi_krb5.so.2.2
7e8f74c44000-7e8f74c46000 r--p 0004f000 103:03 917940                    /usr/lib/x86_64-linux-gnu/libgssapi_krb5.so.2.2
7e8f74c46000-7e8f74c48000 rw-p 00051000 103:03 917940                    /usr/lib/x86_64-linux-gnu/libgssapi_krb5.so.2.2
7e8f74c48000-7e8f74c66000 r--p 00000000 103:03 927181                    /usr/lib/x86_64-linux-gnu/libssl.so.3
7e8f74c66000-7e8f74cc8000 r-xp 0001e000 103:03 927181                    /usr/lib/x86_64-linux-gnu/libssl.so.3
7e8f74cc8000-7e8f74ce4000 r--p 00080000 103:03 927181                    /usr/lib/x86_64-linux-gnu/libssl.so.3
7e8f74ce4000-7e8f74cee000 r--p 0009c000 103:03 927181                    /usr/lib/x86_64-linux-gnu/libssl.so.3
7e8f74cee000-7e8f74cf2000 rw-p 000a6000 103:03 927181                    /usr/lib/x86_64-linux-gnu/libssl.so.3
7e8f74cf2000-7e8f74d00000 r--p 00000000 103:03 923801                    /usr/lib/x86_64-linux-gnu/libssh.so.4.9.6
7e8f74d00000-7e8f74d48000 r-xp 0000e000 103:03 923801                    /usr/lib/x86_64-linux-gnu/libssh.so.4.9.6
7e8f74d48000-7e8f74d60000 r--p 00056000 103:03 923801                    /usr/lib/x86_64-linux-gnu/libssh.so.4.9.6
7e8f74d60000-7e8f74d62000 r--p 0006d000 103:03 923801                    /usr/lib/x86_64-linux-gnu/libssh.so.4.9.6
7e8f74d62000-7e8f74d64000 rw-p 0006f000 103:03 923801                    /usr/lib/x86_64-linux-gnu/libssh.so.4.9.6
7e8f74d64000-7e8f74d93000 r--p 00000000 103:03 931037                    /usr/lib/x86_64-linux-gnu/libxml2.so.2.9.14
7e8f74d93000-7e8f74ef9000 r-xp 0002f000 103:03 931037                    /usr/lib/x86_64-linux-gnu/libxml2.so.2.9.14
7e8f74ef9000-7e8f74f3b000 r--p 00195000 103:03 931037                    /usr/lib/x86_64-linux-gnu/libxml2.so.2.9.14
7e8f74f3b000-7e8f74f44000 r--p 001d6000 103:03 931037                    /usr/lib/x86_64-linux-gnu/libxml2.so.2.9.14
7e8f74f44000-7e8f74f45000 rw-p 001df000 103:03 931037                    /usr/lib/x86_64-linux-gnu/libxml2.so.2.9.14
7e8f74f45000-7e8f74f46000 rw-p 00000000 00:00 0 
7e8f74f46000-7e8f74f4a000 r--p 00000000 103:03 927717                    /usr/lib/x86_64-linux-gnu/libzstd.so.1.5.5
7e8f74f4a000-7e8f74ff1000 r-xp 00004000 103:03 927717                    /usr/lib/x86_64-linux-gnu/libzstd.so.1.5.5
7e8f74ff1000-7e8f74ffe000 r--p 000ab000 103:03 927717                    /usr/lib/x86_64-linux-gnu/libzstd.so.1.5.5
7e8f74ffe000-7e8f74fff000 r--p 000b7000 103:03 927717                    /usr/lib/x86_64-linux-gnu/libzstd.so.1.5.5
7e8f74fff000-7e8f75000000 rw-p 000b8000 103:03 927717                    /usr/lib/x86_64-linux-gnu/libzstd.so.1.5.5
7e8f75000000-7e8f75028000 r--p 00000000 103:03 957495                    /usr/lib/x86_64-linux-gnu/liblept.so.5.0.4
7e8f75028000-7e8f7520b000 r-xp 00028000 103:03 957495                    /usr/lib/x86_64-linux-gnu/liblept.so.5.0.4
7e8f7520b000-7e8f7528f000 r--p 0020b000 103:03 957495                    /usr/lib/x86_64-linux-gnu/liblept.so.5.0.4
7e8f7528f000-7e8f75290000 r--p 0028f000 103:03 957495                    /usr/lib/x86_64-linux-gnu/liblept.so.5.0.4
7e8f75290000-7e8f75296000 rw-p 00290000 103:03 957495                    /usr/lib/x86_64-linux-gnu/liblept.so.5.0.4
7e8f7529d000-7e8f7529f000 r--p 00000000 103:03 929129                    /usr/lib/x86_64-linux-gnu/libkeyutils.so.1.10
7e8f7529f000-7e8f752a1000 r-xp 00002000 103:03 929129                    /usr/lib/x86_64-linux-gnu/libkeyutils.so.1.10
7e8f752a1000-7e8f752a2000 r--p 00004000 103:03 929129                    /usr/lib/x86_64-linux-gnu/libkeyutils.so.1.10
7e8f752a2000-7e8f752a3000 r--p 00004000 103:03 929129                    /usr/lib/x86_64-linux-gnu/libkeyutils.so.1.10
7e8f752a3000-7e8f752a4000 rw-p 00005000 103:03 929129                    /usr/lib/x86_64-linux-gnu/libkeyutils.so.1.10
7e8f752a4000-7e8f752a6000 r--p 00000000 103:03 929455                    /usr/lib/x86_64-linux-gnu/libwebpmux.so.3.0.13
7e8f752a6000-7e8f752ae000 r-xp 00002000 103:03 929455                    /usr/lib/x86_64-linux-gnu/libwebpmux.so.3.0.13
7e8f752ae000-7e8f752b0000 r--p 0000a000 103:03 929455                    /usr/lib/x86_64-linux-gnu/libwebpmux.so.3.0.13
7e8f752b0000-7e8f752b1000 r--p 0000b000 103:03 929455                    /usr/lib/x86_64-linux-gnu/libwebpmux.so.3.0.13
7e8f752b1000-7e8f752b2000 rw-p 0000c000 103:03 929455                    /usr/lib/x86_64-linux-gnu/libwebpmux.so.3.0.13
7e8f752b2000-7e8f752b3000 r--p 00000000 103:03 928841                    /usr/lib/x86_64-linux-gnu/libbrotlidec.so.1.1.0
7e8f752b3000-7e8f752bb000 r-xp 00001000 103:03 928841                    /usr/lib/x86_64-linux-gnu/libbrotlidec.so.1.1.0
7e8f752bb000-7e8f752be000 r--p 00009000 103:03 928841                    /usr/lib/x86_64-linux-gnu/libbrotlidec.so.1.1.0
7e8f752be000-7e8f752bf000 r--p 0000b000 103:03 928841                    /usr/lib/x86_64-linux-gnu/libbrotlidec.so.1.1.0
7e8f752bf000-7e8f752c0000 rw-p 0000c000 103:03 928841                    /usr/lib/x86_64-linux-gnu/libbrotlidec.so.1.1.0
7e8f752c0000-7e8f752c2000 r--p 00000000 103:03 929298                    /usr/lib/x86_64-linux-gnu/libpsl.so.5.3.4
7e8f752c2000-7e8f752c4000 r-xp 00002000 103:03 929298                    /usr/lib/x86_64-linux-gnu/libpsl.so.5.3.4
7e8f752c4000-7e8f752d2000 r--p 00004000 103:03 929298                    /usr/lib/x86_64-linux-gnu/libpsl.so.5.3.4
7e8f752d2000-7e8f752d3000 r--p 00011000 103:03 929298                    /usr/lib/x86_64-linux-gnu/libpsl.so.5.3.4
7e8f752d3000-7e8f752d4000 rw-p 00012000 103:03 929298                    /usr/lib/x86_64-linux-gnu/libpsl.so.5.3.4
7e8f752d4000-7e8f752d9000 r--p 00000000 103:03 929320                    /usr/lib/x86_64-linux-gnu/librtmp.so.1
7e8f752d9000-7e8f752ea000 r-xp 00005000 103:03 929320                    /usr/lib/x86_64-linux-gnu/librtmp.so.1
7e8f752ea000-7e8f752f0000 r--p 00016000 103:03 929320                    /usr/lib/x86_64-linux-gnu/librtmp.so.1
7e8f752f0000-7e8f752f1000 r--p 0001c000 103:03 929320                    /usr/lib/x86_64-linux-gnu/librtmp.so.1
7e8f752f1000-7e8f752f2000 rw-p 0001d000 103:03 929320                    /usr/lib/x86_64-linux-gnu/librtmp.so.1
7e8f752f2000-7e8f752f4000 r--p 00000000 103:03 927816                    /usr/lib/x86_64-linux-gnu/libidn2.so.0.4.0
7e8f752f4000-7e8f752f8000 r-xp 00002000 103:03 927816                    /usr/lib/x86_64-linux-gnu/libidn2.so.0.4.0
7e8f752f8000-7e8f75312000 r--p 00006000 103:03 927816                    /usr/lib/x86_64-linux-gnu/libidn2.so.0.4.0
7e8f75312000-7e8f75313000 r--p 0001f000 103:03 927816                    /usr/lib/x86_64-linux-gnu/libidn2.so.0.4.0
7e8f75313000-7e8f75314000 rw-p 00020000 103:03 927816                    /usr/lib/x86_64-linux-gnu/libidn2.so.0.4.0
7e8f75314000-7e8f75319000 r--p 00000000 103:03 922272                    /usr/lib/x86_64-linux-gnu/libnghttp2.so.14.26.0
7e8f75319000-7e8f7532f000 r-xp 00005000 103:03 922272                    /usr/lib/x86_64-linux-gnu/libnghttp2.so.14.26.0
7e8f7532f000-7e8f7533b000 r--p 0001b000 103:03 922272                    /usr/lib/x86_64-linux-gnu/libnghttp2.so.14.26.0
7e8f7533b000-7e8f7533e000 r--p 00026000 103:03 922272                    /usr/lib/x86_64-linux-gnu/libnghttp2.so.14.26.0
7e8f7533e000-7e8f7533f000 rw-p 00029000 103:03 922272                    /usr/lib/x86_64-linux-gnu/libnghttp2.so.14.26.0
7e8f7533f000-7e8f75350000 r--p 00000000 103:03 918119                    /usr/lib/x86_64-linux-gnu/libcurl.so.4.8.0
7e8f75350000-7e8f753dc000 r-xp 00011000 103:03 918119                    /usr/lib/x86_64-linux-gnu/libcurl.so.4.8.0
7e8f753dc000-7e8f753f9000 r--p 0009d000 103:03 918119                    /usr/lib/x86_64-linux-gnu/libcurl.so.4.8.0
7e8f753f9000-7e8f753fd000 r--p 000b9000 103:03 918119                    /usr/lib/x86_64-linux-gnu/libcurl.so.4.8.0
7e8f753fd000-7e8f75400000 rw-p 000bd000 103:03 918119                    /usr/lib/x86_64-linux-gnu/libcurl.so.4.8.0
7e8f75400000-7e8f75463000 r--p 00000000 103:03 959198                    /usr/lib/x86_64-linux-gnu/libtesseract.so.5.0.3
7e8f75463000-7e8f7566c000 r-xp 00063000 103:03 959198                    /usr/lib/x86_64-linux-gnu/libtesseract.so.5.0.3
7e8f7566c000-7e8f75700000 r--p 0026c000 103:03 959198                    /usr/lib/x86_64-linux-gnu/libtesseract.so.5.0.3
7e8f75700000-7e8f75704000 r--p 00300000 103:03 959198                    /usr/lib/x86_64-linux-gnu/libtesseract.so.5.0.3
7e8f75704000-7e8f75705000 rw-p 00304000 103:03 959198                    /usr/lib/x86_64-linux-gnu/libtesseract.so.5.0.3
7e8f75705000-7e8f75708000 rw-p 00000000 00:00 0 
7e8f7570b000-7e8f7570e000 r--p 00000000 103:03 918519                    /usr/lib/x86_64-linux-gnu/liblber.so.2.0.200
7e8f7570e000-7e8f75716000 r-xp 00003000 103:03 918519                    /usr/lib/x86_64-linux-gnu/liblber.so.2.0.200
7e8f75716000-7e8f75719000 r--p 0000b000 103:03 918519                    /usr/lib/x86_64-linux-gnu/liblber.so.2.0.200
7e8f75719000-7e8f7571a000 r--p 0000d000 103:03 918519                    /usr/lib/x86_64-linux-gnu/liblber.so.2.0.200
7e8f7571a000-7e8f7571b000 rw-p 0000e000 103:03 918519                    /usr/lib/x86_64-linux-gnu/liblber.so.2.0.200
7e8f7571b000-7e8f7571d000 r--p 00000000 103:03 934194                    /usr/lib/x86_64-linux-gnu/libbz2.so.1.0.4
7e8f7571d000-7e8f7572b000 r-xp 00002000 103:03 934194                    /usr/lib/x86_64-linux-gnu/libbz2.so.1.0.4
7e8f7572b000-7e8f7572d000 r--p 00010000 103:03 934194                    /usr/lib/x86_64-linux-gnu/libbz2.so.1.0.4
7e8f7572d000-7e8f7572e000 r--p 00011000 103:03 934194                    /usr/lib/x86_64-linux-gnu/libbz2.so.1.0.4
7e8f7572e000-7e8f7572f000 rw-p 00012000 103:03 934194                    /usr/lib/x86_64-linux-gnu/libbz2.so.1.0.4
7e8f7572f000-7e8f7573f000 r--p 00000000 103:03 923129                    /usr/lib/x86_64-linux-gnu/libarchive.so.13.7.2
7e8f7573f000-7e8f757d7000 r-xp 00010000 103:03 923129                    /usr/lib/x86_64-linux-gnu/libarchive.so.13.7.2
7e8f757d7000-7e8f757fb000 r--p 000a8000 103:03 923129                    /usr/lib/x86_64-linux-gnu/libarchive.so.13.7.2
7e8f757fb000-7e8f757ff000 r--p 000cc000 103:03 923129                    /usr/lib/x86_64-linux-gnu/libarchive.so.13.7.2
7e8f757ff000-7e8f75800000 rw-p 000d0000 103:03 923129                    /usr/lib/x86_64-linux-gnu/libarchive.so.13.7.2
7e8f75800000-7e8f75819000 r-xp 00000000 103:03 1444322                   /home/amolkatte/.cache/JNA/temp/jna9520295121138148645.tmp (deleted)
7e8f75819000-7e8f75a19000 ---p 00019000 103:03 1444322                   /home/amolkatte/.cache/JNA/temp/jna9520295121138148645.tmp (deleted)
7e8f75a19000-7e8f75a1a000 rw-p 00019000 103:03 1444322                   /home/amolkatte/.cache/JNA/temp/jna9520295121138148645.tmp (deleted)
7e8f75a1a000-7e8f75a1d000 r--p 00000000 103:03 926502                    /usr/lib/x86_64-linux-gnu/libkrb5support.so.0.1
7e8f75a1d000-7e8f75a23000 r-xp 00003000 103:03 926502                    /usr/lib/x86_64-linux-gnu/libkrb5support.so.0.1
7e8f75a23000-7e8f75a25000 r--p 00009000 103:03 926502                    /usr/lib/x86_64-linux-gnu/libkrb5support.so.0.1
7e8f75a25000-7e8f75a26000 r--p 0000a000 103:03 926502                    /usr/lib/x86_64-linux-gnu/libkrb5support.so.0.1
7e8f75a26000-7e8f75a27000 rw-p 0000b000 103:03 926502                    /usr/lib/x86_64-linux-gnu/libkrb5support.so.0.1
7e8f75a27000-7e8f75a2a000 r--p 00000000 103:03 927099                    /usr/lib/x86_64-linux-gnu/liblz4.so.1.9.4
7e8f75a2a000-7e8f75a45000 r-xp 00003000 103:03 927099                    /usr/lib/x86_64-linux-gnu/liblz4.so.1.9.4
7e8f75a45000-7e8f75a47000 r--p 0001e000 103:03 927099                    /usr/lib/x86_64-linux-gnu/liblz4.so.1.9.4
7e8f75a47000-7e8f75a48000 r--p 00020000 103:03 927099                    /usr/lib/x86_64-linux-gnu/liblz4.so.1.9.4
7e8f75a48000-7e8f75a49000 rw-p 00021000 103:03 927099                    /usr/lib/x86_64-linux-gnu/liblz4.so.1.9.4
7e8f75a49000-7e8f75a4c000 r--p 00000000 103:03 918383                    /usr/lib/x86_64-linux-gnu/liblzma.so.5.4.5
7e8f75a4c000-7e8f75a6e000 r-xp 00003000 103:03 918383                    /usr/lib/x86_64-linux-gnu/liblzma.so.5.4.5
7e8f75a6e000-7e8f75a79000 r--p 00025000 103:03 918383                    /usr/lib/x86_64-linux-gnu/liblzma.so.5.4.5
7e8f75a79000-7e8f75a7a000 r--p 00030000 103:03 918383                    /usr/lib/x86_64-linux-gnu/liblzma.so.5.4.5
7e8f75a7a000-7e8f75a7b000 rw-p 00031000 103:03 918383                    /usr/lib/x86_64-linux-gnu/liblzma.so.5.4.5
7e8f75a7b000-7e8f75a7f000 r--p 00000000 103:03 929124                    /usr/lib/x86_64-linux-gnu/libjpeg.so.8.2.2
7e8f75a7f000-7e8f75acc000 r-xp 00004000 103:03 929124                    /usr/lib/x86_64-linux-gnu/libjpeg.so.8.2.2
7e8f75acc000-7e8f75afc000 r--p 00051000 103:03 929124                    /usr/lib/x86_64-linux-gnu/libjpeg.so.8.2.2
7e8f75afc000-7e8f75afd000 r--p 00081000 103:03 929124                    /usr/lib/x86_64-linux-gnu/libjpeg.so.8.2.2
7e8f75afd000-7e8f75afe000 rw-p 00082000 103:03 929124                    /usr/lib/x86_64-linux-gnu/libjpeg.so.8.2.2
7e8f75afe000-7e8f75b28000 r--p 00000000 103:03 934856                    /usr/lib/jvm/java-17-openjdk-amd64/lib/libawt.so
7e8f75b28000-7e8f75bbf000 r-xp 0002a000 103:03 934856                    /usr/lib/jvm/java-17-openjdk-amd64/lib/libawt.so
7e8f75bbf000-7e8f75bcc000 r--p 000c1000 103:03 934856                    /usr/lib/jvm/java-17-openjdk-amd64/lib/libawt.so
7e8f75bcc000-7e8f75bcd000 r--p 000cd000 103:03 934856                    /usr/lib/jvm/java-17-openjdk-amd64/lib/libawt.so
7e8f75bcd000-7e8f75bd8000 rw-p 000ce000 103:03 934856                    /usr/lib/jvm/java-17-openjdk-amd64/lib/libawt.so
7e8f75bd8000-7e8f75bfd000 rw-p 00000000 00:00 0 
7e8f75bfd000-7e8f75c01000 ---p 00000000 00:00 0 
7e8f75c01000-7e8f75cfd000 rw-p 00000000 00:00 0 
7e8f75cfd000-7e8f75d01000 ---p 00000000 00:00 0 
7e8f75d01000-7e8f75dfd000 rw-p 00000000 00:00 0 
7e8f75dfd000-7e8f75e01000 ---p 00000000 00:00 0 
7e8f75e01000-7e8f75efd000 rw-p 00000000 00:00 0 
7e8f75efd000-7e8f75f01000 ---p 00000000 00:00 0 
7e8f75f01000-7e8f75ffd000 rw-p 00000000 00:00 0 
7e8f75ffd000-7e8f76001000 ---p 00000000 00:00 0 
7e8f76001000-7e8f760fd000 rw-p 00000000 00:00 0 
7e8f760fd000-7e8f76101000 ---p 00000000 00:00 0 
7e8f76101000-7e8f761fd000 rw-p 00000000 00:00 0 
7e8f761fd000-7e8f76201000 ---p 00000000 00:00 0 
7e8f76201000-7e8f762fd000 rw-p 00000000 00:00 0 
7e8f762fd000-7e8f76301000 ---p 00000000 00:00 0 
7e8f76301000-7e8f763fd000 rw-p 00000000 00:00 0 
7e8f763fd000-7e8f76401000 ---p 00000000 00:00 0 
7e8f76401000-7e8f764fd000 rw-p 00000000 00:00 0 
7e8f764fd000-7e8f76501000 ---p 00000000 00:00 0 
7e8f76501000-7e8f765fd000 rw-p 00000000 00:00 0 
7e8f765fd000-7e8f76601000 ---p 00000000 00:00 0 
7e8f76601000-7e8f766fd000 rw-p 00000000 00:00 0 
7e8f766fd000-7e8f76701000 ---p 00000000 00:00 0 
7e8f76701000-7e8f767fd000 rw-p 00000000 00:00 0 
7e8f767fd000-7e8f76801000 ---p 00000000 00:00 0 
7e8f76801000-7e8f768fd000 rw-p 00000000 00:00 0 
7e8f768fd000-7e8f76901000 ---p 00000000 00:00 0 
7e8f76901000-7e8f769fd000 rw-p 00000000 00:00 0 
7e8f769fd000-7e8f76a01000 ---p 00000000 00:00 0 
7e8f76a01000-7e8f76afd000 rw-p 00000000 00:00 0 
7e8f76afd000-7e8f76afe000 ---p 00000000 00:00 0 
7e8f76afe000-7e8f76bfe000 rw-p 00000000 00:00 0 
7e8f76bfe000-7e8f76bff000 ---p 00000000 00:00 0 
7e8f76bff000-7e8f76cff000 rw-p 00000000 00:00 0 
7e8f76cff000-7e8f76d03000 ---p 00000000 00:00 0 
7e8f76d03000-7e8f76dff000 rw-p 00000000 00:00 0 
7e8f76dff000-7e8f76e00000 ---p 00000000 00:00 0 
7e8f76e00000-7e8f76f00000 rw-p 00000000 00:00 0 
7e8f76f00000-7e8f76f04000 ---p 00000000 00:00 0 
7e8f76f04000-7e8f77000000 rw-p 00000000 00:00 0 
7e8f77000000-7e8f77400000 rw-p 00000000 00:00 0 
7e8f77400000-7e8f77480000 rw-p 00000000 00:00 0 
7e8f77480000-7e8f77500000 rw-p 00000000 00:00 0 
7e8f77500000-7e8f77700000 rw-p 00000000 00:00 0 
7e8f77700000-7e8f77800000 rw-p 00000000 00:00 0 
7e8f77800000-7e8f77b80000 rw-p 00000000 00:00 0 
7e8f77b80000-7e8f77c00000 rw-p 00000000 00:00 0 
7e8f77c00000-7e8f783c0000 rw-p 00000000 00:00 0 
7e8f783c0000-7e8f78400000 rw-p 00000000 00:00 0 
7e8f78400000-7e8f78780000 rw-p 00000000 00:00 0 
7e8f78780000-7e8f78800000 rw-p 00000000 00:00 0 
7e8f78800000-7e8f78d80000 rw-p 00000000 00:00 0 
7e8f78d80000-7e8f78e80000 rw-p 00000000 00:00 0 
7e8f78e80000-7e8f78f00000 rw-p 00000000 00:00 0 
7e8f78f00000-7e8f790b0000 rw-p 00000000 00:00 0 
7e8f790b0000-7e8f79100000 ---p 00000000 00:00 0 
7e8f79100000-7e8f79160000 rw-p 00000000 00:00 0 
7e8f79160000-7e8f7b000000 ---p 00000000 00:00 0 
7e8f7b000000-7e8f7bbca000 rw-p 00001000 103:03 939928                    /usr/lib/jvm/java-17-openjdk-amd64/lib/server/classes.jsa
7e8f7bbca000-7e8f7c000000 ---p 00000000 00:00 0 
7e8f7c000000-7e8f7c020000 rw-p 00000000 00:00 0 
7e8f7c020000-7e8f7c040000 rw-p 00000000 00:00 0 
7e8f7c040000-7e8f7c0c0000 rw-p 00000000 00:00 0 
7e8f7c0c0000-7e8f7c140000 rw-p 00000000 00:00 0 
7e8f7c140000-7e8f7c180000 rw-p 00000000 00:00 0 
7e8f7c180000-7e8f7c500000 rw-p 00000000 00:00 0 
7e8f7c500000-7e8f7c540000 rw-p 00000000 00:00 0 
7e8f7c540000-7e8f7c550000 rw-p 00000000 00:00 0 
7e8f7c550000-7e8fbc000000 ---p 00000000 00:00 0 
7e8fbc000000-7e8fbc021000 rw-p 00000000 00:00 0 
7e8fbc021000-7e8fc0000000 ---p 00000000 00:00 0 
7e8fc0000000-7e8fc0061000 rw-p 00000000 00:00 0 
7e8fc0061000-7e8fc4000000 ---p 00000000 00:00 0 
7e8fc4000000-7e8fc4021000 rw-p 00000000 00:00 0 
7e8fc4021000-7e8fc8000000 ---p 00000000 00:00 0 
7e8fc8000000-7e8fc8002000 r--p 00000000 103:03 918387                    /usr/lib/x86_64-linux-gnu/libgif.so.7.2.0
7e8fc8002000-7e8fc8007000 r-xp 00002000 103:03 918387                    /usr/lib/x86_64-linux-gnu/libgif.so.7.2.0
7e8fc8007000-7e8fc8009000 r--p 00007000 103:03 918387                    /usr/lib/x86_64-linux-gnu/libgif.so.7.2.0
7e8fc8009000-7e8fc800a000 r--p 00008000 103:03 918387                    /usr/lib/x86_64-linux-gnu/libgif.so.7.2.0
7e8fc800a000-7e8fc800b000 rw-p 00009000 103:03 918387                    /usr/lib/x86_64-linux-gnu/libgif.so.7.2.0
7e8fc800b000-7e8fc8017000 r--p 00000000 103:03 917521                    /usr/lib/x86_64-linux-gnu/libnettle.so.8.8
7e8fc8017000-7e8fc8046000 r-xp 0000c000 103:03 917521                    /usr/lib/x86_64-linux-gnu/libnettle.so.8.8
7e8fc8046000-7e8fc805d000 r--p 0003b000 103:03 917521                    /usr/lib/x86_64-linux-gnu/libnettle.so.8.8
7e8fc805d000-7e8fc805f000 r--p 00051000 103:03 917521                    /usr/lib/x86_64-linux-gnu/libnettle.so.8.8
7e8fc805f000-7e8fc8060000 rw-p 00053000 103:03 917521                    /usr/lib/x86_64-linux-gnu/libnettle.so.8.8
7e8fc8060000-7e8fc80f7000 rw-p 00000000 00:00 0 
7e8fc80f7000-7e8fc80f8000 ---p 00000000 00:00 0 
7e8fc80f8000-7e8fc81f8000 rw-p 00000000 00:00 0 
7e8fc81f8000-7e8fc81f9000 ---p 00000000 00:00 0 
7e8fc81f9000-7e8fc82f9000 rw-p 00000000 00:00 0 
7e8fc82f9000-7e8fc82fa000 ---p 00000000 00:00 0 
7e8fc82fa000-7e8fc83fa000 rw-p 00000000 00:00 0 
7e8fc83fa000-7e8fc83fe000 ---p 00000000 00:00 0 
7e8fc83fe000-7e8fc84fa000 rw-p 00000000 00:00 0 
7e8fc84fa000-7e8fc84fe000 ---p 00000000 00:00 0 
7e8fc84fe000-7e8fc85fa000 rw-p 00000000 00:00 0 
7e8fc85fa000-7e8fc85fe000 ---p 00000000 00:00 0 
7e8fc85fe000-7e8fc86fa000 rw-p 00000000 00:00 0 
7e8fc86fa000-7e8fc86fe000 ---p 00000000 00:00 0 
7e8fc86fe000-7e8fc87fa000 rw-p 00000000 00:00 0 
7e8fc87fa000-7e8fc87fe000 ---p 00000000 00:00 0 
7e8fc87fe000-7e8fc88fa000 rw-p 00000000 00:00 0 
7e8fc88fa000-7e8fc88fe000 ---p 00000000 00:00 0 
7e8fc88fe000-7e8fc89fa000 rw-p 00000000 00:00 0 
7e8fc89fa000-7e8fc89fe000 ---p 00000000 00:00 0 
7e8fc89fe000-7e8fc8afa000 rw-p 00000000 00:00 0 
7e8fc8afa000-7e8fc8afe000 ---p 00000000 00:00 0 
7e8fc8afe000-7e8fc8bfa000 rw-p 00000000 00:00 0 
7e8fc8bfa000-7e8fc8bfb000 ---p 00000000 00:00 0 
7e8fc8bfb000-7e8fc8cfb000 rw-p 00000000 00:00 0 
7e8fc8cfb000-7e8fc8cfc000 ---p 00000000 00:00 0 
7e8fc8cfc000-7e8fc8dfc000 rw-p 00000000 00:00 0 
7e8fc8dfc000-7e8fc8dfd000 ---p 00000000 00:00 0 
7e8fc8dfd000-7e8fc8efd000 rw-p 00000000 00:00 0 
7e8fc8efd000-7e8fc8efe000 ---p 00000000 00:00 0 
7e8fc8efe000-7e8fc8ffe000 rw-p 00000000 00:00 0 
7e8fc8ffe000-7e8fc8fff000 ---p 00000000 00:00 0 
7e8fc8fff000-7e8fc90ff000 rw-p 00000000 00:00 0 
7e8fc90ff000-7e8fc9100000 ---p 00000000 00:00 0 
7e8fc9100000-7e8fc9200000 rw-p 00000000 00:00 0 
7e8fc9200000-7e8fc9204000 ---p 00000000 00:00 0 
7e8fc9204000-7e8fc9300000 rw-p 00000000 00:00 0 
7e8fc9300000-7e8fc9304000 ---p 00000000 00:00 0 
7e8fc9304000-7e8fc9400000 rw-p 00000000 00:00 0 
7e8fc9400000-7e8fc9404000 ---p 00000000 00:00 0 
7e8fc9404000-7e8fc9500000 rw-p 00000000 00:00 0 
7e8fc9500000-7e8fc9504000 ---p 00000000 00:00 0 
7e8fc9504000-7e8fc9600000 rw-p 00000000 00:00 0 
7e8fc9600000-7e8fc9604000 ---p 00000000 00:00 0 
7e8fc9604000-7e8fc9700000 rw-p 00000000 00:00 0 
7e8fc9700000-7e8fc9704000 ---p 00000000 00:00 0 
7e8fc9704000-7e8fc9800000 rw-p 00000000 00:00 0 
7e8fc9800000-7e8fc9804000 ---p 00000000 00:00 0 
7e8fc9804000-7e8fc9900000 rw-p 00000000 00:00 0 
7e8fc9900000-7e8fc9904000 ---p 00000000 00:00 0 
7e8fc9904000-7e8fc9a00000 rw-p 00000000 00:00 0 
7e8fc9a00000-7e8fc9f75000 r--p 00000000 103:03 917845                    /usr/lib/locale/locale-archive
7e8fc9f78000-7e8fc9f83000 r--p 00000000 103:03 941302                    /usr/lib/x86_64-linux-gnu/libgomp.so.1.0.0
7e8fc9f83000-7e8fc9fbf000 r-xp 0000b000 103:03 941302                    /usr/lib/x86_64-linux-gnu/libgomp.so.1.0.0
7e8fc9fbf000-7e8fc9fcc000 r--p 00047000 103:03 941302                    /usr/lib/x86_64-linux-gnu/libgomp.so.1.0.0
7e8fc9fcc000-7e8fc9fcd000 r--p 00054000 103:03 941302                    /usr/lib/x86_64-linux-gnu/libgomp.so.1.0.0
7e8fc9fcd000-7e8fc9fce000 rw-p 00055000 103:03 941302                    /usr/lib/x86_64-linux-gnu/libgomp.so.1.0.0
7e8fc9fde000-7e8fc9fe2000 ---p 00000000 00:00 0 
7e8fc9fe2000-7e8fca000000 rw-p 00000000 00:00 0 
7e8fca000000-7e8fcc021000 rw-p 00000000 00:00 0 
7e8fcc021000-7e8fd0000000 ---p 00000000 00:00 0 
7e8fd0000000-7e8fd0021000 rw-p 00000000 00:00 0 
7e8fd0021000-7e8fd4000000 ---p 00000000 00:00 0 
7e8fd4000000-7e8fd4021000 rw-p 00000000 00:00 0 
7e8fd4021000-7e8fd8000000 ---p 00000000 00:00 0 
7e8fd8002000-7e8fd8004000 r--p 00000000 103:03 918099                    /usr/lib/x86_64-linux-gnu/libacl.so.1.1.2302
7e8fd8004000-7e8fd8009000 r-xp 00002000 103:03 918099                    /usr/lib/x86_64-linux-gnu/libacl.so.1.1.2302
7e8fd8009000-7e8fd800a000 r--p 00007000 103:03 918099                    /usr/lib/x86_64-linux-gnu/libacl.so.1.1.2302
7e8fd800a000-7e8fd800b000 r--p 00008000 103:03 918099                    /usr/lib/x86_64-linux-gnu/libacl.so.1.1.2302
7e8fd800b000-7e8fd800c000 rw-p 00009000 103:03 918099                    /usr/lib/x86_64-linux-gnu/libacl.so.1.1.2302
7e8fd800c000-7e8fd800e000 r--p 00000000 103:03 935520                    /usr/lib/jvm/java-17-openjdk-amd64/lib/libjavajpeg.so
7e8fd800e000-7e8fd8015000 r-xp 00002000 103:03 935520                    /usr/lib/jvm/java-17-openjdk-amd64/lib/libjavajpeg.so
7e8fd8015000-7e8fd8016000 r--p 00009000 103:03 935520                    /usr/lib/jvm/java-17-openjdk-amd64/lib/libjavajpeg.so
7e8fd8016000-7e8fd8017000 r--p 0000a000 103:03 935520                    /usr/lib/jvm/java-17-openjdk-amd64/lib/libjavajpeg.so
7e8fd8017000-7e8fd8018000 rw-p 0000b000 103:03 935520                    /usr/lib/jvm/java-17-openjdk-amd64/lib/libjavajpeg.so
7e8fd8018000-7e8fd801c000 ---p 00000000 00:00 0 
7e8fd801c000-7e8fd8118000 rw-p 00000000 00:00 0 
7e8fd8118000-7e8fd811c000 ---p 00000000 00:00 0 
7e8fd811c000-7e8fd8218000 rw-p 00000000 00:00 0 
7e8fd8218000-7e8fd821c000 ---p 00000000 00:00 0 
7e8fd821c000-7e8fd8318000 rw-p 00000000 00:00 0 
7e8fd8318000-7e8fd831c000 ---p 00000000 00:00 0 
7e8fd831c000-7e8fd8418000 rw-p 00000000 00:00 0 
7e8fd8418000-7e8fd841c000 ---p 00000000 00:00 0 
7e8fd841c000-7e8fd8518000 rw-p 00000000 00:00 0 
7e8fd8518000-7e8fd851c000 ---p 00000000 00:00 0 
7e8fd851c000-7e8fd8618000 rw-p 00000000 00:00 0 
7e8fd8618000-7e8fd861c000 ---p 00000000 00:00 0 
7e8fd861c000-7e8fd8718000 rw-p 00000000 00:00 0 
7e8fd8718000-7e8fd871c000 ---p 00000000 00:00 0 
7e8fd871c000-7e8fd8818000 rw-p 00000000 00:00 0 
7e8fd8818000-7e8fd8819000 ---p 00000000 00:00 0 
7e8fd8819000-7e8fd8919000 rw-p 00000000 00:00 0 
7e8fd8919000-7e8fd891e000 r--p 00000000 103:03 935532                    /usr/lib/jvm/java-17-openjdk-amd64/lib/libjsvml.so
7e8fd891e000-7e8fd895f000 r-xp 00005000 103:03 935532                    /usr/lib/jvm/java-17-openjdk-amd64/lib/libjsvml.so
7e8fd895f000-7e8fd89e8000 r--p 00046000 103:03 935532                    /usr/lib/jvm/java-17-openjdk-amd64/lib/libjsvml.so
7e8fd89e8000-7e8fd89e9000 r--p 000ce000 103:03 935532                    /usr/lib/jvm/java-17-openjdk-amd64/lib/libjsvml.so
7e8fd89e9000-7e8fd89ea000 rw-p 000cf000 103:03 935532                    /usr/lib/jvm/java-17-openjdk-amd64/lib/libjsvml.so
7e8fd89ea000-7e8fd8b07000 rw-p 00000000 00:00 0 
7e8fd8b07000-7e8fd8b08000 ---p 00000000 00:00 0 
7e8fd8b08000-7e8fd8c08000 rw-p 00000000 00:00 0 
7e8fd8c08000-7e8fd8c09000 ---p 00000000 00:00 0 
7e8fd8c09000-7e8fd8d09000 rw-p 00000000 00:00 0 
7e8fd8d09000-7e8fd9713000 rw-p 00000000 00:00 0 
7e8fd9713000-7e8fd9714000 ---p 00000000 00:00 0 
7e8fd9714000-7e8fd9814000 rw-p 00000000 00:00 0 
7e8fd9814000-7e8fd9815000 ---p 00000000 00:00 0 
7e8fd9815000-7e8fd9915000 rw-p 00000000 00:00 0 
7e8fd9915000-7e8fd9eb5000 rw-p 00000000 00:00 0 
7e8fd9eb5000-7e8fdd2dd000 ---p 00000000 00:00 0 
7e8fdd2dd000-7e8fdd88d000 rw-p 00000000 00:00 0 
7e8fdd88d000-7e8fe0cb5000 ---p 00000000 00:00 0 
7e8fe0cb5000-7e8fe0d79000 rw-p 00000000 00:00 0 
7e8fe0d79000-7e8fe13fe000 ---p 00000000 00:00 0 
7e8fe13fe000-7e8fe1400000 rw-p 00000000 00:00 0 
7e8fe1400000-7e8fe1e90000 rwxp 00000000 00:00 0 
7e8fe1e90000-7e8fe4400000 ---p 00000000 00:00 0 
7e8fe4400000-7e8febeef000 r--s 00000000 103:03 935569                    /usr/lib/jvm/java-17-openjdk-amd64/lib/modules
7e8febef4000-7e8febef7000 r--p 00000000 103:03 934858                    /usr/lib/jvm/java-17-openjdk-amd64/lib/libawt_headless.so
7e8febef7000-7e8febefb000 r-xp 00003000 103:03 934858                    /usr/lib/jvm/java-17-openjdk-amd64/lib/libawt_headless.so
7e8febefb000-7e8febefd000 r--p 00007000 103:03 934858                    /usr/lib/jvm/java-17-openjdk-amd64/lib/libawt_headless.so
7e8febefd000-7e8febefe000 r--p 00008000 103:03 934858                    /usr/lib/jvm/java-17-openjdk-amd64/lib/libawt_headless.so
7e8febefe000-7e8febeff000 rw-p 00009000 103:03 934858                    /usr/lib/jvm/java-17-openjdk-amd64/lib/libawt_headless.so
7e8febeff000-7e8febf00000 ---p 00000000 00:00 0 
7e8febf00000-7e8fec000000 rw-p 00000000 00:00 0 
7e8fec000000-7e8fec771000 rw-p 00000000 00:00 0 
7e8fec771000-7e8ff0000000 ---p 00000000 00:00 0 
7e8ff0000000-7e8ff0001000 r--p 00000000 103:03 929341                    /usr/lib/x86_64-linux-gnu/libsharpyuv.so.0.0.1
7e8ff0001000-7e8ff0004000 r-xp 00001000 103:03 929341                    /usr/lib/x86_64-linux-gnu/libsharpyuv.so.0.0.1
7e8ff0004000-7e8ff0005000 r--p 00004000 103:03 929341                    /usr/lib/x86_64-linux-gnu/libsharpyuv.so.0.0.1
7e8ff0005000-7e8ff0006000 r--p 00004000 103:03 929341                    /usr/lib/x86_64-linux-gnu/libsharpyuv.so.0.0.1
7e8ff0006000-7e8ff0007000 rw-p 00005000 103:03 929341                    /usr/lib/x86_64-linux-gnu/libsharpyuv.so.0.0.1
7e8ff0007000-7e8ff0134000 rw-p 00000000 00:00 0 
7e8ff0134000-7e8ff07b9000 ---p 00000000 00:00 0 
7e8ff07b9000-7e8ff086f000 rw-p 00000000 00:00 0 
7e8ff086f000-7e8ff0ef4000 ---p 00000000 00:00 0 
7e8ff0ef4000-7e8ff1900000 rw-p 00000000 00:00 0 
7e8ff1900000-7e8ff1904000 ---p 00000000 00:00 0 
7e8ff1904000-7e8ff1a00000 rw-p 00000000 00:00 0 
7e8ff1a00000-7e8ff1a9d000 r--p 00000000 103:03 937879                    /usr/lib/x86_64-linux-gnu/libstdc++.so.6.0.33
7e8ff1a9d000-7e8ff1be5000 r-xp 0009d000 103:03 937879                    /usr/lib/x86_64-linux-gnu/libstdc++.so.6.0.33
7e8ff1be5000-7e8ff1c6c000 r--p 001e5000 103:03 937879                    /usr/lib/x86_64-linux-gnu/libstdc++.so.6.0.33
7e8ff1c6c000-7e8ff1c77000 r--p 0026b000 103:03 937879                    /usr/lib/x86_64-linux-gnu/libstdc++.so.6.0.33
7e8ff1c77000-7e8ff1c7a000 rw-p 00276000 103:03 937879                    /usr/lib/x86_64-linux-gnu/libstdc++.so.6.0.33
7e8ff1c7a000-7e8ff1c7e000 rw-p 00000000 00:00 0 
7e8ff1c80000-7e8ff1c82000 r--p 00000000 103:03 921406                    /usr/lib/x86_64-linux-gnu/libcom_err.so.2.1
7e8ff1c82000-7e8ff1c83000 r-xp 00002000 103:03 921406                    /usr/lib/x86_64-linux-gnu/libcom_err.so.2.1
7e8ff1c83000-7e8ff1c84000 r--p 00003000 103:03 921406                    /usr/lib/x86_64-linux-gnu/libcom_err.so.2.1
7e8ff1c84000-7e8ff1c85000 r--p 00003000 103:03 921406                    /usr/lib/x86_64-linux-gnu/libcom_err.so.2.1
7e8ff1c85000-7e8ff1c86000 rw-p 00004000 103:03 921406                    /usr/lib/x86_64-linux-gnu/libcom_err.so.2.1
7e8ff1c86000-7e8ff1c8a000 r--p 00000000 103:03 935566                    /usr/lib/jvm/java-17-openjdk-amd64/lib/libverify.so
7e8ff1c8a000-7e8ff1c91000 r-xp 00004000 103:03 935566                    /usr/lib/jvm/java-17-openjdk-amd64/lib/libverify.so
7e8ff1c91000-7e8ff1c93000 r--p 0000b000 103:03 935566                    /usr/lib/jvm/java-17-openjdk-amd64/lib/libverify.so
7e8ff1c93000-7e8ff1c95000 r--p 0000c000 103:03 935566                    /usr/lib/jvm/java-17-openjdk-amd64/lib/libverify.so
7e8ff1c95000-7e8ff1c96000 rw-p 0000e000 103:03 935566                    /usr/lib/jvm/java-17-openjdk-amd64/lib/libverify.so
7e8ff1c96000-7e8ff1c98000 r--p 00000000 103:03 935543                    /usr/lib/jvm/java-17-openjdk-amd64/lib/libmanagement_ext.so
7e8ff1c98000-7e8ff1c9b000 r-xp 00002000 103:03 935543                    /usr/lib/jvm/java-17-openjdk-amd64/lib/libmanagement_ext.so
7e8ff1c9b000-7e8ff1c9d000 r--p 00005000 103:03 935543                    /usr/lib/jvm/java-17-openjdk-amd64/lib/libmanagement_ext.so
7e8ff1c9d000-7e8ff1c9e000 r--p 00006000 103:03 935543                    /usr/lib/jvm/java-17-openjdk-amd64/lib/libmanagement_ext.so
7e8ff1c9e000-7e8ff1c9f000 rw-p 00007000 103:03 935543                    /usr/lib/jvm/java-17-openjdk-amd64/lib/libmanagement_ext.so
7e8ff1c9f000-7e8ff1ca3000 r--p 00000000 103:03 935547                    /usr/lib/jvm/java-17-openjdk-amd64/lib/libnet.so
7e8ff1ca3000-7e8ff1cb1000 r-xp 00004000 103:03 935547                    /usr/lib/jvm/java-17-openjdk-amd64/lib/libnet.so
7e8ff1cb1000-7e8ff1cb5000 r--p 00012000 103:03 935547                    /usr/lib/jvm/java-17-openjdk-amd64/lib/libnet.so
7e8ff1cb5000-7e8ff1cb6000 r--p 00015000 103:03 935547                    /usr/lib/jvm/java-17-openjdk-amd64/lib/libnet.so
7e8ff1cb6000-7e8ff1cb7000 rw-p 00016000 103:03 935547                    /usr/lib/jvm/java-17-openjdk-amd64/lib/libnet.so
7e8ff1cb7000-7e8ff1ccd000 rw-p 00000000 00:00 0 
7e8ff1ccd000-7e8ff1d17000 ---p 00000000 00:00 0 
7e8ff1d17000-7e8ff1d27000 r--p 00000000 103:03 959533                    /usr/lib/x86_64-linux-gnu/libm.so.6
7e8ff1d27000-7e8ff1da6000 r-xp 00010000 103:03 959533                    /usr/lib/x86_64-linux-gnu/libm.so.6
7e8ff1da6000-7e8ff1dfe000 r--p 0008f000 103:03 959533                    /usr/lib/x86_64-linux-gnu/libm.so.6
7e8ff1dfe000-7e8ff1dff000 r--p 000e7000 103:03 959533                    /usr/lib/x86_64-linux-gnu/libm.so.6
7e8ff1dff000-7e8ff1e00000 rw-p 000e8000 103:03 959533                    /usr/lib/x86_64-linux-gnu/libm.so.6
7e8ff1e00000-7e8ff2051000 r--p 00000000 103:03 939931                    /usr/lib/jvm/java-17-openjdk-amd64/lib/server/libjvm.so
7e8ff2051000-7e8ff2dc4000 r-xp 00251000 103:03 939931                    /usr/lib/jvm/java-17-openjdk-amd64/lib/server/libjvm.so
7e8ff2dc4000-7e8ff3046000 r--p 00fc4000 103:03 939931                    /usr/lib/jvm/java-17-openjdk-amd64/lib/server/libjvm.so
7e8ff3046000-7e8ff30fe000 r--p 01245000 103:03 939931                    /usr/lib/jvm/java-17-openjdk-amd64/lib/server/libjvm.so
7e8ff30fe000-7e8ff3133000 rw-p 012fd000 103:03 939931                    /usr/lib/jvm/java-17-openjdk-amd64/lib/server/libjvm.so
7e8ff3133000-7e8ff318d000 rw-p 00000000 00:00 0 
7e8ff318f000-7e8ff3191000 r--p 00000000 103:03 935537                    /usr/lib/jvm/java-17-openjdk-amd64/lib/libmanagement.so
7e8ff3191000-7e8ff3192000 r-xp 00002000 103:03 935537                    /usr/lib/jvm/java-17-openjdk-amd64/lib/libmanagement.so
7e8ff3192000-7e8ff3193000 r--p 00003000 103:03 935537                    /usr/lib/jvm/java-17-openjdk-amd64/lib/libmanagement.so
7e8ff3193000-7e8ff3194000 r--p 00003000 103:03 935537                    /usr/lib/jvm/java-17-openjdk-amd64/lib/libmanagement.so
7e8ff3194000-7e8ff3195000 rw-p 00004000 103:03 935537                    /usr/lib/jvm/java-17-openjdk-amd64/lib/libmanagement.so
7e8ff3195000-7e8ff319c000 r--p 00000000 103:03 935550                    /usr/lib/jvm/java-17-openjdk-amd64/lib/libnio.so
7e8ff319c000-7e8ff31a5000 r-xp 00007000 103:03 935550                    /usr/lib/jvm/java-17-openjdk-amd64/lib/libnio.so
7e8ff31a5000-7e8ff31a9000 r--p 00010000 103:03 935550                    /usr/lib/jvm/java-17-openjdk-amd64/lib/libnio.so
7e8ff31a9000-7e8ff31aa000 r--p 00014000 103:03 935550                    /usr/lib/jvm/java-17-openjdk-amd64/lib/libnio.so
7e8ff31aa000-7e8ff31ab000 rw-p 00015000 103:03 935550                    /usr/lib/jvm/java-17-openjdk-amd64/lib/libnio.so
7e8ff31ab000-7e8ff31ad000 r--p 00000000 103:03 935567                    /usr/lib/jvm/java-17-openjdk-amd64/lib/libzip.so
7e8ff31ad000-7e8ff31b2000 r-xp 00002000 103:03 935567                    /usr/lib/jvm/java-17-openjdk-amd64/lib/libzip.so
7e8ff31b2000-7e8ff31b4000 r--p 00007000 103:03 935567                    /usr/lib/jvm/java-17-openjdk-amd64/lib/libzip.so
7e8ff31b4000-7e8ff31b5000 r--p 00008000 103:03 935567                    /usr/lib/jvm/java-17-openjdk-amd64/lib/libzip.so
7e8ff31b5000-7e8ff31b6000 rw-p 00009000 103:03 935567                    /usr/lib/jvm/java-17-openjdk-amd64/lib/libzip.so
7e8ff31b6000-7e8ff31b8000 r--p 00000000 103:03 934860                    /usr/lib/jvm/java-17-openjdk-amd64/lib/libdt_socket.so
7e8ff31b8000-7e8ff31bb000 r-xp 00002000 103:03 934860                    /usr/lib/jvm/java-17-openjdk-amd64/lib/libdt_socket.so
7e8ff31bb000-7e8ff31bc000 r--p 00005000 103:03 934860                    /usr/lib/jvm/java-17-openjdk-amd64/lib/libdt_socket.so
7e8ff31bc000-7e8ff31bd000 r--p 00006000 103:03 934860                    /usr/lib/jvm/java-17-openjdk-amd64/lib/libdt_socket.so
7e8ff31bd000-7e8ff31be000 rw-p 00007000 103:03 934860                    /usr/lib/jvm/java-17-openjdk-amd64/lib/libdt_socket.so
7e8ff31be000-7e8ff31c5000 r--s 00000000 103:03 959518                    /usr/lib/x86_64-linux-gnu/gconv/gconv-modules.cache
7e8ff31c5000-7e8ff31cd000 rw-s 00000000 103:03 2273000                   /tmp/hsperfdata_amolkatte/192125
7e8ff31cd000-7e8ff31ce000 r--p 00000000 103:03 935492                    /usr/lib/jvm/java-17-openjdk-amd64/lib/libinstrument.so
7e8ff31ce000-7e8ff31d4000 r-xp 00001000 103:03 935492                    /usr/lib/jvm/java-17-openjdk-amd64/lib/libinstrument.so
7e8ff31d4000-7e8ff31d7000 r--p 00007000 103:03 935492                    /usr/lib/jvm/java-17-openjdk-amd64/lib/libinstrument.so
7e8ff31d7000-7e8ff31d8000 r--p 00009000 103:03 935492                    /usr/lib/jvm/java-17-openjdk-amd64/lib/libinstrument.so
7e8ff31d8000-7e8ff31d9000 rw-p 0000a000 103:03 935492                    /usr/lib/jvm/java-17-openjdk-amd64/lib/libinstrument.so
7e8ff31d9000-7e8ff31e5000 r--p 00000000 103:03 935517                    /usr/lib/jvm/java-17-openjdk-amd64/lib/libjava.so
7e8ff31e5000-7e8ff31f7000 r-xp 0000c000 103:03 935517                    /usr/lib/jvm/java-17-openjdk-amd64/lib/libjava.so
7e8ff31f7000-7e8ff31fd000 r--p 0001e000 103:03 935517                    /usr/lib/jvm/java-17-openjdk-amd64/lib/libjava.so
7e8ff31fd000-7e8ff31fe000 r--p 00023000 103:03 935517                    /usr/lib/jvm/java-17-openjdk-amd64/lib/libjava.so
7e8ff31fe000-7e8ff31ff000 rw-p 00024000 103:03 935517                    /usr/lib/jvm/java-17-openjdk-amd64/lib/libjava.so
7e8ff31ff000-7e8ff3200000 rw-p 00000000 00:00 0 
7e8ff3200000-7e8ff3228000 r--p 00000000 103:03 959530                    /usr/lib/x86_64-linux-gnu/libc.so.6
7e8ff3228000-7e8ff33b1000 r-xp 00028000 103:03 959530                    /usr/lib/x86_64-linux-gnu/libc.so.6
7e8ff33b1000-7e8ff3400000 r--p 001b1000 103:03 959530                    /usr/lib/x86_64-linux-gnu/libc.so.6
7e8ff3400000-7e8ff3404000 r--p 001ff000 103:03 959530                    /usr/lib/x86_64-linux-gnu/libc.so.6
7e8ff3404000-7e8ff3406000 rw-p 00203000 103:03 959530                    /usr/lib/x86_64-linux-gnu/libc.so.6
7e8ff3406000-7e8ff3413000 rw-p 00000000 00:00 0 
7e8ff3417000-7e8ff341a000 r--p 00000000 103:03 935521                    /usr/lib/jvm/java-17-openjdk-amd64/lib/libjdwp.so
7e8ff341a000-7e8ff3448000 r-xp 00003000 103:03 935521                    /usr/lib/jvm/java-17-openjdk-amd64/lib/libjdwp.so
7e8ff3448000-7e8ff3456000 r--p 00031000 103:03 935521                    /usr/lib/jvm/java-17-openjdk-amd64/lib/libjdwp.so
7e8ff3456000-7e8ff3457000 r--p 0003f000 103:03 935521                    /usr/lib/jvm/java-17-openjdk-amd64/lib/libjdwp.so
7e8ff3457000-7e8ff3458000 rw-p 00040000 103:03 935521                    /usr/lib/jvm/java-17-openjdk-amd64/lib/libjdwp.so
7e8ff3458000-7e8ff3459000 rw-p 00000000 00:00 0 
7e8ff3459000-7e8ff345d000 r--p 00000000 103:03 943155                    /usr/lib/x86_64-linux-gnu/libgcc_s.so.1
7e8ff345d000-7e8ff3481000 r-xp 00004000 103:03 943155                    /usr/lib/x86_64-linux-gnu/libgcc_s.so.1
7e8ff3481000-7e8ff3485000 r--p 00028000 103:03 943155                    /usr/lib/x86_64-linux-gnu/libgcc_s.so.1
7e8ff3485000-7e8ff3486000 r--p 0002b000 103:03 943155                    /usr/lib/x86_64-linux-gnu/libgcc_s.so.1
7e8ff3486000-7e8ff3487000 rw-p 0002c000 103:03 943155                    /usr/lib/x86_64-linux-gnu/libgcc_s.so.1
7e8ff3487000-7e8ff3489000 rw-p 00000000 00:00 0 
7e8ff3489000-7e8ff348b000 r--p 00000000 103:03 935526                    /usr/lib/jvm/java-17-openjdk-amd64/lib/libjli.so
7e8ff348b000-7e8ff3495000 r-xp 00002000 103:03 935526                    /usr/lib/jvm/java-17-openjdk-amd64/lib/libjli.so
7e8ff3495000-7e8ff3498000 r--p 0000c000 103:03 935526                    /usr/lib/jvm/java-17-openjdk-amd64/lib/libjli.so
7e8ff3498000-7e8ff3499000 r--p 0000f000 103:03 935526                    /usr/lib/jvm/java-17-openjdk-amd64/lib/libjli.so
7e8ff3499000-7e8ff349a000 rw-p 00010000 103:03 935526                    /usr/lib/jvm/java-17-openjdk-amd64/lib/libjli.so
7e8ff349a000-7e8ff349c000 r--p 00000000 103:03 919362                    /usr/lib/x86_64-linux-gnu/libz.so.1.3
7e8ff349c000-7e8ff34ae000 r-xp 00002000 103:03 919362                    /usr/lib/x86_64-linux-gnu/libz.so.1.3
7e8ff34ae000-7e8ff34b4000 r--p 00014000 103:03 919362                    /usr/lib/x86_64-linux-gnu/libz.so.1.3
7e8ff34b4000-7e8ff34b5000 r--p 0001a000 103:03 919362                    /usr/lib/x86_64-linux-gnu/libz.so.1.3
7e8ff34b5000-7e8ff34b6000 rw-p 0001b000 103:03 919362                    /usr/lib/x86_64-linux-gnu/libz.so.1.3
7e8ff34b6000-7e8ff34b7000 r--p 00000000 103:03 934862                    /usr/lib/jvm/java-17-openjdk-amd64/lib/libextnet.so
7e8ff34b7000-7e8ff34b8000 r-xp 00001000 103:03 934862                    /usr/lib/jvm/java-17-openjdk-amd64/lib/libextnet.so
7e8ff34b8000-7e8ff34b9000 r--p 00002000 103:03 934862                    /usr/lib/jvm/java-17-openjdk-amd64/lib/libextnet.so
7e8ff34b9000-7e8ff34ba000 r--p 00002000 103:03 934862                    /usr/lib/jvm/java-17-openjdk-amd64/lib/libextnet.so
7e8ff34ba000-7e8ff34bb000 rw-p 00003000 103:03 934862                    /usr/lib/jvm/java-17-openjdk-amd64/lib/libextnet.so
7e8ff34bb000-7e8ff34bc000 ---p 00000000 00:00 0 
7e8ff34bc000-7e8ff34bd000 r--p 00000000 00:00 0 
7e8ff34bd000-7e8ff34be000 ---p 00000000 00:00 0 
7e8ff34be000-7e8ff34c0000 r--p 00000000 103:03 935523                    /usr/lib/jvm/java-17-openjdk-amd64/lib/libjimage.so
7e8ff34c0000-7e8ff34c3000 r-xp 00002000 103:03 935523                    /usr/lib/jvm/java-17-openjdk-amd64/lib/libjimage.so
7e8ff34c3000-7e8ff34c4000 r--p 00005000 103:03 935523                    /usr/lib/jvm/java-17-openjdk-amd64/lib/libjimage.so
7e8ff34c4000-7e8ff34c5000 r--p 00006000 103:03 935523                    /usr/lib/jvm/java-17-openjdk-amd64/lib/libjimage.so
7e8ff34c5000-7e8ff34c6000 rw-p 00007000 103:03 935523                    /usr/lib/jvm/java-17-openjdk-amd64/lib/libjimage.so
7e8ff34c6000-7e8ff34c8000 rw-p 00000000 00:00 0 
7e8ff34c8000-7e8ff34cc000 r--p 00000000 00:00 0                          [vvar]
7e8ff34cc000-7e8ff34ce000 r--p 00000000 00:00 0                          [vvar_vclock]
7e8ff34ce000-7e8ff34d0000 r-xp 00000000 00:00 0                          [vdso]
7e8ff34d0000-7e8ff34d1000 r--p 00000000 103:03 959527                    /usr/lib/x86_64-linux-gnu/ld-linux-x86-64.so.2
7e8ff34d1000-7e8ff34fc000 r-xp 00001000 103:03 959527                    /usr/lib/x86_64-linux-gnu/ld-linux-x86-64.so.2
7e8ff34fc000-7e8ff3506000 r--p 0002c000 103:03 959527                    /usr/lib/x86_64-linux-gnu/ld-linux-x86-64.so.2
7e8ff3506000-7e8ff3508000 r--p 00036000 103:03 959527                    /usr/lib/x86_64-linux-gnu/ld-linux-x86-64.so.2
7e8ff3508000-7e8ff350a000 rw-p 00038000 103:03 959527                    /usr/lib/x86_64-linux-gnu/ld-linux-x86-64.so.2
7ffcad6a6000-7ffcad6c9000 rw-p 00000000 00:00 0                          [stack]
ffffffffff600000-ffffffffff601000 --xp 00000000 00:00 0                  [vsyscall]


VM Arguments:
jvm_args: -XX:+ShowCodeDetailsInExceptionMessages -agentlib:jdwp=transport=dt_socket,suspend=y,address=localhost:45241 -Dcom.sun.management.jmxremote -Dcom.sun.management.jmxremote.port=39115 -Dcom.sun.management.jmxremote.authenticate=false -Dcom.sun.management.jmxremote.ssl=false -Djava.rmi.server.hostname=localhost -Dspring.jmx.enabled=true -Dmanagement.endpoints.jmx.exposure.include=* -Dspring.application.admin.enabled=true -Djava.security.egd=file:/dev/./urandom -XX:TieredStopAtLevel=1 -Dspring.boot.project.name=OCR_Reader -javaagent:/home/amolkatte/spring-tool-suite-4-4.25.0.RELEASE-e4.33.0-linux.gtk.x86_64/sts-4.25.0.RELEASE/configuration/org.eclipse.osgi/267/0/.cp/lib/javaagent-shaded.jar -Dfile.encoding=UTF-8 -Dstdout.encoding=UTF-8 -Dstderr.encoding=UTF-8 
java_command: com.OCR.Reader.OcrReaderApplication --spring.output.ansi.enabled=always
java_class_path (initial): /home/amolkatte/OCR_Reader/target/classes:/home/amolkatte/Downloads/Tess4J-3.4.8-src/Tess4J/dist/tess4j-3.4.8.jar:/home/amolkatte/.m2/repository/org/springframework/boot/spring-boot-starter-web/3.3.4/spring-boot-starter-web-3.3.4.jar:/home/amolkatte/.m2/repository/org/springframework/boot/spring-boot-starter/3.3.4/spring-boot-starter-3.3.4.jar:/home/amolkatte/.m2/repository/org/springframework/boot/spring-boot-starter-logging/3.3.4/spring-boot-starter-logging-3.3.4.jar:/home/amolkatte/.m2/repository/ch/qos/logback/logback-classic/1.5.8/logback-classic-1.5.8.jar:/home/amolkatte/.m2/repository/ch/qos/logback/logback-core/1.5.8/logback-core-1.5.8.jar:/home/amolkatte/.m2/repository/org/apache/logging/log4j/log4j-to-slf4j/2.23.1/log4j-to-slf4j-2.23.1.jar:/home/amolkatte/.m2/repository/org/apache/logging/log4j/log4j-api/2.23.1/log4j-api-2.23.1.jar:/home/amolkatte/.m2/repository/org/slf4j/jul-to-slf4j/2.0.16/jul-to-slf4j-2.0.16.jar:/home/amolkatte/.m2/repository/jakarta/annotation/jakarta.annotation-api/2.1.1/jakarta.annotation-api-2.1.1.jar:/home/amolkatte/.m2/repository/org/yaml/snakeyaml/2.2/snakeyaml-2.2.jar:/home/amolkatte/.m2/repository/org/springframework/boot/spring-boot-starter-json/3.3.4/spring-boot-starter-json-3.3.4.jar:/home/amolkatte/.m2/repository/com/fasterxml/jackson/core/jackson-databind/2.17.2/jackson-databind-2.17.2.jar:/home/amolkatte/.m2/repository/com/fasterxml/jackson/core/jackson-annotations/2.17.2/jackson-annotations-2.17.2.jar:/home/amolkatte/.m2/repository/com/fasterxml/jackson/core/jackson-core/2.17.2/jackson-core-2.17.2.jar:/home/amolkatte/.m2/repository/com/fasterxml/jackson/datatype/jackson-datatype-jdk8/2.17.2/jackson-datatype-jdk8-2.17.2.jar:/home/amolkatte/.m2/repository/com/fasterxml/jackson/datatype/jackson-datatype-jsr310/2.17.2/jackson-datatype-jsr310-2.17.2.jar:/home/amolkatte/.m2/repository/com/fasterxml/jackson/module/jackson-module-parameter-names/2.17.2/jackson-module-parameter-names-2.17.2.jar:/home/
Launcher Type: SUN_STANDARD

[Global flags]
     intx CICompilerCount                          = 4                                         {product} {ergonomic}
     uint ConcGCThreads                            = 3                                         {product} {ergonomic}
     uint G1ConcRefinementThreads                  = 10                                        {product} {ergonomic}
   size_t G1HeapRegionSize                         = 2097152                                   {product} {ergonomic}
    uintx GCDrainStackTargetSize                   = 64                                        {product} {ergonomic}
   size_t InitialHeapSize                          = 243269632                                 {product} {ergonomic}
     bool ManagementServer                         = true                                      {product} {command line}
   size_t MarkStackSize                            = 4194304                                   {product} {ergonomic}
   size_t MaxHeapSize                              = 3881828352                                {product} {ergonomic}
   size_t MaxNewSize                               = 2327838720                                {product} {ergonomic}
   size_t MinHeapDeltaBytes                        = 2097152                                   {product} {ergonomic}
   size_t MinHeapSize                              = 8388608                                   {product} {ergonomic}
    uintx NonProfiledCodeHeapSize                  = 0                                      {pd product} {ergonomic}
     bool ProfileInterpreter                       = false                                  {pd product} {command line}
    uintx ProfiledCodeHeapSize                     = 0                                      {pd product} {ergonomic}
     bool ShowCodeDetailsInExceptionMessages       = true                                   {manageable} {command line}
   size_t SoftMaxHeapSize                          = 3881828352                             {manageable} {ergonomic}
     intx TieredStopAtLevel                        = 1                                         {product} {command line}
     bool UseCompressedClassPointers               = true                           {product lp64_product} {ergonomic}
     bool UseCompressedOops                        = true                           {product lp64_product} {ergonomic}
     bool UseG1GC                                  = true                                      {product} {ergonomic}

Logging:
Log output configuration:
 #0: stdout all=warning uptime,level,tags
 #1: stderr all=off uptime,level,tags

Environment Variables:
PATH=/usr/local/sbin:/usr/local/bin:/usr/sbin:/usr/bin:/sbin:/bin:/usr/games:/usr/local/games:/snap/bin:/snap/bin
USERNAME=amolkatte
SHELL=/bin/bash
DISPLAY=:0
LANG=en_US.UTF-8

Active Locale:
LC_ALL=en_US.UTF-8
LC_COLLATE=en_US.UTF-8
LC_CTYPE=en_US.UTF-8
LC_MESSAGES=en_US.UTF-8
LC_MONETARY=en_US.UTF-8
LC_NUMERIC=en_US.UTF-8
LC_TIME=en_US.UTF-8

Signal Handlers:
   SIGSEGV: crash_handler in libjvm.so, mask=11100100010111111101111111111110, flags=SA_RESTART|SA_SIGINFO, unblocked
    SIGBUS: crash_handler in libjvm.so, mask=11100100010111111101111111111110, flags=SA_RESTART|SA_SIGINFO, unblocked
    SIGFPE: crash_handler in libjvm.so, mask=11100100010111111101111111111110, flags=SA_RESTART|SA_SIGINFO, unblocked
   SIGPIPE: javaSignalHandler in libjvm.so, mask=11100100010111111101111111111110, flags=SA_RESTART|SA_SIGINFO, blocked
   SIGXFSZ: javaSignalHandler in libjvm.so, mask=11100100010111111101111111111110, flags=SA_RESTART|SA_SIGINFO, blocked
    SIGILL: crash_handler in libjvm.so, mask=11100100010111111101111111111110, flags=SA_RESTART|SA_SIGINFO, unblocked
   SIGUSR2: SR_handler in libjvm.so, mask=00000000000000000000000000000000, flags=SA_RESTART|SA_SIGINFO, blocked
    SIGHUP: UserHandler in libjvm.so, mask=11100100010111111101111111111110, flags=SA_RESTART|SA_SIGINFO, blocked
    SIGINT: UserHandler in libjvm.so, mask=11100100010111111101111111111110, flags=SA_RESTART|SA_SIGINFO, blocked
   SIGTERM: UserHandler in libjvm.so, mask=11100100010111111101111111111110, flags=SA_RESTART|SA_SIGINFO, blocked
   SIGQUIT: UserHandler in libjvm.so, mask=11100100010111111101111111111110, flags=SA_RESTART|SA_SIGINFO, blocked
   SIGTRAP: crash_handler in libjvm.so, mask=11100100010111111101111111111110, flags=SA_RESTART|SA_SIGINFO, unblocked


Periodic native trim disabled


---------------  S Y S T E M  ---------------

OS:
DISTRIB_ID=Ubuntu
DISTRIB_RELEASE=24.04
DISTRIB_CODENAME=noble
DISTRIB_DESCRIPTION="Ubuntu 24.04.4 LTS"
uname: Linux 7.0.0-34-generic #34~24.04.1-Ubuntu SMP PREEMPT_DYNAMIC Fri Sep  4 15:38:29 UTC 2 x86_64
OS uptime: 0 days 8:56 hours
libc: glibc 2.39 NPTL 2.39 
rlimit (soft/hard): STACK 8192k/infinity , CORE 0k/infinity , NPROC 52084/52084 , NOFILE 1048576/1048576 , AS infinity/infinity , CPU infinity/infinity , DATA infinity/infinity , FSIZE infinity/infinity , MEMLOCK 1894456k/1894456k
load average: 2.47 2.06 1.40

/proc/meminfo:
MemTotal:       15155672 kB
MemFree:         1422608 kB
MemAvailable:    2522412 kB
Buffers:           46584 kB
Cached:          1410772 kB
SwapCached:        48548 kB
Active:          7023628 kB
Inactive:        4047208 kB
Active(anon):    6411212 kB
Inactive(anon):  3453904 kB
Active(file):     612416 kB
Inactive(file):   593304 kB
Unevictable:          64 kB
Mlocked:              64 kB
SwapTotal:       4194300 kB
SwapFree:         352584 kB
Zswap:                 0 kB
Zswapped:              0 kB
Dirty:              4844 kB
Writeback:             0 kB
AnonPages:       9565840 kB
Mapped:           592600 kB
Shmem:            251656 kB
KReclaimable:     226628 kB
Slab:             633324 kB
SReclaimable:     226628 kB
SUnreclaim:       406696 kB
KernelStack:       57600 kB
PageTables:       188700 kB
SecPageTables:      3688 kB
NFS_Unstable:          0 kB
Bounce:                0 kB
WritebackTmp:          0 kB
CommitLimit:    11772136 kB
Committed_AS:   84565016 kB
VmallocTotal:   34359738367 kB
VmallocUsed:      129536 kB
VmallocChunk:          0 kB
Percpu:            16752 kB
HardwareCorrupted:     0 kB
AnonHugePages:         0 kB
ShmemHugePages:        0 kB
ShmemPmdMapped:        0 kB
FileHugePages:         0 kB
FilePmdMapped:         0 kB
CmaTotal:              0 kB
CmaFree:            7936 kB
Unaccepted:            0 kB
Balloon:               0 kB
HugePages_Total:       0
HugePages_Free:        0
HugePages_Rsvd:        0
HugePages_Surp:        0
Hugepagesize:       2048 kB
Hugetlb:               0 kB
DirectMap4k:    11811648 kB
DirectMap2M:     3735552 kB
DirectMap1G:           0 kB

/sys/kernel/mm/transparent_hugepage/enabled: always [madvise] never
/sys/kernel/mm/transparent_hugepage/hpage_pmd_size: 2097152
/sys/kernel/mm/transparent_hugepage/defrag (defrag/compaction efforts parameter): always defer defer+madvise [madvise] never

Process Memory:
Virtual Size: 9497332K (peak: 9557872K)
Resident Set Size: 576268K (peak: 598672K) (anon: 542368K, file: 33900K, shmem: 0K)
Swapped out: 0K
C-Heap outstanding allocations: 198675K, retained: 10860K
glibc malloc tunables: (default)

/proc/sys/kernel/threads-max (system-wide limit on the number of threads): 104169
/proc/sys/vm/max_map_count (maximum number of memory map areas a process may have): 1048576
/proc/sys/vm/swappiness (control to define how aggressively the kernel swaps out anonymous memory): 60
/proc/sys/kernel/pid_max (system-wide limit on number of process identifiers): 4194304

container (cgroup) information:
container_type: cgroupv2
cpu_cpuset_cpus: not supported
cpu_memory_nodes: not supported
active_processor_count: 12
cpu_quota: not supported
cpu_period: not supported
cpu_shares: not supported
memory_limit_in_bytes: unlimited
memory_and_swap_limit_in_bytes: unlimited
memory_soft_limit_in_bytes: 0
memory_usage_in_bytes: 2778664 k
memory_max_usage_in_bytes: not supported
rss_usage_in_bytes: 2226424 k
cache_usage_in_bytes: 480064 k
memory_swap_current_in_bytes: 175956 k
memory_swap_max_limit_in_bytes: unlimited
maximum number of tasks: 15625
current number of tasks: 363

Steal ticks since vm start: 0
Steal ticks percentage since vm start:  0.000

CPU: total 12 (initial active 12) (12 cores per cpu, 2 threads per core) family 25 model 80 stepping 0 microcode 0xa500012, cx8, cmov, fxsr, ht, mmx, 3dnowpref, sse, sse2, sse3, ssse3, sse4a, sse4.1, sse4.2, popcnt, lzcnt, tsc, tscinvbit, avx, avx2, aes, erms, clmul, bmi1, bmi2, adx, sha, fma, vzeroupper, clflush, clflushopt
CPU Model and flags from /proc/cpuinfo:
model name	: AMD Ryzen 5 5625U with Radeon Graphics
flags		: fpu vme de pse tsc msr pae mce cx8 apic sep mtrr pge mca cmov pat pse36 clflush mmx fxsr sse sse2 ht syscall nx mmxext fxsr_opt pdpe1gb rdtscp lm constant_tsc rep_good nopl xtopology nonstop_tsc cpuid extd_apicid aperfmperf rapl pni pclmulqdq monitor ssse3 fma cx16 sse4_1 sse4_2 movbe popcnt aes xsave avx f16c rdrand lahf_lm cmp_legacy svm extapic cr8_legacy abm sse4a misalignsse 3dnowprefetch osvw ibs skinit wdt tce topoext perfctr_core perfctr_nb bpext perfctr_llc mwaitx cpb cat_l3 cdp_l3 hw_pstate ssbd mba ibrs ibpb stibp vmmcall fsgsbase bmi1 avx2 smep bmi2 erms invpcid cqm rdt_a rdseed adx smap clflushopt clwb sha_ni xsaveopt xsavec xgetbv1 xsaves cqm_llc cqm_occup_llc cqm_mbm_total cqm_mbm_local user_shstk clzero irperf xsaveerptr rdpru wbnoinvd cppc arat npt lbrv svm_lock nrip_save tsc_scale vmcb_clean flushbyasid decodeassists pausefilter pfthreshold avic v_vmsave_vmload vgif v_spec_ctrl umip pku ospke vaes vpclmulqdq rdpid overflow_recov succor smca fsrm debug_swap

Online cpus: 0-11
Offline cpus: 
BIOS frequency limitation: <Not Available>
Frequency switch latency (ns): 0
Available cpu frequencies: <Not Available>
Current governor: powersave
Core performance/turbo boost: 1

Memory: 4k page, physical 15155672k(1422608k free), swap 4194300k(352584k free)
Page Sizes: 4k

vm_info: OpenJDK 64-Bit Server VM (17.0.20.1+1-1-24.04-Ubuntu) for linux-amd64 JRE (17.0.20.1+1-1-24.04-Ubuntu), built on Aug 27 2026 21:59:30 by "buildd" with gcc 13.3.0

END.
